vm_id,vm_category,core_count_bucket,memory_bucket,provisioned_vcpu,provisioned_memory_gb,telemetry_readings,cpu_typical_utilization_pct,cpu_peak_utilization_pct,cpu_utilization_std_pct,cpu_idle_fraction,cpu_saturation_fraction,memory_typical_utilization_pct,memory_peak_utilization_pct,memory_utilization_std_pct,memory_idle_fraction,memory_saturation_fraction,business_hours_cpu_uplift_pct_points,cpu_burstiness_raw,cpu_burstiness_capped
vm_00000,Interactive,large_8_16,xxlarge_64_128,8,64,555,36.71344144144144,64.77,6.263247610152207,0.0,0.0,37.98464864864865,47.27,1.0788861471757174,0.0,0.0,2.371497027732204,1.7642039933333202,1.7642039933333202
vm_00001,Delay-Insensitive,xlarge_16_32,xxlarge_64_128,16,64,557,56.01319569120287,100.0,10.905365809465298,0.0,0.05745062836624776,47.48664272890485,61.47,2.3362164355295887,0.0,0.0,1.4489854726051021,1.7852936038731577,1.7852936038731577
vm_00002,Delay-Insensitive,large_8_16,medium_8_16,8,8,557,14.043123877917415,31.77,3.8928910407934576,0.008976660682226212,0.0,75.83664272890485,82.02,0.8640431372281722,0.0,0.0,-0.3451051721845477,2.262317150812706,2.262317150812706
vm_00004,Interactive,large_8_16,small_4_8,8,4,555,27.124486486486486,88.32,19.58601930504965,0.11171171171171171,0.0,60.80544144144144,78.39,3.641546307126119,0.0,0.0,30.754163459996793,3.256098508777349,3.256098508777349
vm_00005,Interactive,medium_4_8,xlarge_32_64,4,32,560,35.706089285714285,63.89,6.302990875868407,0.0,0.0,32.476142857142854,37.73,1.8183409000870006,0.0,0.0,2.5760639190393775,1.7893306513844929,1.7893306513844929
vm_00006,Interactive,small_2_4,xxlarge_64_128,2,64,561,35.55231729055258,63.42,5.967004660679886,0.0,0.0,30.28836007130125,36.29,1.0397689400480123,0.0,0.0,0.9308771355203973,1.783849966282023,1.783849966282023
vm_00007,Interactive,xxlarge_32_64,medium_8_16,32,8,560,27.004160714285714,78.28,19.89469662638907,0.11071428571428571,0.0,57.53925,75.33,2.752251862213754,0.0,0.0,27.943327806944826,2.8988125507114315,2.8988125507114315
vm_00008,Delay-Insensitive,large_8_16,xlarge_32_64,8,32,564,14.01549645390071,27.94,4.0648837449142015,0.0070921985815602835,0.0,75.29654255319149,81.85,1.437991097966443,0.0,0.0,-0.5670544454961544,1.993507692852643,1.993507692852643
vm_00009,Interactive,small_2_4,xlarge_32_64,2,32,559,4.931914132379249,15.26,2.4137283033437393,0.5330948121645797,0.0,19.493828264758495,22.77,0.7728834058152739,0.0,0.0,-0.421523457116427,3.094133350743941,3.094133350743941
vm_00010,Interactive,xlarge_16_32,medium_8_16,16,8,560,35.29210714285715,62.02,5.97140920815638,0.0,0.0,25.228125,34.02,1.5210677513522897,0.0,0.0,1.0424953886692947,1.7573334385774235,1.7573334385774235
vm_00011,Delay-Insensitive,large_8_16,xxlarge_64_128,8,64,563,54.89333925399645,100.0,11.408991297386809,0.0,0.05328596802841918,46.889698046181174,71.86,5.976675430113116,0.0,0.0,-0.10994143503554454,1.8217146444178034,1.8217146444178034
vm_00012,Interactive,xxlarge_32_64,xlarge_32_64,32,32,561,5.067344028520499,13.75,2.5059536047048097,0.48841354723707664,0.0,17.975935828877006,22.0,0.8042249304341772,0.0,0.0,0.10400816497435272,2.7134530283736344,2.7134530283736344
vm_00013,Interactive,small_2_4,xlarge_32_64,2,32,559,5.079033989266547,14.2,2.464032332895073,0.4883720930232558,0.0,13.100143112701252,18.16,0.791704966307272,0.0,0.0,-0.2126231150479807,2.795807240118626,2.795807240118626
vm_00014,Interactive,small_2_4,medium_8_16,2,8,564,35.6654609929078,60.64,5.9918809751317115,0.0,0.0,37.34994680851064,44.11,1.4574002367559773,0.0,0.0,0.41177703149514855,1.7002443908424025,1.7002443908424025
vm_00015,Interactive,small_2_4,medium_8_16,2,8,565,34.11582300884955,100.0,29.377945367420978,0.1752212389380531,0.033628318584070796,25.488902654867257,35.57,3.653195948436138,0.0,0.0,42.52182250109743,2.931191194597893,2.931191194597893
vm_00016,Delay-Insensitive,xlarge_16_32,large_16_32,16,16,560,13.528732142857143,31.47,4.014091101355906,0.02142857142857143,0.0,86.29185714285715,89.92,0.8146374113276269,0.0,0.0,-0.48284122489644155,2.3261603280848036,2.3261603280848036
vm_00017,Interactive,large_8_16,xxlarge_64_128,8,64,563,27.551207815275312,80.88,19.926227301766062,0.12255772646536411,0.0,67.46761989342806,83.38,5.3795727070154955,0.0,0.0,33.07361637180786,2.9356244757864087,2.9356244757864087
vm_00019,Interactive,small_2_4,medium_8_16,2,8,559,35.84239713774598,57.89,6.023002887055828,0.0,0.0,39.6795885509839,47.35,1.116217214449252,0.0,0.0,0.9135042735042731,1.615126348204972,1.615126348204972
vm_00021,Delay-Insensitive,large_8_16,medium_8_16,8,8,558,53.86035842293907,97.78,10.839275294952904,0.0,0.007168458781362007,40.10073476702509,54.82,2.5713116195407926,0.0,0.0,0.927368504772005,1.8154353751637047,1.8154353751637047
vm_00023,Delay-Insensitive,medium_4_8,large_16_32,4,16,556,55.0330035971223,96.77,11.422461756721743,0.0,0.007194244604316547,44.43778776978417,65.44,3.1709275020639707,0.0,0.0,1.4139889314601959,1.758399390816825,1.758399390816825
vm_00025,Interactive,medium_4_8,xxlarge_64_128,4,64,562,35.90905693950178,62.23,6.038841686364461,0.0,0.0,42.1370640569395,52.87,1.4618528128759405,0.0,0.0,1.7999179728317642,1.732988981159899,1.732988981159899
vm_00028,Interactive,large_8_16,medium_8_16,8,8,554,4.990956678700361,13.77,2.4532386952290337,0.47653429602888087,0.0,19.35541516245487,23.4,0.8373385834164224,0.0,0.0,0.06729821968424599,2.758990086763424,2.758990086763424
vm_00029,Interactive,xxlarge_32_64,small_4_8,32,4,560,27.23682142857143,93.19,20.009606706292516,0.13392857142857142,0.0035714285714285713,62.324285714285715,73.44,2.440874251090086,0.0,0.0,33.02882544177022,3.4214711964239584,3.4214711964239584
vm_00030,Delay-Insensitive,medium_4_8,medium_8_16,4,8,561,55.175347593582885,99.93,11.266176382462184,0.0,0.0035650623885918,28.576417112299467,50.47,2.628888174276246,0.0,0.0,-0.25288367978770765,1.811134942657294,1.811134942657294
vm_00031,Interactive,small_2_4,medium_8_16,2,8,557,27.053482944344704,81.29,20.09415164403124,0.11490125673249552,0.0,79.61285457809694,98.14,7.197921382761243,0.0,0.19210053859964094,34.36883978194389,3.0047887056624987,3.0047887056624987
vm_00032,Interactive,large_8_16,small_4_8,8,4,555,35.91252252252252,59.53,5.836358445724762,0.0,0.0,29.598846846846847,39.84,2.9287421869808536,0.0,0.0,1.4626354489164086,1.6576390578708524,1.6576390578708524
vm_00033,Interactive,small_2_4,small_4_8,2,4,561,33.414616755793226,100.0,29.429562279601317,0.1800356506238859,0.12121212121212122,28.26288770053476,37.91,1.5404022676868798,0.0,0.0,51.8305974025974,2.9927022874701263,2.9927022874701263
vm_00034,Delay-Insensitive,xxlarge_32_64,xxlarge_64_128,32,64,556,55.353597122302155,100.0,11.02180722953204,0.0,0.023381294964028777,51.427643884892085,69.42,4.7327771809081645,0.0,0.0,0.8120572584078332,1.8065673271251537,1.8065673271251537
vm_00035,Interactive,small_2_4,small_4_8,2,4,553,35.61455696202531,58.85,5.81761342266811,0.0,0.0,36.23609403254973,43.16,1.1037485233222533,0.0,0.0,2.1237464709203877,1.6524142098061172,1.6524142098061172
vm_00036,Interactive,xxlarge_32_64,small_4_8,32,4,561,4.91536541889483,15.58,2.3857639350385393,0.5187165775401069,0.0,23.810071301247774,29.71,2.820464753099827,0.0,0.0,0.2271251658558162,3.1696524413240885,3.1696524413240885
vm_00037,Interactive,medium_4_8,xxlarge_64_128,4,64,553,4.93880650994575,12.63,2.466868215043584,0.49005424954792043,0.0,20.399222423146476,23.26,0.8155365949834267,0.0,0.0,-0.15574788398296402,2.557297997920298,2.557297997920298
vm_00038,Interactive,xxlarge_32_64,xxlarge_64_128,32,64,568,5.138961267605634,15.17,2.488679089495087,0.4894366197183099,0.0,20.877077464788734,25.68,0.8127395575120504,0.0,0.0,0.31232998075133533,2.951958423120801,2.951958423120801
vm_00039,Delay-Insensitive,xlarge_16_32,xxlarge_64_128,16,64,559,54.821019677996425,100.0,10.981305711219775,0.0,0.03577817531305903,44.089230769230774,57.09,4.109843976063074,0.0,0.0,0.7418691268081403,1.8241178399703701,1.8241178399703701
vm_00040,Interactive,xxlarge_32_64,xxlarge_64_128,32,64,556,27.073723021582733,89.96,19.725122664565447,0.12050359712230216,0.0,61.37406474820145,72.49,2.130638450044757,0.0,0.0,28.70740740740741,3.3227790624985465,3.3227790624985465
vm_00041,Interactive,small_2_4,small_4_8,2,4,561,27.12673796791444,89.09,19.41853821234831,0.1140819964349376,0.0,69.92622103386809,87.67,3.1078277865828907,0.0,0.0,31.94442797773073,3.284213535198218,3.284213535198218
vm_00042,Interactive,xxlarge_32_64,large_16_32,32,16,557,26.946032315978456,88.54,20.290499155805882,0.1490125673249551,0.0,69.4942908438061,86.63,2.8915181858073886,0.0,0.0,29.08290606028331,3.2858269804529834,3.2858269804529834
vm_00043,Interactive,xlarge_16_32,large_16_32,16,16,561,27.35235294117647,87.78,20.624448412283037,0.13725490196078433,0.0,73.74515151515152,84.96,2.6495858207737157,0.0,0.0,30.48350309731044,3.2092303060280867,3.2092303060280867
vm_00045,Delay-Insensitive,xxlarge_32_64,large_16_32,32,16,559,4.028568872987477,11.44,1.985357084021004,0.6636851520572451,0.0,17.37567084078712,21.11,0.8084718575848133,0.0,0.0,-0.0763913043478257,2.839718113473981,2.839718113473981
vm_00046,Interactive,xxlarge_32_64,xxlarge_64_128,32,64,557,35.43543985637343,59.32,6.193505303514936,0.0,0.0,43.336768402154405,51.01,2.751841496947726,0.0,0.0,1.7669585351009474,1.6740302996219387,1.6740302996219387
vm_00047,Interactive,medium_4_8,small_4_8,4,4,565,35.794176991150444,63.01,6.230868384076369,0.0,0.0,28.053893805309738,37.99,1.0254350690810563,0.0,0.0,0.6585357833655721,1.7603421924068332,1.7603421924068332
vm_00048,Interactive,small_2_4,xlarge_32_64,2,32,561,35.79827094474154,58.04,6.119779411117982,0.0,0.0,29.24417112299465,35.0,1.2252851268554605,0.0,0.0,1.3702301173402773,1.621307355586837,1.621307355586837
vm_00049,Interactive,large_8_16,xxlarge_64_128,8,64,560,35.83394642857142,66.12,6.122336239924436,0.0,0.0,31.87857142857143,38.52,1.8450887559275255,0.0,0.0,2.0549531914893606,1.8451777320089047,1.8451777320089047
vm_00050,Interactive,small_2_4,xlarge_32_64,2,32,554,27.24967509025271,84.0,20.195900150675403,0.1299638989169675,0.0,66.62093862815884,80.96,1.9957791409848367,0.0,0.0,33.90205475040258,3.082605562150246,3.082605562150246
vm_00051,Interactive,small_2_4,xlarge_32_64,2,32,565,27.532442477876106,77.29,19.609006345027456,0.11150442477876106,0.0,65.44283185840708,77.86,3.6855635242363984,0.0,0.0,27.50863325328582,2.8072336866628143,2.8072336866628143
vm_00052,Delay-Insensitive,large_8_16,large_16_32,8,16,552,4.015416666666667,10.59,1.9371375331772498,0.7010869565217391,0.0,13.119619565217391,15.85,0.7741115393361522,0.0,0.0,-0.1595465838509318,2.6373352703123376,2.6373352703123376
vm_00053,Interactive,medium_4_8,large_16_32,4,16,560,27.242,85.81,20.039966781971987,0.11964285714285715,0.0,69.07733928571429,83.51,4.936510274987255,0.0,0.0,32.638309269721695,3.1499155715439393,3.1499155715439393
vm_00054,Interactive,xlarge_16_32,xlarge_32_64,16,32,558,35.74569892473118,60.36,6.202430646122766,0.0,0.0,36.935967741935485,43.51,1.575041094000591,0.0,0.0,2.044547526513412,1.6885947628859779,1.6885947628859779
vm_00055,Interactive,xxlarge_32_64,xlarge_32_64,32,32,554,27.209620938628156,85.26,19.634957027431266,0.12274368231046931,0.0,50.82483754512635,71.5,5.670978916580015,0.0,0.0,26.708993360462628,3.1334504876898372,3.1334504876898372
vm_00056,Interactive,xlarge_16_32,xxlarge_64_128,16,64,553,26.85376130198915,79.54,19.934484303592267,0.12296564195298372,0.0,73.25526220614829,92.74,5.997379498245748,0.0,0.02531645569620253,33.34372566967291,2.961968683102438,2.961968683102438
vm_00057,Interactive,medium_4_8,small_4_8,4,4,562,27.523202846975092,89.84,19.789370768864416,0.11921708185053381,0.0,62.25656583629894,72.97,2.821320367009891,0.0,0.0,28.4689070442992,3.26415499313423,3.26415499313423
vm_00058,Interactive,medium_4_8,xlarge_32_64,4,32,552,33.72733695652174,100.0,28.971278178913863,0.18115942028985507,0.08514492753623189,35.00702898550725,45.56,2.9439977164583992,0.0,0.0,50.995417478882395,2.9649539223601034,2.9649539223601034
vm_00059,Delay-Insensitive,xlarge_16_32,medium_8_16,16,8,555,55.161585585585584,100.0,10.68625428737201,0.0,0.012612612612612612,41.35131531531531,54.59,2.860549333720622,0.0,0.0,-0.11094274921638458,1.8128557933644907,1.8128557933644907
vm_00060,Interactive,small_2_4,large_16_32,2,16,556,27.339892086330934,90.12,20.553949489768954,0.12589928057553956,0.0017985611510791368,62.8866726618705,73.4,2.741448273924309,0.0,0.0,29.029379523201357,3.296282213383611,3.296282213383611
vm_00061,Interactive,large_8_16,xlarge_32_64,8,32,564,33.31524822695035,100.0,29.395126596282136,0.19326241134751773,0.11347517730496454,30.360886524822696,39.66,1.4484519553749324,0.0,0.0,44.71672643654403,3.0016285431457495,3.0016285431457495
vm_00062,Interactive,small_2_4,small_4_8,2,4,545,33.97308256880734,100.0,29.607683230694107,0.20550458715596331,0.09724770642201835,31.4325871559633,41.5,1.645876672858938,0.0,0.0,51.38024816555363,2.943506813003063,2.943506813003063
vm_00063,Delay-Insensitive,small_2_4,medium_8_16,2,8,563,55.99811722912966,100.0,11.063414974467191,0.0,0.019538188277087035,28.586074600355243,39.76,2.8415780616667767,0.0,0.0,0.5010921280836627,1.78577432506929,1.78577432506929
vm_00064,Delay-Insensitive,xxlarge_32_64,small_4_8,32,4,555,14.270756756756757,27.81,3.9065034367546305,0.007207207207207207,0.0,84.50985585585586,87.88,0.7982858310114423,0.0,0.0,-0.05964590375020329,1.9487403838505504,1.9487403838505504
vm_00065,Interactive,xxlarge_32_64,medium_8_16,32,8,559,33.26309481216458,100.0,29.292092531081117,0.18425760286225404,0.11449016100178891,30.62171735241503,41.07,1.501114610577431,0.0,0.0,45.75279475982532,3.006334815347043,3.006334815347043
vm_00066,Interactive,large_8_16,small_4_8,8,4,561,33.40078431372549,100.0,29.122086079091925,0.1925133689839572,0.058823529411764705,22.876238859180035,31.35,1.5339221227163717,0.0,0.0,43.49068607231432,2.993941670971681,2.993941670971681
vm_00067,Interactive,xlarge_16_32,large_16_32,16,16,553,33.98947558770344,100.0,29.554746938052432,0.16455696202531644,0.06329113924050633,31.44135623869801,41.82,1.5884414262196633,0.0,0.0,52.23525999297316,2.942087168775783,2.942087168775783
vm_00069,Interactive,medium_4_8,small_4_8,4,4,563,27.506110124333926,83.45,19.415299392497314,0.10657193605683836,0.0,50.263570159857906,65.9,6.023904623331442,0.0,0.0,26.842676811028735,3.0338713697715476,3.0338713697715476
vm_00071,Interactive,large_8_16,xxlarge_64_128,8,64,558,4.914408602150537,17.54,2.4892209833278542,0.546594982078853,0.0,15.776774193548388,20.68,0.7687666374237223,0.0,0.0,0.24267414988445069,3.5690967967792755,3.5305158581406437
vm_00072,Interactive,large_8_16,xxlarge_64_128,8,64,561,27.83395721925134,80.79,19.88987796302131,0.1051693404634581,0.0,66.9702495543672,86.71,5.542346293548583,0.0,0.0,32.67193447330635,2.9025696692571494,2.9025696692571494
vm_00073,Interactive,small_2_4,large_16_32,2,16,559,35.51543828264759,62.38,5.840387082046665,0.0,0.0,37.68824686940966,44.68,0.9984429472306321,0.0,0.0,0.0876016548463383,1.7564192648715844,1.7564192648715844
vm_00074,Interactive,small_2_4,small_4_8,2,4,559,35.394007155635066,60.68,6.182132686952661,0.0,0.0,38.98792486583184,45.39,1.634735952966676,0.0,0.0,1.1516910524095678,1.7144145259726309,1.7144145259726309
vm_00075,Interactive,xlarge_16_32,medium_8_16,16,8,557,5.0733393177737875,15.36,2.491654989017671,0.47755834829443444,0.0,16.58028725314183,20.13,0.8578192549551196,0.0,0.0,-0.1741511206371884,3.0275916980731465,3.0275916980731465
vm_00077,Interactive,medium_4_8,medium_8_16,4,8,565,5.08458407079646,12.91,2.429188722546236,0.46371681415929206,0.0,12.61295575221239,16.82,0.7844810859923881,0.0,0.0,-0.02773823339780801,2.5390474068762425,2.5390474068762425
vm_00078,Delay-Insensitive,small_2_4,small_4_8,2,4,555,54.86365765765766,100.0,11.09683155375486,0.0,0.014414414414414415,36.420882882882886,52.29,2.5623129032295515,0.0,0.0,-0.1738562631621008,1.8227002039125326,1.8227002039125326
vm_00079,Interactive,large_8_16,xxlarge_64_128,8,64,554,27.352743682310468,78.9,19.904496608186843,0.11913357400722022,0.0,66.6856678700361,82.2,2.480349900536664,0.0,0.0,33.42175952764359,2.8845369560138905,2.8845369560138905
vm_00081,Interactive,xlarge_16_32,medium_8_16,16,8,560,4.9519464285714285,15.28,2.4653711809252528,0.5285714285714286,0.0,18.669142857142855,23.39,0.7628235711253625,0.0,0.0,-0.36848296888141263,3.085655351971988,3.085655351971988
vm_00083,Delay-Insensitive,large_8_16,large_16_32,8,16,556,55.52602517985612,96.83,10.805401595118868,0.0,0.03237410071942446,34.65462230215827,53.39,2.9008649908131097,0.0,0.0,-1.9387086584912723,1.7438669468299748,1.7438669468299748
vm_00085,Interactive,medium_4_8,xlarge_32_64,4,32,562,35.561138790035585,59.77,6.046040361132165,0.0,0.0,28.299679715302492,34.3,1.0616329049460043,0.0,0.0,0.91558932099408,1.6807673216794696,1.6807673216794696
vm_00086,Interactive,large_8_16,xlarge_32_64,8,32,558,5.025627240143369,15.4,2.4880816554117198,0.4731182795698925,0.0,15.602168458781362,19.19,0.794814518480837,0.0,0.0,-0.08494459172852586,3.064294119744678,3.064294119744678
vm_00087,Interactive,large_8_16,medium_8_16,8,8,555,34.30335135135135,100.0,29.89136859606808,0.17657657657657658,0.11531531531531532,37.68666666666667,51.95,2.3896361418620566,0.0,0.0,46.870988977260595,2.915167062709183,2.915167062709183
vm_00088,Delay-Insensitive,small_2_4,xxlarge_64_128,2,64,558,14.016559139784945,31.01,3.9389866903058257,0.007168458781362007,0.0,87.01808243727598,93.92,1.1861700419485806,0.0,0.05734767025089606,-0.3808484092326889,2.2123832026635166,2.2123832026635166
vm_00089,Interactive,small_2_4,xlarge_32_64,2,32,558,34.17041218637993,100.0,29.395142095666266,0.18458781362007168,0.07885304659498207,27.015501792114694,40.85,3.094505238991185,0.0,0.0,41.32292823384566,2.926508449899801,2.926508449899801
vm_00091,Interactive,xlarge_16_32,xxlarge_64_128,16,64,557,5.052010771992818,11.96,2.4721506190636924,0.47755834829443444,0.0,17.221938958707362,22.07,0.7957107427924529,0.0,0.0,-0.14443398484244074,2.3673742079695237,2.3673742079695237
vm_00092,Interactive,xxlarge_32_64,xlarge_32_64,32,32,563,33.728117229129666,100.0,29.232003722711095,0.18294849023090587,0.0586145648312611,37.12866785079929,49.57,3.8636754625449647,0.0,0.0,46.85973621759767,2.964885330558383,2.964885330558383
vm_00094,Interactive,xlarge_16_32,small_4_8,16,4,551,26.941506352087114,83.35,19.903419918547932,0.11796733212341198,0.0,58.60453720508167,81.39,4.161090472676016,0.0,0.0,27.999498706603134,3.09373941125393,3.09373941125393
vm_00095,Delay-Insensitive,medium_4_8,xxlarge_64_128,4,64,554,14.126750902527077,33.54,4.210137028697054,0.01444043321299639,0.0,81.11332129963898,84.51,0.7491949733901729,0.0,0.0,0.10907697050111942,2.3742189716108157,2.3742189716108157
vm_00097,Interactive,xlarge_16_32,xlarge_32_64,16,32,564,4.9964007092198575,15.28,2.599179947680765,0.5035460992907801,0.0,15.16136524822695,19.29,0.7955159063765868,0.0,0.0,-0.38060182370820606,3.0582014712718735,3.0582014712718735
vm_00098,Interactive,small_2_4,medium_8_16,2,8,558,4.984444444444445,14.19,2.3797708871578505,0.503584229390681,0.0,12.481487455197133,17.09,0.8596939723263132,0.0,0.0,0.31642743221690495,2.8468568880962994,2.8468568880962994
vm_00099,Interactive,xlarge_16_32,xxlarge_64_128,16,64,556,35.5796582733813,65.39,6.349177493027537,0.0,0.0,29.629892086330937,36.1,1.050865789362551,0.0,0.0,1.6167801531801445,1.8378478932418845,1.8378478932418845
vm_00100,Delay-Insensitive,medium_4_8,xlarge_32_64,4,32,563,55.11671403197158,100.0,11.180320011220978,0.0,0.019538188277087035,35.43337477797514,48.97,3.3742902741100194,0.0,0.0,-0.021069415218342158,1.8143316733648698,1.8143316733648698
vm_00101,Interactive,xlarge_16_32,medium_8_16,16,8,562,27.35870106761566,81.81,19.99822793182321,0.1298932384341637,0.0,66.40080071174377,84.69,5.944323996155116,0.0,0.0,33.39455336668752,2.9902735439745727,2.9902735439745727
vm_00104,Interactive,xxlarge_32_64,xlarge_32_64,32,32,560,35.648125,58.05,6.242832990001854,0.0,0.0,36.75783928571428,43.38,1.24139938171796,0.0,0.0,2.2734950972681034,1.628416641828988,1.628416641828988
vm_00105,Interactive,xlarge_16_32,medium_8_16,16,8,556,26.952338129496404,89.09,20.620190977892072,0.13848920863309352,0.0,55.40994604316547,67.35,2.427846299653467,0.0,0.0,28.85623256743257,3.3054646157952687,3.3054646157952687
vm_00106,Interactive,medium_4_8,large_16_32,4,16,560,5.168607142857143,12.75,2.521651613111837,0.4714285714285714,0.0,15.860767857142859,19.41,0.8343452327904767,0.0,0.0,0.005410127641765072,2.466815458710208,2.466815458710208
vm_00107,Interactive,medium_4_8,small_4_8,4,4,553,33.55602169981917,100.0,29.742559008781207,0.19349005424954793,0.039783001808318265,29.158770343580468,37.9,1.6855486376380637,0.0,0.0,49.442286714228025,2.9800910517511943,2.9800910517511943
vm_00108,Interactive,xxlarge_32_64,xxlarge_64_128,32,64,554,36.07119133574007,59.58,5.825897755204944,0.0,0.0,42.43462093862816,53.5,1.6596870935383208,0.0,0.0,0.8598302634397044,1.6517336354501528,1.6517336354501528
vm_00109,Interactive,xlarge_16_32,medium_8_16,16,8,555,35.85295495495495,63.37,6.316404142277552,0.0,0.0,28.906396396396396,42.91,2.473012308640488,0.0,0.0,0.9200649595179797,1.7674972698796234,1.7674972698796234
vm_00110,Interactive,xxlarge_32_64,xxlarge_64_128,32,64,559,27.17035778175313,89.7,20.834272973581598,0.12880143112701253,0.0,76.00357781753131,95.15,3.343509264436211,0.0,0.11449016100178891,30.18574437757365,3.301391933095562,3.301391933095562
vm_00112,Interactive,small_2_4,xxlarge_64_128,2,64,557,26.855601436265708,86.65,19.942739998290666,0.13644524236983843,0.0,76.11238779174147,98.72,4.953616316584991,0.0,0.11310592459605028,34.0083328895516,3.226514967674049,3.226514967674049
vm_00113,Interactive,small_2_4,small_4_8,2,4,558,33.816810035842295,100.0,29.151925235266322,0.16487455197132617,0.12186379928315412,25.316433691756274,33.21,1.684852359719193,0.0,0.0,49.788200484530755,2.95710919788148,2.95710919788148
vm_00114,Delay-Insensitive,large_8_16,large_16_32,8,16,560,4.110678571428571,11.55,1.9489629103746042,0.6571428571428571,0.0,8.600946428571428,12.16,0.8104436806823065,0.0,0.0,-0.051494953742641236,2.8097550804090394,2.8097550804090394
vm_00117,Interactive,small_2_4,large_16_32,2,16,559,5.182898032200358,14.37,2.4133105005409505,0.4597495527728086,0.0,13.584007155635062,18.05,0.7753376232688776,0.0,0.0,-0.34435384615384557,2.77258011072607,2.77258011072607
vm_00118,Interactive,large_8_16,xlarge_32_64,8,32,554,34.74151624548736,100.0,29.628196833530495,0.17328519855595667,0.08664259927797834,33.947833935018046,40.83,1.5325913244146094,0.0,0.0,46.44621527079732,2.8784005652887754,2.8784005652887754
vm_00120,Interactive,small_2_4,xlarge_32_64,2,32,556,4.817014388489208,13.4,2.4155513588744424,0.5233812949640287,0.0,21.29938848920863,25.96,0.796187528372388,0.0,0.0,-0.09197439317151179,2.781806097988993,2.781806097988993
vm_00121,Interactive,small_2_4,medium_8_16,2,8,559,28.18443649373882,92.48,20.13715792722977,0.10554561717352415,0.0035778175313059034,74.3191771019678,87.76,3.3139116513173343,0.0,0.0,31.289813773624754,3.2812435338398362,3.2812435338398362
vm_00122,Interactive,small_2_4,xxlarge_64_128,2,64,555,27.249765765765765,84.26,20.236294344316118,0.13153153153153152,0.0,68.96106306306307,80.19,2.6292403512299543,0.0,0.0,29.137456309122978,3.092136670982212,3.092136670982212
vm_00124,Interactive,large_8_16,small_4_8,8,4,561,33.11814616755793,100.0,29.480217340011436,0.20320855614973263,0.0677361853832442,31.837896613190733,39.1,1.7617681449143439,0.0,0.0,52.76670941065634,3.019492682170676,3.019492682170676
vm_00125,Interactive,small_2_4,medium_8_16,2,8,558,35.61358422939068,57.92,6.234982277950568,0.0,0.0,33.16872759856631,41.03,1.5646607840395543,0.0,0.0,0.8254249762583115,1.6263457119881968,1.6263457119881968
vm_00126,Interactive,xxlarge_32_64,medium_8_16,32,8,558,33.48888888888889,100.0,29.73573212502043,0.1935483870967742,0.09498207885304659,21.543440860215053,30.13,2.404167758207016,0.0,0.0,44.56998851105975,2.9860650298606504,2.9860650298606504
vm_00128,Interactive,medium_4_8,large_16_32,4,16,557,5.077019748653501,14.27,2.4341136882756764,0.5080789946140036,0.0,19.307594254937165,24.99,0.8038363235602436,0.0,0.0,-0.1938459915611812,2.810704056013296,2.810704056013296
vm_00129,Interactive,medium_4_8,medium_8_16,4,8,562,27.746583629893237,91.76,20.25566256694583,0.12099644128113879,0.005338078291814947,68.5117615658363,90.4,4.960890459005982,0.0,0.0071174377224199285,29.61814119331121,3.3070738085801983,3.3070738085801983
vm_00130,Delay-Insensitive,medium_4_8,large_16_32,4,16,559,55.65742397137746,94.59,10.845664932703341,0.0,0.005366726296958855,53.04332737030412,69.73,3.0517800232322387,0.0,0.0,-0.9899019194818308,1.6995037364403376,1.6995037364403376
vm_00131,Interactive,large_8_16,large_16_32,8,16,567,4.985132275132275,13.83,2.379723298447116,0.5114638447971781,0.0,21.88610229276896,26.32,0.845176175068171,0.0,0.0,-0.09553742630094941,2.7742493552255914,2.7742493552255914
vm_00133,Interactive,medium_4_8,xlarge_32_64,4,32,556,33.74744604316547,100.0,29.971419165579817,0.1960431654676259,0.08093525179856115,28.773273381294963,41.3,2.4817950646953117,0.0,0.0,47.63801333688984,2.963187195620452,2.963187195620452
vm_00134,Interactive,large_8_16,xxlarge_64_128,8,64,558,5.068315412186379,14.95,2.440373980407587,0.4874551971326165,0.0,21.02913978494624,25.9,1.1572328065587683,0.0,0.0,-0.0540975033514286,2.9496980326153066,2.9496980326153066
vm_00135,Interactive,medium_4_8,medium_8_16,4,8,566,27.638250883392224,89.46,19.606051872636716,0.11837455830388692,0.0,74.3635335689046,91.29,2.972125645833863,0.0,0.00530035335689046,31.345311795449888,3.2368184360666743,3.2368184360666743
vm_00136,Interactive,large_8_16,xxlarge_64_128,8,64,560,5.19175,14.33,2.340027324657367,0.4660714285714286,0.0,15.706589285714287,22.37,1.5623010559777937,0.0,0.0,0.13581291172595567,2.760148312226128,2.760148312226128
vm_00137,Interactive,large_8_16,small_4_8,8,4,563,26.728934280639432,81.12,19.392779940195286,0.11900532859680284,0.0,66.02619893428064,86.05,4.0557073852188115,0.0,0.0,27.82688092509636,3.0349133694700896,3.0349133694700896
vm_00138,Interactive,medium_4_8,medium_8_16,4,8,551,27.530036297640653,84.75,19.780803890240012,0.10163339382940109,0.0,52.486642468239566,73.66,3.4416613558428932,0.0,0.0,28.585986465594402,3.0784558030990734,3.0784558030990734
vm_00139,Delay-Insensitive,xxlarge_32_64,medium_8_16,32,8,557,3.995314183123878,11.47,1.9736057231351958,0.7019748653500898,0.0,10.995529622980252,13.9,0.7559956615074076,0.0,0.0,0.06397048264858451,2.870863084672799,2.870863084672799
vm_00140,Interactive,xxlarge_32_64,xxlarge_64_128,32,64,560,26.775803571428572,90.46,19.886882698593258,0.11964285714285715,0.0017857142857142857,57.44782142857142,75.75,2.244945801044968,0.0,0.0,29.886809478970495,3.378423349972823,3.378423349972823
vm_00141,Interactive,medium_4_8,medium_8_16,4,8,561,34.36729055258467,100.0,29.655536518788768,0.18716577540106952,0.09090909090909091,21.62005347593583,29.85,2.2338957396679544,0.0,0.0,44.273332328896345,2.90974349132912,2.90974349132912
vm_00142,Interactive,small_2_4,xlarge_32_64,2,32,561,4.988752228163993,13.55,2.4152581666798634,0.5062388591800356,0.0,17.2021568627451,23.52,1.7093209231174984,0.0,0.0,0.04948118392128098,2.716110037195974,2.716110037195974
vm_00143,Interactive,xxlarge_32_64,small_4_8,32,4,554,27.847328519855594,87.16,20.04886265488513,0.1263537906137184,0.0,72.51440433212997,81.19,1.8710974110324978,0.0,0.0,33.60108026343971,3.1299232146399074,3.1299232146399074
vm_00144,Interactive,small_2_4,xxlarge_64_128,2,64,559,5.140697674418605,14.16,2.4351528872049673,0.49016100178890876,0.0,16.799409660107337,21.99,0.7877253960738961,0.0,0.0,0.43992193054056195,2.754489934403981,2.754489934403981
vm_00146,Interactive,medium_4_8,large_16_32,4,16,560,36.015589285714285,63.79,6.166676098718336,0.0,0.0,36.11007142857143,45.51,1.5992225286497956,0.0,0.0,1.2743173078185066,1.7711774613473432,1.7711774613473432
vm_00147,Interactive,xxlarge_32_64,small_4_8,32,4,562,33.53450177935943,100.0,29.231621619647747,0.1619217081850534,0.06227758007117438,30.582419928825622,40.18,2.3321369898035544,0.0,0.0,44.019793621013136,2.9820034499975856,2.9820034499975856
vm_00148,Interactive,small_2_4,xxlarge_64_128,2,64,556,26.912176258992805,82.04,19.702113357476616,0.11330935251798561,0.0,60.81140287769784,79.03,6.808536865186537,0.0,0.0,33.39225260069352,3.0484342555755233,3.0484342555755233
vm_00149,Interactive,large_8_16,xxlarge_64_128,8,64,554,27.605974729241876,86.27,20.4887797249569,0.12274368231046931,0.0,74.31391696750903,95.71,4.414060675375449,0.0,0.0776173285198556,28.964418536324786,3.125048140706212,3.125048140706212
vm_00150,Interactive,xlarge_16_32,medium_8_16,16,8,556,33.920593525179854,100.0,29.48611091894912,0.17086330935251798,0.16007194244604317,31.4116726618705,38.45,1.542030803506529,0.0,0.0,48.93551533742331,2.948061622971551,2.948061622971551
vm_00152,Interactive,medium_4_8,medium_8_16,4,8,557,33.899497307001795,100.0,29.462164093226388,0.15798922800718132,0.08797127468581688,34.13877917414722,45.81,2.8065778881326975,0.0,0.0,42.85278769287972,2.9498962505070963,2.9498962505070963
vm_00153,Interactive,small_2_4,small_4_8,2,4,560,35.60789285714285,59.31,6.2615246895237835,0.0,0.0,33.28635714285714,42.48,1.242707074901284,0.0,0.0,2.090258234519105,1.6656419473611894,1.6656419473611894
vm_00158,Interactive,large_8_16,large_16_32,8,16,559,35.593166368515206,61.08,6.0053311882157825,0.0,0.0,34.157370304114494,40.23,1.5804878984154642,0.0,0.0,2.0114376068376103,1.7160597449410904,1.7160597449410904
vm_00159,Interactive,xlarge_16_32,xxlarge_64_128,16,64,559,27.405849731663686,81.43,19.888771600855573,0.12343470483005367,0.0,53.171663685152055,74.48,4.582136413171447,0.0,0.0,33.01745070125487,2.971263463723909,2.971263463723909
vm_00160,Interactive,small_2_4,small_4_8,2,4,562,5.049661921708185,17.63,2.402672396490546,0.47330960854092524,0.0,18.62870106761566,21.92,0.8885163099900252,0.0,0.0,0.16194525319746322,3.4913228396954095,3.4913228396954095
vm_00161,Delay-Insensitive,xlarge_16_32,xxlarge_64_128,16,64,558,54.897186379928314,100.0,11.00223452761973,0.0,0.04121863799283154,48.90664874551971,59.85,2.521241192564607,0.0,0.0,-0.09173239006650391,1.8215869809415646,1.8215869809415646
vm_00163,Interactive,small_2_4,xxlarge_64_128,2,64,559,34.09198568872987,100.0,29.611005621817025,0.17889087656529518,0.10196779964221825,26.919910554561717,33.44,1.5138625238406291,0.0,0.0,45.84736765791416,2.933240700997302,2.933240700997302
vm_00164,Interactive,xlarge_16_32,large_16_32,16,16,565,35.87479646017699,63.32,6.218876506478024,0.0,0.0,38.13304424778761,43.93,1.128085496022591,0.0,0.0,1.8897895115126957,1.7650274356340587,1.7650274356340587
vm_00165,Delay-Insensitive,xxlarge_32_64,xxlarge_64_128,32,64,565,3.973982300884956,10.48,1.905785396735317,0.7026548672566372,0.0,9.822106194690265,12.89,0.7770431699677135,0.0,0.0,-0.35066749296356514,2.6371531643878323,2.6371531643878323
vm_00166,Interactive,xlarge_16_32,medium_8_16,16,8,559,35.74901610017889,57.17,6.0581627682805355,0.0,0.0,33.21440071556351,46.26,3.460713813247753,0.0,0.0,0.9490021013921748,1.5992048519543427,1.5992048519543427
vm_00167,Interactive,large_8_16,xlarge_32_64,8,32,563,27.953641207815274,82.86,19.91398106999433,0.09591474245115453,0.0,58.47754884547069,71.06,4.510681276988461,0.0,0.0,29.806350748976318,2.9641934438521025,2.9641934438521025
vm_00168,Interactive,small_2_4,xxlarge_64_128,2,64,561,4.9808912655971485,14.91,2.4086644767111096,0.5151515151515151,0.0,19.774598930481282,23.26,0.8004007196837604,0.0,0.0,0.19043297916884772,2.9934401706342957,2.9934401706342957
vm_00169,Delay-Insensitive,medium_4_8,xxlarge_64_128,4,64,557,54.988922800718136,89.87,10.549928854620525,0.0,0.0,41.532064631956914,61.83,3.4576700074916396,0.0,0.0,0.5530482357605422,1.6343291598144625,1.6343291598144625
vm_00170,Delay-Insensitive,xxlarge_32_64,small_4_8,32,4,557,55.60779174147218,100.0,11.021621391629967,0.0,0.03590664272890485,42.82910233393178,61.7,2.5554930084990155,0.0,0.0,0.8738487999788234,1.7983091374121265,1.7983091374121265
vm_00171,Interactive,xlarge_16_32,large_16_32,16,16,555,33.51533333333333,100.0,29.534621268160347,0.18198198198198198,0.0936936936936937,28.003297297297298,38.05,3.55478872265545,0.0,0.0,44.79707317073171,2.9837089491377085,2.9837089491377085
vm_00173,Delay-Insensitive,medium_4_8,large_16_32,4,16,557,55.101149012567326,93.12,10.262343617279736,0.0,0.00718132854578097,37.572567324955116,56.55,4.396087458610286,0.0,0.0,-2.831416089023449,1.6899829072305088,1.6899829072305088
vm_00174,Delay-Insensitive,medium_4_8,xxlarge_64_128,4,64,562,4.020871886120997,11.91,1.9730367271078804,0.6779359430604982,0.0,10.26879003558719,13.31,0.77978284058737,0.0,0.0,-0.2832334946580217,2.9620441380164886,2.9620441380164886
vm_00175,Delay-Insensitive,medium_4_8,xxlarge_64_128,4,64,560,13.878660714285715,35.47,3.9055227387908498,0.0125,0.0,85.82132142857144,92.53,0.8018868871991855,0.0,0.2642857142857143,0.1304031972280182,2.555722106780064,2.555722106780064
vm_00176,Interactive,large_8_16,small_4_8,8,4,570,27.252543859649123,76.46,20.362692608878174,0.13333333333333333,0.0,59.288578947368414,72.49,2.6368253096176115,0.0,0.0,33.991034705591666,2.8056096485439954,2.8056096485439954
vm_00177,Interactive,small_2_4,medium_8_16,2,8,566,34.87174911660777,100.0,29.744321964831624,0.16431095406360424,0.16431095406360424,34.538339222614844,42.51,2.1039899049478765,0.0,0.0,45.354036466358494,2.867650821460364,2.867650821460364
vm_00178,Interactive,small_2_4,small_4_8,2,4,558,32.990752688172044,100.0,29.729463641463568,0.1971326164874552,0.06451612903225806,27.109032258064516,38.12,2.693112992360667,0.0,0.0,49.832822886989554,3.031152424596009,3.031152424596009
vm_00179,Interactive,xlarge_16_32,xlarge_32_64,16,32,555,4.986198198198198,13.73,2.4304297127885466,0.5063063063063064,0.0,18.76906306306306,23.25,0.7673479962047275,0.0,0.0,-0.32992954161866805,2.7536009308577913,2.7536009308577913
vm_00180,Interactive,xlarge_16_32,small_4_8,16,4,559,27.348980322003577,89.61,19.682874864635195,0.11270125223613596,0.0,67.96747763864043,85.25,2.083758383938815,0.0,0.0,26.050907080228548,3.2765389767714455,3.2765389767714455
vm_00181,Delay-Insensitive,medium_4_8,xxlarge_64_128,4,64,561,55.00825311942959,85.76,10.924970487705897,0.0,0.0,52.850730837789655,71.73,5.867023399652099,0.0,0.0,-0.21567532467531692,1.5590387830314234,1.5590387830314234
vm_00182,Delay-Insensitive,large_8_16,small_4_8,8,4,558,4.04241935483871,10.18,1.848477093528066,0.7060931899641577,0.0,11.893566308243727,15.14,0.19462159134572996,0.0,0.0,0.14036339806982046,2.518293899373578,2.518293899373578
vm_00184,Interactive,xlarge_16_32,medium_8_16,16,8,567,26.96183421516755,88.03,20.083471514618044,0.13932980599647266,0.0,76.35869488536154,94.23,4.681116571638697,0.0,0.015873015873015872,27.744766085619073,3.2649855828606116,3.2649855828606116
vm_00185,Interactive,small_2_4,large_16_32,2,16,556,26.84661870503597,87.39,19.795237995158896,0.11870503597122302,0.0,64.81357913669065,83.82,1.9731220870241768,0.0,0.0,27.505029903429904,3.2551585344938476,3.2551585344938476
vm_00186,Interactive,small_2_4,large_16_32,2,16,553,26.826781193490053,83.36,19.838599255431745,0.1301989150090416,0.0,60.50179023508137,75.71,4.454593974500721,0.0,0.0,27.966766358892016,3.1073425991273464,3.1073425991273464
vm_00187,Interactive,xxlarge_32_64,xxlarge_64_128,32,64,561,35.82285204991087,61.33,5.6194048421391924,0.0,0.0,42.04614973262032,52.13,1.4779891524239797,0.0,0.0,1.259324557730558,1.712035655747086,1.712035655747086
vm_00188,Interactive,small_2_4,xxlarge_64_128,2,64,562,27.06761565836299,80.96,19.816264777740056,0.13167259786476868,0.0,60.80637010676157,78.75,2.2339232712539285,0.0,0.0,29.769151855194153,2.991028135682356,2.991028135682356
vm_00189,Interactive,small_2_4,medium_8_16,2,8,562,33.55275800711744,100.0,30.122574825647256,0.2099644128113879,0.1601423487544484,30.17548042704626,40.71,3.010530691600863,0.0,0.0,51.83411946125318,2.9803809266227033,2.9803809266227033
vm_00191,Interactive,small_2_4,small_4_8,2,4,556,28.071223021582735,92.09,19.658552519200686,0.1079136690647482,0.0017985611510791368,55.977589928057554,73.72,3.781814753492853,0.0,0.0,32.948120476798636,3.2805838181398803,3.2805838181398803
vm_00192,Delay-Insensitive,medium_4_8,large_16_32,4,16,556,54.8713309352518,89.48,11.35065136957822,0.0,0.0,44.204856115107916,57.37,2.8656819035009184,0.0,0.0,-1.090203486445283,1.6307240680126103,1.6307240680126103
vm_00193,Interactive,xxlarge_32_64,medium_8_16,32,8,560,33.28008928571428,100.0,29.117374648688454,0.18571428571428572,0.10714285714285714,27.082125,38.46,1.753971813369025,0.0,0.0,51.34049362785631,3.0047996308389027,3.0047996308389027
vm_00195,Interactive,xlarge_16_32,large_16_32,16,16,566,35.74296819787986,61.55,6.265097731184064,0.0,0.0,39.846925795053004,48.27,1.0320458682296554,0.0,0.0,2.2237791347946256,1.7220170316927097,1.7220170316927097
vm_00196,Interactive,xxlarge_32_64,medium_8_16,32,8,551,26.624192377495465,87.87,20.468011237743102,0.132486388384755,0.0,62.64328493647913,77.43,2.103222183510109,0.0,0.0,29.33557399591559,3.300381801412822,3.300381801412822
vm_00197,Interactive,xxlarge_32_64,medium_8_16,32,8,556,27.25705035971223,81.56,19.34425377642748,0.09892086330935251,0.0,76.20016187050359,100.0,4.834916190415865,0.0,0.12589928057553956,30.696149443731283,2.9922533408292487,2.9922533408292487
vm_00198,Interactive,xlarge_16_32,xlarge_32_64,16,32,552,27.49623188405797,92.34,20.166522804808874,0.12681159420289856,0.0036231884057971015,65.6054347826087,85.03,3.0136364295173936,0.0,0.0,29.300621118012415,3.3582783411692776,3.3582783411692776
vm_00199,Delay-Insensitive,small_2_4,xlarge_32_64,2,32,553,14.130886075949368,33.52,4.039750554122621,0.014466546112115732,0.0,72.39491862567812,77.06,0.7957962712420457,0.0,0.0,-0.652007783573417,2.3721088557249583,2.3721088557249583
vm_00200,Interactive,xxlarge_32_64,xlarge_32_64,32,32,560,27.390214285714286,96.94,21.249994320709988,0.13392857142857142,0.0017857142857142857,81.11091071428571,100.0,4.605942695438096,0.0,0.475,30.76990250329381,3.5392202115979896,3.5305158581406437
vm_00201,Interactive,medium_4_8,large_16_32,4,16,558,34.20745519713261,100.0,29.211890799277352,0.15232974910394265,0.13082437275985664,28.90306451612903,40.43,1.4714526217626964,0.0,0.0,49.685856309650056,2.923339354644024,2.923339354644024
vm_00202,Delay-Insensitive,medium_4_8,xxlarge_64_128,4,64,563,54.30341030195382,100.0,10.726434126068655,0.0,0.035523978685612786,41.552664298401425,61.67,3.6343765474814536,0.0,0.0,-0.3685984553983346,1.8415049707550695,1.8415049707550695
vm_00204,Delay-Insensitive,large_8_16,small_4_8,8,4,570,54.616368421052634,98.15,11.192892373657507,0.0,0.005263157894736842,41.756912280701755,69.74,7.159135617284251,0.0,0.0,-0.02818731117825024,1.7970803046320218,1.7970803046320218
vm_00205,Delay-Insensitive,xxlarge_32_64,large_16_32,32,16,557,14.007773788150807,28.77,3.95821099029602,0.019748653500897665,0.0,76.84481149012566,80.87,1.0342711133850773,0.0,0.0,0.21302281167108816,2.0538595522106857,2.0538595522106857
vm_00206,Delay-Insensitive,xlarge_16_32,xlarge_32_64,16,32,562,54.96414590747331,96.16,10.696266965048398,0.0,0.005338078291814947,39.53327402135231,59.02,2.6374275047443527,0.0,0.0,-0.11214044379508437,1.7495041251414298,1.7495041251414298
vm_00207,Interactive,large_8_16,xlarge_32_64,8,32,561,27.556595365418893,85.28,20.133936409754796,0.12299465240641712,0.0,74.11083778966132,87.68,6.439905154891484,0.0,0.0,31.563282364933745,3.094721930235943,3.094721930235943
vm_00208,Interactive,xxlarge_32_64,medium_8_16,32,8,559,35.8983542039356,62.79,6.242743498690599,0.0,0.0,36.78026833631485,42.21,1.0744328000601444,0.0,0.0,2.1660310559006177,1.7491052554469537,1.7491052554469537
vm_00210,Interactive,xxlarge_32_64,small_4_8,32,4,556,35.866438848920865,60.66,6.08420032556944,0.0,0.0,37.47296762589928,42.1,0.9975068049778183,0.0,0.0,1.053220474967901,1.6912746831520218,1.6912746831520218
vm_00211,Delay-Insensitive,medium_4_8,xlarge_32_64,4,32,556,54.9331654676259,100.0,11.57450010430096,0.0,0.008992805755395683,34.76757194244605,52.34,2.524830927216944,0.0,0.0,0.4544927072927081,1.8203939122884447,1.8203939122884447
vm_00212,Delay-Insensitive,medium_4_8,small_4_8,4,4,554,55.251101083032495,99.12,11.10022354729355,0.0,0.009025270758122744,47.51666064981949,64.68,2.443501372039235,0.0,0.0,0.13982410580424443,1.7939913966789625,1.7939913966789625
vm_00213,Interactive,xxlarge_32_64,xlarge_32_64,32,32,562,35.81862989323843,59.58,5.860791263433916,0.0,0.0,32.332099644128114,38.62,1.0429805452935548,0.0,0.0,1.5022443714821705,1.6633802068249144,1.6633802068249144
vm_00214,Interactive,small_2_4,xxlarge_64_128,2,64,560,27.03544642857143,85.29,20.11874354080817,0.12678571428571428,0.0,58.83891071428572,72.3,2.0312744554347733,0.0,0.0,30.276371951219517,3.154747239899999,3.154747239899999
vm_00215,Delay-Insensitive,xxlarge_32_64,medium_8_16,32,8,561,4.119572192513369,10.84,1.9892698307447068,0.6595365418894831,0.0,14.74566844919786,18.8,0.7964875731381394,0.0,0.0,0.15271818395671577,2.6313411911314195,2.6313411911314195
vm_00216,Interactive,medium_4_8,xxlarge_64_128,4,64,551,33.528130671506354,100.0,29.838620300013,0.19600725952813067,0.1161524500907441,28.930744101633394,38.16,3.621719881472276,0.0,0.0,51.51367991831178,2.982570098516834,2.982570098516834
vm_00217,Interactive,medium_4_8,small_4_8,4,4,563,36.01330373001777,60.48,6.231577126118099,0.0,0.0,33.49040852575488,46.94,2.587459080783975,0.0,0.0,1.259279219598362,1.6793793886115695,1.6793793886115695
vm_00218,Delay-Insensitive,small_2_4,small_4_8,2,4,559,13.76252236135957,28.0,4.146672488904066,0.026833631484794274,0.0,77.91323792486583,83.62,0.8164325310146031,0.0,0.0,0.12429401709401766,2.0345107724303775,2.0345107724303775
vm_00220,Interactive,small_2_4,medium_8_16,2,8,557,35.43508078994614,64.44,6.1819109990015475,0.0,0.0,31.802082585278274,42.93,2.525482781754251,0.0,0.0,1.9809745571402004,1.8185368443772056,1.8185368443772056
vm_00222,Interactive,xxlarge_32_64,medium_8_16,32,8,558,33.880322580645164,100.0,30.760842637225153,0.2078853046594982,0.11827956989247312,45.519731182795695,61.54,9.71531337277382,0.0,0.0,45.028923471546435,2.951565758028735,2.951565758028735
vm_00223,Interactive,medium_4_8,small_4_8,4,4,555,4.91190990990991,13.81,2.5256865154924926,0.5153153153153153,0.0,13.961747747747747,17.16,0.11059573408747705,0.0,0.0,0.3039235731613035,2.8115336505130024,2.8115336505130024
vm_00224,Delay-Insensitive,xxlarge_32_64,small_4_8,32,4,555,54.583243243243246,100.0,10.885136718284423,0.0,0.02702702702702703,44.98356756756757,66.16,5.48580671698614,0.0,0.0,0.5849589570255915,1.8320640925340912,1.8320640925340912
vm_00225,Delay-Insensitive,large_8_16,large_16_32,8,16,559,14.096529516994634,33.5,3.930094499229338,0.007155635062611807,0.0,83.09545617173524,86.7,0.77193591145318,0.0,0.0,-0.26007696348830933,2.376471454169818,2.376471454169818
vm_00226,Interactive,medium_4_8,large_16_32,4,16,552,27.576757246376815,87.07,20.222611237299162,0.11775362318840579,0.0,60.57797101449275,79.47,3.2977933356747493,0.0,0.0,34.641658385093166,3.157369056198213,3.157369056198213
vm_00227,Interactive,xlarge_16_32,xlarge_32_64,16,32,557,34.02915619389587,100.0,30.10493511322691,0.18312387791741472,0.12567324955116696,24.617666068222622,33.65,3.3450836806775137,0.0,0.0,52.79132134635231,2.938656469475959,2.938656469475959
vm_00228,Interactive,xxlarge_32_64,large_16_32,32,16,561,27.488057040998218,85.63,20.282835608595565,0.13725490196078433,0.0,70.39294117647059,85.54,2.3308078179106997,0.0,0.0,34.52496792698827,3.1151710676488897,3.1151710676488897
vm_00229,Interactive,medium_4_8,large_16_32,4,16,559,33.43713774597496,100.0,28.69644474939684,0.19320214669051877,0.07155635062611806,28.125223613595708,38.11,1.7024589779995107,0.0,0.0,50.4082,2.9906866060040573,2.9906866060040573
vm_00230,Interactive,xlarge_16_32,medium_8_16,16,8,556,27.391906474820143,80.46,20.447122988845322,0.12589928057553956,0.0,62.204334532374105,83.06,7.685678790794864,0.0,0.0,35.06195324675324,2.937364001076829,2.937364001076829
vm_00231,Interactive,xxlarge_32_64,small_4_8,32,4,558,33.89571684587814,100.0,30.133342712384447,0.17921146953405018,0.13978494623655913,28.758924731182795,37.46,1.4756325697338897,0.0,0.0,47.194916935643235,2.950225258686642,2.950225258686642
vm_00232,Interactive,xxlarge_32_64,xxlarge_64_128,32,64,557,4.819048473967684,13.46,2.292603369115055,0.526032315978456,0.0,12.991436265709156,16.89,0.7845626685693429,0.0,0.0,-0.2953570003988837,2.793082508447551,2.793082508447551
vm_00233,Interactive,medium_4_8,small_4_8,4,4,557,27.599533213644523,92.99,20.25902736337004,0.12208258527827648,0.0017953321364452424,62.75964093357272,78.89,7.17935200380788,0.0,0.0,28.87125678071498,3.3692598813239365,3.3692598813239365
vm_00234,Delay-Insensitive,small_2_4,xxlarge_64_128,2,64,553,14.168933092224231,33.01,4.212630265160952,0.0162748643761302,0.0,79.8749547920434,85.88,0.8463947667686804,0.0,0.0,0.16445885702008844,2.3297449275214346,2.3297449275214346
vm_00235,Interactive,medium_4_8,medium_8_16,4,8,558,35.69327956989247,56.48,6.073573197015905,0.0,0.0,35.01544802867383,43.61,0.9856316386442985,0.0,0.0,1.5553266171792117,1.5823707062110728,1.5823707062110728
vm_00236,Interactive,small_2_4,large_16_32,2,16,556,27.02134892086331,93.76,19.949776656082754,0.1223021582733813,0.0017985611510791368,53.232823741007195,72.12,4.964675917627964,0.0,0.0,29.749688010736257,3.4698489803226464,3.4698489803226464
vm_00237,Delay-Insensitive,xlarge_16_32,xlarge_32_64,16,32,567,14.311446208112875,27.88,3.81443914112205,0.003527336860670194,0.0,80.57537918871252,84.42,0.7906113096128061,0.0,0.0,-0.38255319148936096,1.9480910310933761,1.9480910310933761
vm_00239,Interactive,large_8_16,large_16_32,8,16,559,35.87728085867621,59.6,6.060748127239509,0.0,0.0,35.775044722719144,40.53,0.9897628095373393,0.0,0.0,1.8572323351720428,1.661218424962853,1.661218424962853
vm_00240,Delay-Insensitive,xlarge_16_32,xxlarge_64_128,16,64,554,4.077148014440433,10.12,1.951008592441577,0.6606498194945848,0.0,17.594620938628157,20.71,0.802815761673801,0.0,0.0,-0.24622116789299442,2.482127203662219,2.482127203662219
vm_00241,Interactive,large_8_16,xlarge_32_64,8,32,557,4.938635547576302,13.17,2.4069886866786168,0.5242369838420108,0.0,16.060915619389586,19.13,0.7952424102552292,0.0,0.0,0.3852038626609451,2.6667284664209214,2.6667284664209214
vm_00243,Interactive,xlarge_16_32,medium_8_16,16,8,562,27.681601423487542,90.07,20.4211224556991,0.11743772241992882,0.0017793594306049821,74.75225978647686,91.47,3.760137913727614,0.0,0.0017793594306049821,32.45758370746308,3.25378574100762,3.25378574100762
vm_00244,Interactive,large_8_16,medium_8_16,8,8,565,33.377522123893804,100.0,29.23986080347667,0.17699115044247787,0.1433628318584071,28.91658407079646,39.57,1.790397310821507,0.0,0.0,45.87767190848761,2.996028274022579,2.996028274022579
vm_00245,Interactive,large_8_16,xlarge_32_64,8,32,555,27.240162162162164,89.18,19.808184114549572,0.10810810810810811,0.0,70.98544144144144,90.6,4.590072313054958,0.0,0.0018018018018018018,30.306531173267857,3.2738424782167823,3.2738424782167823
vm_00247,Delay-Insensitive,large_8_16,small_4_8,8,4,555,54.856054054054056,98.65,10.753564186103794,0.0,0.009009009009009009,33.92389189189189,46.45,2.4214146868647832,0.0,0.0,1.0430340148748343,1.7983429851296318,1.7983429851296318
vm_00248,Interactive,large_8_16,large_16_32,8,16,559,36.14624329159213,60.63,6.061137606725037,0.0,0.0,32.37518783542039,40.01,1.3196810161428811,0.0,0.0,0.6295748620961419,1.6773527337515313,1.6773527337515313
vm_00249,Interactive,xxlarge_32_64,medium_8_16,32,8,558,35.799032258064514,57.4,6.012362977819497,0.0,0.0,38.01849462365591,47.08,1.2423309702522365,0.0,0.0,1.4658501131895605,1.6033952981248367,1.6033952981248367
vm_00250,Interactive,small_2_4,medium_8_16,2,8,555,35.52232432432432,59.36,5.835967727550124,0.0,0.0,34.84454054054054,44.69,2.6194200993248478,0.0,0.0,1.5039159715211667,1.6710618218006796,1.6710618218006796
vm_00251,Delay-Insensitive,xlarge_16_32,xlarge_32_64,16,32,551,4.135426497277677,10.51,1.9954990602822964,0.6515426497277677,0.0,13.032486388384754,17.27,0.8333532413175021,0.0,0.0,-0.19910026796456304,2.541454915694587,2.541454915694587
vm_00254,Interactive,medium_4_8,large_16_32,4,16,557,34.463393177737885,100.0,29.32261875515011,0.15978456014362658,0.14542190305206462,24.729479353680432,34.4,2.6497248224890564,0.0,0.0,51.507547299621606,2.901629548903397,2.901629548903397
vm_00255,Delay-Insensitive,small_2_4,xlarge_32_64,2,32,559,4.11169946332737,11.01,1.9803762565232765,0.6744186046511628,0.0,14.567853309481217,20.58,1.574217006242913,0.0,0.0,0.17341544011164078,2.6777248916656515,2.6777248916656515
vm_00256,Delay-Insensitive,xlarge_16_32,xlarge_32_64,16,32,554,14.081913357400722,32.99,3.919538891358278,0.01444043321299639,0.0,83.3875631768953,86.74,0.7915213111822761,0.0,0.0,-0.5632313034188048,2.342721415954613,2.342721415954613
vm_00257,Interactive,xxlarge_32_64,medium_8_16,32,8,559,35.67139534883721,62.28,6.195253112823529,0.0,0.0,28.17438282647585,39.14,1.5215228659720696,0.0,0.0,1.9029940898345146,1.7459367482250778,1.7459367482250778
vm_00258,Interactive,xlarge_16_32,xlarge_32_64,16,32,558,36.10720430107527,58.18,5.927799316555873,0.0,0.0,35.883709677419354,43.44,1.1592980766233976,0.0,0.0,0.9320686638388196,1.6113127871898796,1.6113127871898796
vm_00259,Delay-Insensitive,medium_4_8,medium_8_16,4,8,562,3.980960854092527,10.26,1.9557484542471655,0.697508896797153,0.0,9.379110320284699,12.64,0.8175206584689015,0.0,0.0,-0.040937422544581104,2.577267241764627,2.577267241764627
vm_00260,Interactive,small_2_4,small_4_8,2,4,564,34.33141843971631,100.0,29.878762218877718,0.17553191489361702,0.08156028368794327,32.5575,47.82,2.993400015047907,0.0,0.0,46.010999123575814,2.9127838156641666,2.9127838156641666
vm_00261,Delay-Insensitive,medium_4_8,xlarge_32_64,4,32,559,55.290196779964226,100.0,10.639766237490766,0.0,0.044722719141323794,34.8775313059034,53.87,2.583166346736934,0.0,0.0,-1.0028989704836917,1.8086388876126678,1.8086388876126678
vm_00262,Interactive,xxlarge_32_64,xxlarge_64_128,32,64,556,27.770287769784172,90.47,19.9746130476544,0.12050359712230216,0.0017985611510791368,71.11017985611511,85.55,2.2805333586742242,0.0,0.0,31.92795880448054,3.2577984337071606,3.2577984337071606
vm_00263,Interactive,xlarge_16_32,small_4_8,16,4,562,34.87320284697509,100.0,30.00264431705679,0.1797153024911032,0.04804270462633452,26.381548042704626,37.36,2.1940502731420253,0.0,0.0,48.032209254071994,2.867531280072086,2.867531280072086
vm_00266,Interactive,small_2_4,large_16_32,2,16,565,35.76555752212389,64.54,5.872750142521844,0.0,0.0,29.03037168141593,33.7,0.9804238318078449,0.0,0.0,1.8518175934555217,1.8045293984324666,1.8045293984324666
vm_00267,Delay-Insensitive,xxlarge_32_64,xxlarge_64_128,32,64,558,55.05879928315412,99.03,10.719149452404315,0.0,0.017921146953405017,41.535752688172046,54.18,2.6158676258622227,0.0,0.0,-1.2806932573599283,1.7986225869313386,1.7986225869313386
vm_00268,Delay-Insensitive,xxlarge_32_64,small_4_8,32,4,558,54.83535842293907,100.0,11.317036590744827,0.0,0.005376344086021506,39.07820788530466,55.31,3.879236679224237,0.0,0.0,1.0421758996368382,1.823640856483713,1.823640856483713
vm_00269,Delay-Insensitive,small_2_4,small_4_8,2,4,559,54.42080500894454,96.98,11.318075128731763,0.0,0.012522361359570662,44.77202146690519,62.46,4.392418365355519,0.0,0.0,0.6031313930190834,1.7820390562774748,1.7820390562774748
vm_00270,Interactive,medium_4_8,xlarge_32_64,4,32,564,33.67207446808511,100.0,30.50864328722481,0.20390070921985815,0.06205673758865248,30.051613475177305,41.16,2.592057424224097,0.0,0.0,55.050328267477205,2.9698199941551415,2.9698199941551415
vm_00271,Interactive,medium_4_8,large_16_32,4,16,556,26.604028776978417,76.02,19.354011152825006,0.11690647482014388,0.0,72.94735611510792,86.8,2.0653805414648496,0.0,0.0,30.859426129426133,2.857461951995154,2.857461951995154
vm_00272,Delay-Insensitive,xxlarge_32_64,xlarge_32_64,32,32,558,54.764820788530464,99.88,10.506381862570596,0.0,0.03046594982078853,47.84718637992832,61.64,2.4301729451413743,0.0,0.0,1.188200379867041,1.8237985363939713,1.8237985363939713
vm_00273,Interactive,medium_4_8,xlarge_32_64,4,32,561,5.120213903743315,13.39,2.4240574657009737,0.47771836007130125,0.0,16.025383244206772,19.26,0.8087604521321681,0.0,0.0,-0.5243397362085211,2.6151251201069474,2.6151251201069474
vm_00274,Interactive,large_8_16,xlarge_32_64,8,32,552,5.034891304347826,14.53,2.4300485059644084,0.48007246376811596,0.0,13.566358695652173,18.08,0.8165393098967403,0.0,0.0,-0.5243762183235869,2.8858617041946415,2.8858617041946415
vm_00275,Interactive,xlarge_16_32,xlarge_32_64,16,32,567,27.35088183421517,90.68,20.36306400191491,0.12169312169312169,0.001763668430335097,57.01567901234568,69.79,3.7976029992476095,0.0,0.0,32.64830144823887,3.315432407249185,3.315432407249185
vm_00276,Interactive,large_8_16,xxlarge_64_128,8,64,555,27.443207207207205,88.35,20.023498365849267,0.12612612612612611,0.0,62.15868468468469,85.09,6.448835864471584,0.0,0.0,34.83946488294315,3.2193759035859806,3.2193759035859806
vm_00277,Interactive,xlarge_16_32,xxlarge_64_128,16,64,552,4.957844202898551,13.8,2.3952211703331416,0.47644927536231885,0.0,18.946557971014492,21.74,0.7944227779792594,0.0,0.0,-0.16743750591479944,2.7834678612797026,2.7834678612797026
vm_00280,Interactive,xlarge_16_32,small_4_8,16,4,568,4.9479753521126755,12.98,2.5086268690960902,0.4876760563380282,0.0,17.829788732394366,21.92,0.7718819333004951,0.0,0.0,0.4378377896613195,2.6232952018360054,2.6232952018360054
vm_00281,Interactive,small_2_4,medium_8_16,2,8,556,26.483327338129495,88.36,19.69577593825066,0.11870503597122302,0.0,58.19670863309352,71.1,3.3381752248900076,0.0,0.0,34.016666309601916,3.33643876661915,3.33643876661915
vm_00282,Delay-Insensitive,small_2_4,xlarge_32_64,2,32,556,14.249694244604317,33.1,3.9364159964790546,0.007194244604316547,0.0,88.18789568345323,91.99,0.8340179940047313,0.0,0.11510791366906475,0.2836637999681475,2.322856857966156,2.322856857966156
vm_00284,Interactive,large_8_16,xxlarge_64_128,8,64,556,34.13886690647482,100.0,29.595010633372993,0.19424460431654678,0.04316546762589928,26.773003597122305,38.53,2.928263908992453,0.0,0.0,44.69549346492398,2.9292126265922986,2.9292126265922986
vm_00286,Interactive,small_2_4,large_16_32,2,16,564,35.71737588652482,59.7,6.058748576200609,0.0,0.0,36.68205673758865,43.28,3.1337896675768975,0.0,0.0,1.6899255890863927,1.671455377619809,1.671455377619809
vm_00287,Interactive,xlarge_16_32,large_16_32,16,16,562,27.01832740213523,82.6,20.30272013719506,0.11921708185053381,0.0,73.08832740213523,87.83,4.025726853416776,0.0,0.0,27.887640575183813,3.0571840651198934,3.0571840651198934
vm_00288,Interactive,xxlarge_32_64,large_16_32,32,16,555,5.035207207207207,13.2,2.416044837237843,0.4954954954954955,0.0,18.13682882882883,25.44,1.1897880910878578,0.0,0.0,0.2105067576573454,2.621540575550896,2.621540575550896
vm_00290,Interactive,small_2_4,xlarge_32_64,2,32,563,35.994404973357014,61.62,5.995747644318631,0.0,0.0,32.57815275310835,42.42,1.079327982947923,0.0,0.0,1.848505962122978,1.7119327308122192,1.7119327308122192
vm_00291,Interactive,large_8_16,xxlarge_64_128,8,64,564,27.407535460992907,88.85,19.68204349175089,0.10283687943262411,0.0,68.18088652482268,81.39,2.065040805611648,0.0,0.0,28.685101850291097,3.2418091778610867,3.2418091778610867
vm_00292,Interactive,xlarge_16_32,xxlarge_64_128,16,64,551,36.06887477313975,59.07,5.944190793212131,0.0,0.0,40.16139745916515,49.18,1.049275615024214,0.0,0.0,1.3582412053486692,1.6377001049112028,1.6377001049112028
vm_00293,Interactive,xlarge_16_32,small_4_8,16,4,557,26.96899461400359,82.04,20.6513661312781,0.15798922800718132,0.0,66.82915619389587,83.96,2.845664727255855,0.0,0.0,31.910361936339527,3.0420118055643393,3.0420118055643393
vm_00294,Interactive,xlarge_16_32,xlarge_32_64,16,32,556,4.880215827338129,13.32,2.3768734759978702,0.5017985611510791,0.0,15.811924460431655,20.58,0.8103735550892541,0.0,0.0,-0.13582364302364347,2.7293874843369945,2.7293874843369945
vm_00295,Interactive,small_2_4,small_4_8,2,4,562,27.088683274021353,89.25,19.964702489649554,0.12455516014234876,0.0,57.397811387900354,70.4,2.8255119921596474,0.0,0.0,34.13955020415618,3.2947337859567627,3.2947337859567627
vm_00298,Interactive,small_2_4,xlarge_32_64,2,32,565,34.121469026548674,100.0,30.04944146000043,0.18761061946902655,0.07964601769911504,31.692176991150447,40.17,1.5526746668574394,0.0,0.0,46.98915097252238,2.930706175698169,2.930706175698169
vm_00299,Interactive,small_2_4,xlarge_32_64,2,32,559,27.28695885509839,93.22,20.22668696661066,0.11627906976744186,0.0017889087656529517,69.8265474060823,83.02,4.5307791342779815,0.0,0.0,30.462377331231938,3.416283965355943,3.416283965355943
vm_00300,Interactive,small_2_4,xlarge_32_64,2,32,547,34.42846435100548,100.0,30.41616929223699,0.19744058500914077,0.05850091407678245,31.819579524680076,45.39,5.866233386528443,0.0,0.0,49.88789522713573,2.904573348973072,2.904573348973072
vm_00301,Delay-Insensitive,large_8_16,small_4_8,8,4,560,13.895446428571429,35.99,3.8660487445397225,0.0017857142857142857,0.0,88.54210714285715,95.25,1.0050700752288886,0.0,0.9089285714285714,0.02302389525368298,2.5900571230297698,2.5900571230297698
vm_00302,Interactive,large_8_16,xxlarge_64_128,8,64,555,5.041423423423423,13.22,2.4925258583059864,0.5009009009009009,0.0,17.879405405405404,22.33,0.799288157785729,0.0,0.0,0.047384918718814895,2.622275276180401,2.622275276180401
vm_00303,Interactive,small_2_4,xxlarge_64_128,2,64,558,5.017114695340502,16.61,2.4689903934853565,0.507168458781362,0.0,16.210448028673834,20.38,0.8283525949323243,0.0,0.0,-0.01782874617737029,3.3106677858941613,3.3106677858941613
vm_00304,Interactive,small_2_4,xxlarge_64_128,2,64,550,27.316145454545453,93.82,19.50634049589122,0.10727272727272727,0.0018181818181818182,60.08161818181818,70.89,2.2867704814085563,0.0,0.0,26.437114130434786,3.4345987854003095,3.4345987854003095
vm_00305,Interactive,xxlarge_32_64,medium_8_16,32,8,559,27.177191413237924,88.89,20.628917661618086,0.15026833631484796,0.0,62.82284436493739,79.11,2.667593581331495,0.0,0.0,30.248571973985626,3.270757402720502,3.270757402720502
vm_00306,Interactive,large_8_16,medium_8_16,8,8,558,27.819605734767027,87.06,19.93028717059654,0.0913978494623656,0.0,64.10358422939069,78.29,1.968618172032181,0.0,0.0,30.313850902184235,3.1294476575273102,3.1294476575273102
vm_00307,Interactive,large_8_16,xlarge_32_64,8,32,558,27.928924731182796,85.82,20.507449413005986,0.11469534050179211,0.0,66.15318996415772,84.61,5.451665784309684,0.0,0.0,27.958155270655265,3.0728000030800144,3.0728000030800144
vm_00308,Interactive,medium_4_8,large_16_32,4,16,561,26.641836007130124,82.29,19.897791415888385,0.1408199643493761,0.0,65.63395721925134,89.72,4.207003517726899,0.0,0.0,27.17583756943717,3.0887510897513533,3.0887510897513533
vm_00309,Interactive,large_8_16,xlarge_32_64,8,32,558,26.846075268817206,86.7,20.411416847212287,0.13440860215053763,0.0,66.27614695340502,83.11,4.49917287749621,0.0,0.0,31.933224880382774,3.2295223466316334,3.2295223466316334
vm_00310,Delay-Insensitive,medium_4_8,small_4_8,4,4,561,4.085151515151515,11.64,2.0253985551884117,0.6666666666666666,0.0,13.778520499108735,16.39,0.21311998638535393,0.0,0.0,-0.061262059973923755,2.8493435205103483,2.8493435205103483
vm_00311,Interactive,xlarge_16_32,xxlarge_64_128,16,64,559,33.95799642218247,100.0,29.6673144171157,0.18783542039355994,0.1252236135957066,39.49044722719141,53.08,3.6456693482489637,0.0,0.0,44.53044247438928,2.9448144924909867,2.9448144924909867
vm_00312,Interactive,small_2_4,xxlarge_64_128,2,64,559,27.33200357781753,92.02,20.645487506993412,0.13595706618962433,0.0017889087656529517,59.6555992844365,75.79,2.105320863787208,0.0,0.0,34.82548437335022,3.366749156826644,3.366749156826644
vm_00313,Interactive,medium_4_8,medium_8_16,4,8,554,34.28826714801444,100.0,28.603937434814753,0.16606498194945848,0.02527075812274368,30.332220216606498,36.81,1.5327319444779317,0.0,0.0,48.2529077425573,2.9164495122580374,2.9164495122580374
vm_00315,Interactive,xlarge_16_32,xxlarge_64_128,16,64,555,35.67605405405405,58.1,6.131549067584147,0.0,0.0,36.40461261261262,41.82,1.0167599063008204,0.0,0.0,0.7094909698996616,1.6285433336313102,1.6285433336313102
vm_00317,Interactive,medium_4_8,large_16_32,4,16,552,27.179547101449277,91.46,20.043702179791733,0.12681159420289856,0.0018115942028985507,76.91710144927536,94.1,3.6926026908073517,0.0,0.1431159420289855,28.36587823275862,3.3650303170475984,3.3650303170475984
vm_00318,Interactive,xlarge_16_32,medium_8_16,16,8,556,36.29196043165467,58.12,6.01890729107965,0.0,0.0,33.72021582733813,45.22,1.4818748619528412,0.0,0.0,1.3735173299101433,1.6014566121180496,1.6014566121180496
vm_00319,Interactive,xxlarge_32_64,large_16_32,32,16,553,27.344484629294755,85.21,21.045639659849858,0.14285714285714285,0.0,71.31687160940326,90.63,4.222501509743975,0.0,0.0018083182640144665,30.520060219957085,3.1161677082300034,3.1161677082300034
vm_00320,Interactive,xxlarge_32_64,xxlarge_64_128,32,64,563,33.511900532859684,100.0,29.18700732448403,0.1882770870337478,0.09236234458259325,30.080621669626996,39.1,1.523771124041265,0.0,0.0,45.92954714527247,2.984014586160108,2.984014586160108
vm_00321,Interactive,xxlarge_32_64,small_4_8,32,4,561,27.281978609625668,89.96,20.229309213531852,0.13368983957219252,0.0,64.78973262032086,77.91,2.281747787134822,0.0,0.0,32.337358552287235,3.297414798509525,3.297414798509525
vm_00322,Interactive,xlarge_16_32,medium_8_16,16,8,569,33.5377855887522,100.0,29.68640595048118,0.2056239015817223,0.03690685413005272,32.90608084358524,42.45,1.4726104781011773,0.0,0.0,44.7730975801942,2.9817114709427237,2.9817114709427237
vm_00323,Interactive,medium_4_8,medium_8_16,4,8,554,27.446480144404333,86.39,20.539873885537432,0.11913357400722022,0.0,60.92673285198556,74.45,3.3732169723049346,0.0,0.0,30.88733582338424,3.14758029246285,3.14758029246285
vm_00324,Interactive,xlarge_16_32,small_4_8,16,4,560,27.534017857142857,83.67,19.88223690365502,0.11428571428571428,0.0,62.75980357142857,81.64,6.062492783079303,0.0,0.0,26.248369885433718,3.038786436259043,3.038786436259043
vm_00325,Interactive,xxlarge_32_64,xxlarge_64_128,32,64,561,35.749964349376114,59.63,6.295857056045295,0.0,0.0,35.00541889483066,43.34,1.1303538688643722,0.0,0.0,2.001090719227257,1.6679736913091672,1.6679736913091672
vm_00326,Delay-Insensitive,small_2_4,xlarge_32_64,2,32,558,14.162060931899642,29.61,4.086187955863422,0.010752688172043012,0.0,85.90353046594981,91.65,0.7622132388720411,0.0,0.11290322580645161,-0.2407892364793227,2.090797387638992,2.090797387638992
vm_00327,Delay-Insensitive,small_2_4,small_4_8,2,4,558,4.039086021505376,10.69,1.9899288773550967,0.6774193548387096,0.0,14.646612903225806,18.08,0.7868391169909535,0.0,0.0,0.17338377219111178,2.6466383590453497,2.6466383590453497
vm_00328,Interactive,xlarge_16_32,medium_8_16,16,8,564,34.255017730496455,100.0,29.37913407816224,0.17198581560283688,0.06560283687943262,32.05067375886525,42.17,1.5019411619454524,0.0,0.0,44.966814589665645,2.9192803456345113,2.9192803456345113
vm_00329,Interactive,xxlarge_32_64,medium_8_16,32,8,566,26.929310954063602,83.58,20.121174072927463,0.13074204946996468,0.0,66.24058303886926,81.33,6.233691516665769,0.0,0.0,28.310338983050848,3.1036813434466235,3.1036813434466235
vm_00330,Interactive,xxlarge_32_64,xlarge_32_64,32,32,561,27.259946524064173,95.11,19.412370333409083,0.11586452762923351,0.0017825311942959,67.53356506238859,84.9,4.499784849990705,0.0,0.0,28.239822946544976,3.4890017086438543,3.4890017086438543
vm_00331,Interactive,xlarge_16_32,large_16_32,16,16,564,35.60829787234043,58.76,6.054751047028062,0.0,0.0,28.46290780141844,36.95,1.1306183026861334,0.0,0.0,2.39418108620756,1.6501771640604925,1.6501771640604925
vm_00332,Delay-Insensitive,xxlarge_32_64,large_16_32,32,16,555,3.922648648648649,9.94,1.952166715563675,0.7117117117117117,0.0,17.50072072072072,22.26,1.6101413215279878,0.0,0.0,-0.08105666542691647,2.5340021221182596,2.5340021221182596
vm_00334,Interactive,xlarge_16_32,small_4_8,16,4,559,35.300000000000004,63.16,5.964640462114537,0.0,0.0,36.5060107334526,45.55,1.4247960326487545,0.0,0.0,1.1300413638165736,1.7892351274787532,1.7892351274787532
vm_00336,Interactive,large_8_16,large_16_32,8,16,553,35.36341772151899,54.52,6.1729732108431214,0.0,0.0,29.624141048824594,34.83,1.0553809815896213,0.0,0.0,1.0549851744029297,1.5417061899767692,1.5417061899767692
vm_00337,Delay-Insensitive,xlarge_16_32,xxlarge_64_128,16,64,561,14.329893048128342,29.75,3.88873905232947,0.0106951871657754,0.0,76.01217468805704,80.09,1.078438145521251,0.0,0.0,0.8462634774416422,2.0760796957857064,2.0760796957857064
vm_00338,Interactive,xxlarge_32_64,xlarge_32_64,32,32,562,35.97905693950178,63.09,6.302649218074298,0.0,0.0,41.004804270462635,49.49,1.274715045204276,0.0,0.0,2.0028752982674547,1.7535201132726976,1.7535201132726976
vm_00339,Interactive,xlarge_16_32,small_4_8,16,4,557,5.084093357271096,16.11,2.3664904604038464,0.4793536804308797,0.0,15.49333931777379,18.52,0.7709237065203491,0.0,0.0,-0.015721722040740183,3.1687065653426743,3.1687065653426743
vm_00340,Interactive,xlarge_16_32,xxlarge_64_128,16,64,558,33.99465949820789,100.0,28.984299219238498,0.16666666666666666,0.017921146953405017,24.561756272401432,36.33,2.879892302635815,0.0,0.0,49.29912393162393,2.94163852428855,2.94163852428855
vm_00341,Interactive,large_8_16,medium_8_16,8,8,560,35.811,61.71,5.965308509806809,0.0,0.0,24.90960714285714,34.56,1.4463109036450443,0.0,0.0,1.1372648221343837,1.7232135377398006,1.7232135377398006
vm_00342,Interactive,medium_4_8,medium_8_16,4,8,560,27.023,88.41,20.521841558837036,0.1375,0.0,69.979125,88.19,3.9736186990880746,0.0,0.0,35.43561606391926,3.2716574769640676,3.2716574769640676
vm_00345,Interactive,xlarge_16_32,xlarge_32_64,16,32,563,27.109769094138542,81.92,19.69262719803588,0.12078152753108348,0.0,63.2588809946714,77.89,3.8520511694149975,0.0,0.0,28.73331974684863,3.0217889247058207,3.0217889247058207
vm_00347,Delay-Insensitive,medium_4_8,large_16_32,4,16,552,14.052228260869565,32.87,3.859119766302923,0.007246376811594203,0.0,89.61635869565218,95.9,0.9719015927292417,0.0,0.980072463768116,0.01007273513864071,2.3391308047230632,2.3391308047230632
vm_00348,Interactive,large_8_16,xxlarge_64_128,8,64,563,27.2995026642984,86.21,20.319664031952755,0.14031971580817051,0.0,71.67763765541741,92.47,3.9890387978051542,0.0,0.003552397868561279,29.337524749909292,3.157932987282704,3.157932987282704
vm_00350,Interactive,small_2_4,xxlarge_64_128,2,64,555,5.065297297297297,14.57,2.478356865831687,0.5099099099099099,0.0,13.40046846846847,19.12,0.8199972243923682,0.0,0.0,0.01814053230719903,2.876435309685406,2.876435309685406
vm_00351,Interactive,xlarge_16_32,large_16_32,16,16,556,27.62253597122302,88.98,19.7425808313297,0.09352517985611511,0.0,58.407553956834526,76.11,4.83275298287425,0.0,0.0,31.48805468124834,3.2212827994033133,3.2212827994033133
vm_00352,Interactive,xxlarge_32_64,small_4_8,32,4,571,35.8384588441331,66.0,6.165090037017407,0.0,0.0,28.946392294220665,35.71,1.930953299755146,0.0,0.0,1.4699453042294692,1.8415970476588857,1.8415970476588857
vm_00353,Interactive,xlarge_16_32,xxlarge_64_128,16,64,559,35.93903398926654,65.35,6.138223926508462,0.0,0.0,39.725116279069766,44.91,1.2856108595348248,0.0,0.0,2.2220644599303156,1.818357166180851,1.818357166180851
vm_00354,Interactive,small_2_4,medium_8_16,2,8,561,33.33311942959002,100.0,28.428208451949573,0.1800356506238859,0.03208556149732621,31.53622103386809,41.19,1.5335630713843915,0.0,0.0,49.74186669109181,3.000019251460437,3.000019251460437
vm_00355,Interactive,medium_4_8,xxlarge_64_128,4,64,553,35.82282097649186,61.81,6.016505979519025,0.0,0.0,38.539801084990955,44.15,0.9978147120039741,0.0,0.0,1.6759061784897042,1.725436420558889,1.725436420558889
vm_00358,Delay-Insensitive,small_2_4,large_16_32,2,16,553,54.39097649186257,88.99,10.800788758829238,0.0,0.0,39.733616636528026,54.31,3.166578231047816,0.0,0.0,-1.4848345524207716,1.6361169763759214,1.6361169763759214
vm_00359,Interactive,large_8_16,small_4_8,8,4,560,33.82985714285714,100.0,29.105878497788634,0.175,0.04642857142857143,18.043375,33.11,2.659649902731261,0.0,0.0,45.405082815057284,2.955968734296416,2.955968734296416
vm_00360,Interactive,xxlarge_32_64,xlarge_32_64,32,32,560,4.955964285714286,13.68,2.450858956172584,0.5232142857142857,0.0,20.581071428571427,24.1,0.7939482158719964,0.0,0.0,-0.06677101358082993,2.7603104484495593,2.7603104484495593
vm_00361,Interactive,xlarge_16_32,medium_8_16,16,8,552,27.123532608695655,90.03,20.015558413521845,0.13768115942028986,0.0018115942028985507,70.35416666666667,88.61,3.938032346214348,0.0,0.0,32.08953879310344,3.319257904154302,3.319257904154302
vm_00362,Interactive,xxlarge_32_64,large_16_32,32,16,561,27.259946524064173,81.32,19.973311429540697,0.1319073083778966,0.0,52.18655971479501,64.96,3.0705400468023614,0.0,0.0,27.86496863483102,2.983131310555338,2.983131310555338
vm_00364,Interactive,small_2_4,xxlarge_64_128,2,64,553,4.955479204339964,15.11,2.5901217369727023,0.5099457504520796,0.0,21.99151898734177,25.98,0.7996234667001229,0.0,0.0,0.06902503293807616,3.0491501178668647,3.0491501178668647
vm_00365,Interactive,large_8_16,small_4_8,8,4,567,27.453615520282188,80.03,19.767926305081946,0.08818342151675485,0.0,61.16728395061728,76.0,2.0923523953765706,0.0,0.0,30.26793402378212,2.9150987395767753,2.9150987395767753
vm_00366,Delay-Insensitive,xlarge_16_32,medium_8_16,16,8,556,3.9864388489208635,11.07,1.8478539531818639,0.6996402877697842,0.0,11.477751798561151,14.56,0.7974955050828748,0.0,0.0,-0.11753961056281748,2.776914539400666,2.776914539400666
vm_00367,Delay-Insensitive,xxlarge_32_64,xxlarge_64_128,32,64,558,14.214139784946235,33.73,4.01437796024666,0.012544802867383513,0.0,82.10014336917563,88.24,2.185582589172517,0.0,0.0,0.21343743389041592,2.3729891861428305,2.3729891861428305
vm_00369,Interactive,small_2_4,xxlarge_64_128,2,64,549,26.77690346083789,82.55,19.88561050087444,0.13296903460837886,0.0,66.60469945355192,81.52,2.0319476990015852,0.0,0.0,28.538746464701397,3.082880741633629,3.082880741633629
vm_00370,Interactive,xlarge_16_32,xxlarge_64_128,16,64,559,33.01932021466905,100.0,28.77009847400128,0.19499105545617174,0.06797853309481217,25.443237924865834,54.97,7.243753660611329,0.0,0.0,45.873931119829386,3.0285299439803226,3.0285299439803226
vm_00371,Delay-Insensitive,small_2_4,xlarge_32_64,2,32,565,13.771150442477875,31.3,3.9958335908146823,0.019469026548672566,0.0,79.05102654867257,82.41,0.7974674059034104,0.0,0.0,-0.06360606060606244,2.272867479789736,2.272867479789736
vm_00373,Interactive,large_8_16,xlarge_32_64,8,32,562,5.186209964412812,12.69,2.4801687694946946,0.47686832740213525,0.0,19.519074733096083,23.4,0.8263563029971042,0.0,0.0,-0.0010329153605015406,2.446873552570634,2.446873552570634
vm_00374,Interactive,xlarge_16_32,small_4_8,16,4,555,5.062936936936937,16.6,2.507173647393003,0.4918918918918919,0.0,16.326594594594596,19.94,0.7590144947363173,0.0,0.0,0.3090555941069715,3.278729363364924,3.278729363364924
vm_00375,Interactive,xlarge_16_32,small_4_8,16,4,559,35.565957066189625,63.11,5.939227479387942,0.0,0.0,34.04166368515206,50.59,2.8489447687331144,0.0,0.0,0.9192153846153843,1.7744496480876317,1.7744496480876317
vm_00376,Interactive,xlarge_16_32,large_16_32,16,16,561,27.229839572192514,84.37,20.264596242389683,0.11764705882352941,0.0,52.9221568627451,69.79,3.193461201702437,0.0,0.0,34.37272727272727,3.098439114057793,3.098439114057793
vm_00377,Interactive,medium_4_8,medium_8_16,4,8,555,27.683585585585586,82.1,20.072750111735246,0.0918918918918919,0.0,62.39563963963964,78.42,3.2737819814342966,0.0,0.0,33.784581776449244,2.965656300054867,2.965656300054867
vm_00378,Interactive,medium_4_8,medium_8_16,4,8,567,26.401569664903,86.27,19.71584601991291,0.14109347442680775,0.0,55.84395061728395,69.42,2.9788352807877483,0.0,0.0,30.525132367248705,3.267608748076947,3.267608748076947
vm_00379,Interactive,xxlarge_32_64,xxlarge_64_128,32,64,561,4.883065953654189,13.37,2.4992114922795867,0.5329768270944741,0.0,20.715864527629233,24.8,1.0053588606847441,0.0,0.0,-0.10220779220779264,2.7380338760312477,2.7380338760312477
vm_00380,Interactive,xxlarge_32_64,xlarge_32_64,32,32,564,35.60187943262411,59.89,6.138114250343423,0.0,0.0,38.397021276595744,46.3,0.9962717318419103,0.0,0.0,1.2636699049193894,1.6822145615469741,1.6822145615469741
vm_00381,Interactive,large_8_16,xxlarge_64_128,8,64,563,33.21994671403198,100.0,29.18116380769507,0.19715808170515098,0.056838365896980464,24.999467140319716,35.86,3.1518921166251177,0.0,0.0,44.66977763955839,3.0102396268372216,3.0102396268372216
vm_00382,Interactive,xxlarge_32_64,xxlarge_64_128,32,64,561,5.018627450980392,16.44,2.516117418314396,0.5098039215686274,0.0,21.976613190730838,26.15,0.7671556522337994,0.0,0.0,-0.12862038618153093,3.275796053916781,3.275796053916781
vm_00383,Interactive,medium_4_8,small_4_8,4,4,551,32.796932849364794,97.4,28.841494461232433,0.21052631578947367,0.043557168784029036,28.716860254083485,36.98,1.4826663133689948,0.0,0.0,42.954343014086035,2.9697899022251537,2.9697899022251537
vm_00385,Delay-Insensitive,medium_4_8,xlarge_32_64,4,32,554,3.951083032490975,12.12,1.9636786667614092,0.6967509025270758,0.0,16.558646209386282,19.75,0.8304190587426551,0.0,0.0,-0.05665393430099286,3.0675133628763303,3.0675133628763303
vm_00386,Delay-Insensitive,small_2_4,small_4_8,2,4,560,14.041857142857141,31.14,3.867380689351782,0.010714285714285714,0.0,80.58925,84.48,1.5282882288869923,0.0,0.0,0.2928718997430657,2.2176553772903467,2.2176553772903467
vm_00387,Interactive,large_8_16,xxlarge_64_128,8,64,568,27.08588028169014,76.18,19.499524489289307,0.1056338028169014,0.0,68.50343309859154,86.46,2.521498674435748,0.0,0.0,28.64863916475681,2.8125355058700876,2.8125355058700876
vm_00388,Interactive,xxlarge_32_64,medium_8_16,32,8,567,27.503298059964727,93.5,19.580101266473317,0.08112874779541446,0.003527336860670194,58.60151675485008,69.33,2.2447195578223185,0.0,0.0,29.329786728039892,3.399592288755493,3.399592288755493
vm_00389,Interactive,xxlarge_32_64,xxlarge_64_128,32,64,557,5.054685816876122,14.91,2.425745850596671,0.5026929982046678,0.0,16.695619389587073,20.09,0.7860182317418359,0.0,0.0,-0.14935341748035214,2.9497382310528297,2.9497382310528297
vm_00390,Interactive,small_2_4,xlarge_32_64,2,32,558,5.147293906810036,14.65,2.370284097615694,0.45698924731182794,0.0,14.899982078853048,19.96,0.7871771941858445,0.0,0.0,-0.05468584726041925,2.8461557208959016,2.8461557208959016
vm_00391,Interactive,small_2_4,small_4_8,2,4,561,5.173137254901961,13.7,2.5354589181783838,0.4741532976827095,0.0,15.379180035650622,18.75,0.705238337140106,0.0,0.0,-0.26279502862071613,2.6482962513739903,2.6482962513739903
vm_00392,Delay-Insensitive,small_2_4,xlarge_32_64,2,32,554,13.872942238267147,28.95,3.991408926114193,0.01263537906137184,0.0,83.23671480144404,86.39,0.7886844643692978,0.0,0.0,-0.21152173913043448,2.0867959732539125,2.0867959732539125
vm_00394,Interactive,medium_4_8,small_4_8,4,4,556,35.330521582733816,60.2,6.316829480238976,0.0,0.0,27.630000000000003,37.62,4.134944469489979,0.0,0.0,0.23713419913420353,1.7039091783298215,1.7039091783298215
vm_00395,Interactive,xlarge_16_32,xxlarge_64_128,16,64,557,27.23872531418312,93.3,20.2803328372825,0.12567324955116696,0.003590664272890485,70.76114901256733,84.84,2.918002625920286,0.0,0.0,31.225330213832454,3.4252704164324084,3.4252704164324084
vm_00398,Interactive,small_2_4,large_16_32,2,16,558,27.31637992831541,80.93,19.728190006864722,0.12007168458781362,0.0,69.87440860215054,84.95,2.092575811658471,0.0,0.0,29.95908062066689,2.96269125749383,2.96269125749383
vm_00400,Interactive,small_2_4,medium_8_16,2,8,554,27.337996389891696,79.13,19.993459603093434,0.1299638989169675,0.0,61.61810469314079,81.07,3.5666830594945997,0.0,0.0,27.457019275661978,2.8945061983130023,2.8945061983130023
vm_00401,Interactive,xxlarge_32_64,small_4_8,32,4,555,35.713117117117115,62.58,6.340979195782699,0.0,0.0,41.59762162162162,49.9,1.0041039079773642,0.0,0.0,2.305974025974031,1.752297336431765,1.752297336431765
vm_00402,Interactive,xxlarge_32_64,xlarge_32_64,32,32,564,4.904858156028369,15.19,2.551121332060179,0.5372340425531915,0.0,20.530443262411346,24.9,0.8110736576446302,0.0,0.0,-0.446164133738602,3.096929516979113,3.096929516979113
vm_00403,Interactive,xxlarge_32_64,small_4_8,32,4,558,5.06646953405018,14.15,2.4535006848135876,0.48028673835125446,0.0,12.97578853046595,18.14,0.7115381511054955,0.0,0.0,-0.13777682403433467,2.7928718222624673,2.7928718222624673
vm_00405,Interactive,small_2_4,xlarge_32_64,2,32,564,33.85897163120567,100.0,29.253661713189768,0.18617021276595744,0.051418439716312055,28.292659574468082,37.89,1.48028801061962,0.0,0.0,51.91770212765958,2.953426970234274,2.953426970234274
vm_00406,Delay-Insensitive,xlarge_16_32,small_4_8,16,4,561,3.9774866310160424,10.43,1.9668783988802319,0.6720142602495544,0.0,10.85035650623886,13.12,0.008444006618415137,0.0,0.0,-0.26522356495468236,2.6222589709461004,2.6222589709461004
vm_00407,Interactive,large_8_16,medium_8_16,8,8,564,35.74781914893617,60.07,6.2155684351926626,0.0,0.0,36.65962765957447,47.41,1.567145373387387,0.0,0.0,2.042319140140563,1.680382228346023,1.680382228346023
vm_00408,Interactive,xlarge_16_32,xxlarge_64_128,16,64,563,27.279555950266428,88.67,20.028826014288864,0.11545293072824156,0.0,50.08134991119005,69.77,3.262540975886298,0.0,0.0,33.134960621707606,3.2504194775624273,3.2504194775624273
vm_00409,Interactive,medium_4_8,xlarge_32_64,4,32,561,26.685098039215685,90.78,20.72705922130742,0.1532976827094474,0.0035650623885918,69.60156862745099,92.29,4.573970184566139,0.0,0.008912655971479501,34.18022935779817,3.4018986876717565,3.4018986876717565
vm_00410,Interactive,medium_4_8,xxlarge_64_128,4,64,557,33.416750448833035,100.0,29.7500258575038,0.19389587073608616,0.10412926391382406,29.790107719928187,39.88,1.7838973951528445,0.0,0.0,45.175614559264865,2.9925112004267955,2.9925112004267955
vm_00411,Interactive,small_2_4,xxlarge_64_128,2,64,560,34.044785714285716,100.0,29.494142075499358,0.16964285714285715,0.04642857142857143,23.54830357142857,31.07,1.876798499821376,0.0,0.0,49.24299621530698,2.937307370333615,2.937307370333615
vm_00412,Interactive,large_8_16,xxlarge_64_128,8,64,559,35.93350626118068,56.05,5.864462031955184,0.0,0.0,39.31402504472272,47.72,1.6744215518864416,0.0,0.0,1.325906039381529,1.5598255175157054,1.5598255175157054
vm_00413,Interactive,xxlarge_32_64,xxlarge_64_128,32,64,559,27.722236135957065,87.87,20.012740337472728,0.11627906976744186,0.0,79.51824686940965,95.14,5.379473645810657,0.0,0.13237924865831843,31.589540170940175,3.1696577277916056,3.1696577277916056
vm_00414,Delay-Insensitive,large_8_16,large_16_32,8,16,557,54.99181328545781,100.0,11.504946845679447,0.0,0.01615798922800718,49.95014362657091,63.76,2.5786933380788595,0.0,0.0,1.1459840804688781,1.8184524936631665,1.8184524936631665
vm_00415,Interactive,large_8_16,xxlarge_64_128,8,64,560,5.086250000000001,14.28,2.346371051413724,0.475,0.0,12.963821428571428,16.91,0.7802318610284813,0.0,0.0,-0.06947014297729215,2.8075694273777336,2.8075694273777336
vm_00416,Interactive,small_2_4,large_16_32,2,16,556,28.023129496402877,82.64,20.236398406309256,0.1079136690647482,0.0,54.081384892086334,70.64,4.353423760556576,0.0,0.0,30.760043324775356,2.9489925459826996,2.9489925459826996
vm_00417,Interactive,small_2_4,small_4_8,2,4,553,4.991971066907776,13.76,2.500987323711229,0.49005424954792043,0.0,12.851066907775769,16.12,0.7694521749275556,0.0,0.0,-0.1161482029882892,2.7564262323586517,2.7564262323586517
vm_00418,Interactive,large_8_16,xlarge_32_64,8,32,558,35.680197132616485,61.67,6.058840844977475,0.0,0.0,34.702060931899645,39.55,0.975415144254736,0.0,0.0,0.4935113960113924,1.728409733017572,1.728409733017572
vm_00419,Interactive,small_2_4,large_16_32,2,16,564,5.096826241134752,13.8,2.483025792295996,0.475177304964539,0.0,13.551648936170213,18.44,0.7829261124106319,0.0,0.0,0.2682006079027355,2.70756728738855,2.70756728738855
vm_00420,Delay-Insensitive,large_8_16,xlarge_32_64,8,32,558,13.96263440860215,30.89,3.998051686061019,0.017921146953405017,0.0,80.34444444444443,83.85,0.8131155343076742,0.0,0.0,0.28515310377695613,2.21233322423519,2.21233322423519
vm_00421,Interactive,small_2_4,large_16_32,2,16,567,27.43973544973545,88.63,20.18621227928375,0.12345679012345678,0.0,72.59805996472663,82.12,2.029214223262057,0.0,0.0,32.667922071263774,3.229987408674324,3.229987408674324
vm_00423,Interactive,medium_4_8,small_4_8,4,4,561,35.58026737967914,56.14,6.117162954094965,0.0,0.0,35.30415329768271,44.75,3.23819598774216,0.0,0.0,1.0070844537266694,1.5778408689548826,1.5778408689548826
vm_00424,Interactive,medium_4_8,medium_8_16,4,8,561,36.01572192513369,61.48,6.021494939651669,0.0,0.0,24.355864527629233,37.61,2.790192071506934,0.0,0.0,1.9164971251658542,1.7070322823959827,1.7070322823959827
vm_00425,Interactive,xxlarge_32_64,xlarge_32_64,32,32,555,33.27473873873874,100.0,29.303988689862514,0.1927927927927928,0.07027027027027027,32.0129009009009,41.29,1.5211961078259737,0.0,0.0,49.03370366390889,3.0052827998189247,3.0052827998189247
vm_00426,Interactive,xxlarge_32_64,medium_8_16,32,8,561,4.967754010695187,13.33,2.475879919361094,0.48663101604278075,0.0,19.558039215686275,23.83,0.8314037646582773,0.0,0.0,0.02394181761154268,2.683305165936467,2.683305165936467
vm_00427,Interactive,large_8_16,xlarge_32_64,8,32,552,35.568206521739135,58.24,5.862959914194923,0.0,0.0,28.160615942028986,34.37,1.1018062966736373,0.0,0.0,2.145321438685933,1.6374173930980738,1.6374173930980738
vm_00428,Interactive,small_2_4,small_4_8,2,4,557,26.93488330341113,90.33,20.294758728939204,0.12926391382405744,0.003590664272890485,70.27978456014363,88.98,3.4469577802917324,0.0,0.0,32.811604408414134,3.353643636858092,3.353643636858092
vm_00429,Interactive,xlarge_16_32,large_16_32,16,16,564,27.242393617021275,86.33,19.59802496069153,0.11347517730496454,0.0,63.248758865248234,80.6,2.8263311302037546,0.0,0.0,30.320979692788335,3.1689579562516963,3.1689579562516963
vm_00430,Interactive,xlarge_16_32,xxlarge_64_128,16,64,561,33.676880570409985,100.0,29.619700310802983,0.20677361853832443,0.11764705882352941,25.761408199643494,43.66,5.159425664936356,0.0,0.0,43.52887994220412,2.9693961645564193,2.9693961645564193
vm_00431,Delay-Insensitive,small_2_4,medium_8_16,2,8,556,13.801061151079137,30.24,3.97752897032408,0.01618705035971223,0.0,83.32521582733813,87.43,0.871285137697458,0.0,0.0,-0.6097637701332275,2.1911358604215345,2.1911358604215345
vm_00433,Interactive,large_8_16,xlarge_32_64,8,32,561,26.89782531194296,85.49,19.929727595930693,0.13012477718360071,0.0,62.4584670231729,74.69,2.8264576775406445,0.0,0.0,26.70537666387171,3.178323861075914,3.178323861075914
vm_00434,Interactive,xlarge_16_32,medium_8_16,16,8,561,35.40347593582887,56.8,5.881022736906325,0.0,0.0,27.839803921568627,36.72,1.5051850138007326,0.0,0.0,0.9898107924212312,1.6043622412373784,1.6043622412373784
vm_00435,Delay-Insensitive,xlarge_16_32,xxlarge_64_128,16,64,556,13.983039568345323,30.79,3.894684333767344,0.01079136690647482,0.0,80.31771582733813,85.08,0.8894798551929727,0.0,0.0,0.05129523201362396,2.2019532913074293,2.2019532913074293
vm_00436,Interactive,large_8_16,small_4_8,8,4,564,27.309113475177305,83.08,19.648599611886777,0.11524822695035461,0.0,68.33934397163121,82.58,4.405136082209923,0.0,0.0,28.193554001554006,3.042207872310311,3.042207872310311
vm_00440,Interactive,small_2_4,xxlarge_64_128,2,64,550,27.363527272727275,76.99,20.01404501184229,0.12181818181818181,0.0,57.24987272727273,73.22,2.50573240462544,0.0,0.0,30.29856548601356,2.8135992568741135,2.8135992568741135
vm_00441,Interactive,large_8_16,medium_8_16,8,8,555,33.684846846846845,100.0,30.367145546325826,0.21621621621621623,0.0936936936936937,41.12830630630631,57.04,4.340586563019008,0.0,0.0,47.64018882978723,2.968693919098544,2.968693919098544
vm_00442,Interactive,xxlarge_32_64,large_16_32,32,16,561,33.30058823529412,100.0,29.56394116106291,0.1889483065953654,0.11051693404634581,29.406292335115864,35.63,1.6083203794514955,0.0,0.0,48.93219394431069,3.0029499567221913,3.0029499567221913
vm_00443,Delay-Insensitive,xlarge_16_32,xlarge_32_64,16,32,552,13.876829710144928,31.09,3.928889590659788,0.014492753623188406,0.0,71.98393115942028,76.98,0.7869986744478559,0.0,0.0,0.28897823261858235,2.2404252735962484,2.2404252735962484
vm_00444,Interactive,large_8_16,medium_8_16,8,8,555,27.575765765765766,82.76,19.332424725246177,0.1063063063063063,0.0,68.64736936936937,78.97,2.2186900383027064,0.0,0.0,32.03279396475888,3.001185921833703,3.001185921833703
vm_00445,Interactive,small_2_4,xlarge_32_64,2,32,556,27.48728417266187,97.08,20.351059816974026,0.12050359712230216,0.00539568345323741,59.305467625899276,73.1,2.3003990951893925,0.0,0.0,35.13330087271179,3.5318149072200162,3.5305158581406437
vm_00446,Interactive,large_8_16,large_16_32,8,16,553,5.032169981916817,15.07,2.573330609847002,0.4864376130198915,0.0,20.484050632911394,23.37,0.768961192955954,0.0,0.0,0.20288043184885307,2.9947319057492665,2.9947319057492665
vm_00448,Interactive,xxlarge_32_64,small_4_8,32,4,555,34.07511711711712,100.0,29.844421899798814,0.17297297297297298,0.10990990990990991,23.837117117117117,38.17,4.012472699140647,0.0,0.0,52.059785283441876,2.934692774680634,2.934692774680634
vm_00449,Delay-Insensitive,xlarge_16_32,xxlarge_64_128,16,64,559,4.004418604651162,10.34,1.9872668980531263,0.6976744186046512,0.0,15.140733452593917,19.04,0.7867427511097397,0.0,0.0,-0.05901574177134705,2.582147627620652,2.582147627620652
vm_00450,Interactive,xlarge_16_32,small_4_8,16,4,563,27.32550621669627,85.99,19.332215802857963,0.1172291296625222,0.0,54.91474245115453,72.74,5.791339256794337,0.0,0.0,26.83919276018099,3.14687674285276,3.14687674285276
vm_00451,Delay-Insensitive,xlarge_16_32,xlarge_32_64,16,32,554,54.081010830324914,100.0,10.738062250387255,0.0,0.018050541516245487,47.445180505415166,60.17,2.4128590980480773,0.0,0.0,0.5046209038337963,1.8490778642015855,1.8490778642015855
vm_00452,Interactive,xxlarge_32_64,small_4_8,32,4,557,35.535906642728904,59.62,5.980443618675863,0.0,0.0,31.980592459605024,41.25,1.2772626308697934,0.0,0.0,1.2627439993641758,1.6777396620102558,1.6777396620102558
vm_00453,Interactive,xxlarge_32_64,small_4_8,32,4,552,33.61663043478261,100.0,29.801692095975337,0.18478260869565216,0.08152173913043478,25.154710144927535,36.55,3.6440259027228974,0.0,0.0,49.19806535346844,2.9747181292903035,2.9747181292903035
vm_00454,Interactive,xlarge_16_32,small_4_8,16,4,557,27.41822262118492,82.6,19.981042604475412,0.118491921005386,0.0,51.00132854578097,71.07,4.5897784888941215,0.0,0.0,33.67931047745358,3.01259498623293,3.01259498623293
vm_00455,Interactive,small_2_4,medium_8_16,2,8,551,26.654464609800364,95.11,20.143138042838217,0.13430127041742287,0.0018148820326678765,70.22417422867512,81.77,2.04004990993939,0.0,0.0,33.81554827435562,3.5682577531506587,3.5305158581406437
vm_00456,Interactive,small_2_4,large_16_32,2,16,561,35.86953654188949,60.09,6.34681743636425,0.0,0.0,42.54645276292335,52.19,1.4605135110872005,0.0,0.0,2.0533117597736137,1.675237702885432,1.675237702885432
vm_00458,Interactive,large_8_16,xlarge_32_64,8,32,557,27.202836624775582,80.64,19.550801282505248,0.12746858168761221,0.0,52.59622980251346,70.03,3.4105325336262795,0.0,0.0,28.386319505384925,2.964396732308253,2.964396732308253
vm_00460,Interactive,medium_4_8,large_16_32,4,16,558,4.927813620071684,13.4,2.5385714372183505,0.5125448028673835,0.0,19.843458781362006,24.5,0.8026672597632328,0.0,0.0,-0.01934472934472975,2.71925868815734,2.71925868815734
vm_00461,Interactive,small_2_4,xlarge_32_64,2,32,563,33.39710479573712,100.0,29.002425944083093,0.1705150976909414,0.07282415630550622,31.823321492007103,45.98,4.159661370869334,0.0,0.0,41.65738095238095,2.9942715277751923,2.9942715277751923
vm_00462,Interactive,small_2_4,xlarge_32_64,2,32,554,33.43241877256318,100.0,27.896880494708842,0.17870036101083034,0.11010830324909747,22.388267148014442,32.65,2.008290923853417,0.0,0.0,39.36483827075671,2.9911087403004926,2.9911087403004926
vm_00463,Interactive,xlarge_16_32,xlarge_32_64,16,32,562,33.69320284697508,100.0,29.169828001880884,0.16548042704626334,0.04092526690391459,31.623398576512454,38.99,1.5572765252097847,0.0,0.0,46.50305512016719,2.967957675444851,2.967957675444851
vm_00464,Interactive,xlarge_16_32,xxlarge_64_128,16,64,553,5.0063110307414105,14.17,2.4222558335928257,0.4972875226039783,0.0,17.54358047016275,20.9,0.8265816094065971,0.0,0.0,0.03620609087979254,2.830427417111855,2.830427417111855
vm_00465,Delay-Insensitive,xxlarge_32_64,large_16_32,32,16,557,13.873931777378814,29.91,3.927049043439859,0.008976660682226212,0.0,85.84885098743267,92.32,0.7876050399650433,0.0,0.3105924596050269,0.34526720097987074,2.155841651806858,2.155841651806858
vm_00467,Interactive,small_2_4,xlarge_32_64,2,32,554,27.1771119133574,87.2,19.49121206807238,0.13537906137184116,0.0,54.67821299638989,66.01,3.7172492529826564,0.0,0.0,27.488155662909286,3.2085822907893933,3.2085822907893933
vm_00468,Interactive,xxlarge_32_64,small_4_8,32,4,562,34.06131672597865,100.0,29.590248539034334,0.17793594306049823,0.08896797153024912,28.403131672597866,38.58,3.388931571796293,0.0,0.0,51.004914047758476,2.9358818041150405,2.9358818041150405
vm_00469,Interactive,medium_4_8,small_4_8,4,4,556,27.403075539568345,96.48,19.921474937292324,0.09892086330935251,0.0017985611510791368,63.568093525179854,75.3,2.3829581053341786,0.0,0.0,32.96625426859246,3.520772690667106,3.520772690667106
vm_00471,Delay-Insensitive,small_2_4,large_16_32,2,16,557,3.884883303411131,11.26,2.041062160629033,0.6983842010771992,0.0,17.468168761220827,22.42,0.7739696471011602,0.0,0.0,-0.14961505854925017,2.8984139601086936,2.8984139601086936
vm_00473,Interactive,xlarge_16_32,xlarge_32_64,16,32,559,26.903989266547406,89.1,19.94642543967899,0.13059033989266547,0.0,60.53007155635062,70.64,1.9932449530600058,0.0,0.0,30.469236497588383,3.3117765219594224,3.3117765219594224
vm_00474,Interactive,medium_4_8,small_4_8,4,4,561,4.990677361853832,18.23,2.3594110730837414,0.5098039215686274,0.0,12.867950089126559,16.91,0.7698735315928927,0.0,0.0,0.12552811103269867,3.652810766598685,3.5305158581406437
vm_00475,Interactive,xlarge_16_32,small_4_8,16,4,560,27.59989285714286,81.29,19.912189046365445,0.11071428571428571,0.0,34.39942857142857,64.62,7.2166145781691835,0.0,0.0,31.487808008819943,2.945301288695479,2.945301288695479
vm_00476,Interactive,small_2_4,medium_8_16,2,8,554,35.89608303249098,58.92,6.13308627017696,0.0,0.0,30.20873646209386,37.14,1.158167720712776,0.0,0.0,1.1520174449812046,1.6414047166836883,1.6414047166836883
vm_00477,Delay-Insensitive,xlarge_16_32,small_4_8,16,4,560,54.816232142857146,100.0,11.426713432761709,0.0,0.02857142857142857,38.604125,54.36,3.4866660322040013,0.0,0.0,-1.1392357022708097,1.8242771546097691,1.8242771546097691
vm_00478,Interactive,small_2_4,small_4_8,2,4,566,35.761166077738515,61.28,5.980090571189202,0.0,0.0,35.59332155477032,43.52,1.0019868363972293,0.0,0.0,0.6102945557267603,1.7135906549240594,1.7135906549240594
vm_00479,Delay-Insensitive,small_2_4,xlarge_32_64,2,32,561,13.91458110516934,31.09,3.8279691852393936,0.0142602495543672,0.0,74.46598930481284,80.86,2.7958514790207767,0.0,0.0,-0.49959029248020137,2.2343468168402065,2.2343468168402065
vm_00480,Interactive,small_2_4,xxlarge_64_128,2,64,563,35.85742451154529,60.38,5.904980189796512,0.0,0.0,37.215861456483125,42.91,1.0300727759882016,0.0,0.0,1.5060705760249036,1.6838911556673288,1.6838911556673288
vm_00482,Interactive,xlarge_16_32,medium_8_16,16,8,561,5.099304812834225,13.82,2.4603459501507547,0.47237076648841353,0.0,12.986666666666668,17.55,0.7778342949987422,0.0,0.0,0.058835984354628224,2.7101733485743047,2.7101733485743047
vm_00484,Interactive,medium_4_8,xlarge_32_64,4,32,562,35.829768683274025,64.18,5.951720922794701,0.0,0.0,29.442330960854093,38.05,3.2057613149811557,0.0,0.0,1.6309227121117402,1.7912479582923004,1.7912479582923004
vm_00485,Interactive,xxlarge_32_64,xlarge_32_64,32,32,554,27.51750902527076,89.24,19.959324431415702,0.11732851985559567,0.0,61.61691335740072,78.87,2.7222276478651417,0.0,0.0,33.85230402208731,3.243026100874402,3.243026100874402
vm_00486,Interactive,small_2_4,large_16_32,2,16,560,35.40741071428572,56.14,6.174106171943052,0.0,0.0,32.043375000000005,43.72,1.5904965534928328,0.0,0.0,2.0244943628512573,1.585543784972375,1.585543784972375
vm_00487,Interactive,large_8_16,xxlarge_64_128,8,64,562,26.99243772241993,84.97,19.865053800483775,0.12277580071174377,0.0,73.60978647686832,88.09,2.9689095972681514,0.0,0.0,32.79875636893002,3.1479187198206957,3.1479187198206957
vm_00488,Delay-Insensitive,xlarge_16_32,small_4_8,16,4,558,13.893476702508961,29.82,3.930689738788352,0.017921146953405017,0.0,86.718082437276,91.3,0.7836276277040322,0.0,0.07706093189964158,0.3775379867046542,2.1463310183990836,2.1463310183990836
vm_00489,Interactive,medium_4_8,xxlarge_64_128,4,64,556,4.852985611510792,13.32,2.4381544652029317,0.5251798561151079,0.0,13.043057553956833,17.85,0.8052919588720081,0.0,0.0,-0.27871699119765303,2.7447021413800003,2.7447021413800003
vm_00490,Interactive,small_2_4,medium_8_16,2,8,550,27.775527272727274,83.92,20.665265825831046,0.12727272727272726,0.0,70.57939999999999,91.73,2.854775662602719,0.0,0.0036363636363636364,35.015847141364375,3.0213647854815293,3.0213647854815293
vm_00491,Interactive,xlarge_16_32,xxlarge_64_128,16,64,564,33.442393617021274,100.0,29.415913995900926,0.1879432624113475,0.11347517730496454,33.614113475177305,39.72,1.867026899534024,0.0,0.0,45.46670835055808,2.99021658393204,2.99021658393204
vm_00492,Interactive,small_2_4,large_16_32,2,16,562,26.61062277580071,86.67,20.02575384994327,0.13167259786476868,0.0,62.19186832740214,80.36,3.1998084106684166,0.0,0.0,28.12040504309386,3.256969997666359,3.256969997666359
vm_00494,Interactive,xxlarge_32_64,large_16_32,32,16,555,27.399189189189187,81.15,20.56426559295273,0.13693693693693693,0.0,74.00536936936938,88.02,2.2864441988623687,0.0,0.0,32.575796012597415,2.9617664756305677,2.9617664756305677
vm_00496,Interactive,small_2_4,small_4_8,2,4,560,35.75642857142857,57.67,6.112775129204388,0.0,0.0,47.060946428571434,56.04,2.3393405330357995,0.0,0.0,2.2303931875525578,1.6128568289418486,1.6128568289418486
vm_00497,Interactive,small_2_4,medium_8_16,2,8,562,26.403594306049822,83.01,19.701799828180672,0.12811387900355872,0.0,58.071654804270466,79.0,2.611656702684606,0.0,0.0,28.19473928944619,3.1438901475993375,3.1438901475993375
vm_00498,Delay-Insensitive,small_2_4,small_4_8,2,4,560,13.917892857142858,30.28,4.162972421271954,0.01607142857142857,0.0,75.43571428571428,78.28,0.8220282458680239,0.0,0.0,0.14345155890353567,2.1756166907449557,2.1756166907449557
vm_00499,Interactive,small_2_4,medium_8_16,2,8,558,35.86005376344086,58.23,5.906560558164618,0.0,0.0,40.168351254480285,48.54,0.9944933511147013,0.0,0.0,0.9644058104985191,1.6238124009553265,1.6238124009553265
vm_00501,Interactive,xlarge_16_32,large_16_32,16,16,559,5.053130590339892,15.8,2.477887664647961,0.4883720930232558,0.0,16.986815742397138,21.44,0.81009992306081,0.0,0.0,-0.19147869872403245,3.1267745247282903,3.1267745247282903
vm_00502,Interactive,xlarge_16_32,small_4_8,16,4,552,36.37041666666667,58.72,6.109024624172148,0.0,0.0,33.24597826086956,41.52,2.1852922291007855,0.0,0.0,1.6021417077880287,1.6144989632141504,1.6144989632141504
vm_00503,Delay-Insensitive,medium_4_8,small_4_8,4,4,556,13.994640287769785,32.49,3.93529934712152,0.012589928057553957,0.0,84.75553956834533,88.04,0.7702057033407056,0.0,0.0,0.01859142188165208,2.321603080315948,2.321603080315948
vm_00504,Delay-Insensitive,small_2_4,large_16_32,2,16,559,3.9873703041144903,10.32,1.9476332638284477,0.6994633273703041,0.0,8.368175313059036,12.73,0.7761714915300711,0.0,0.0,0.15482243236143933,2.5881719561764784,2.5881719561764784
vm_00505,Interactive,small_2_4,small_4_8,2,4,556,26.673003597122303,80.61,19.901809292732942,0.13489208633093525,0.0,64.24573741007194,79.63,2.659893108216658,0.0,0.0,28.44628691308691,3.022156830087814,3.022156830087814
vm_00506,Delay-Insensitive,xlarge_16_32,medium_8_16,16,8,562,14.054644128113878,29.98,4.046332724629273,0.014234875444839857,0.0,74.10629893238433,81.44,1.3296837988613173,0.0,0.0,0.1226722430685836,2.1331027471574475,2.1331027471574475
vm_00507,Interactive,large_8_16,medium_8_16,8,8,560,34.83105357142857,100.0,29.770496364815624,0.16071428571428573,0.08214285714285714,25.259232142857144,38.19,2.422857968006613,0.0,0.0,52.210325760260396,2.871001297590051,2.871001297590051
vm_00508,Interactive,medium_4_8,xxlarge_64_128,4,64,558,33.60480286738351,100.0,29.678981583044106,0.1881720430107527,0.1111111111111111,31.921362007168458,42.8,5.294871670320331,0.0,0.0,43.73138965010524,2.975765112940419,2.975765112940419
vm_00509,Interactive,xlarge_16_32,large_16_32,16,16,561,27.08023172905526,81.89,19.47537314285271,0.12477718360071301,0.0,56.09311942959002,80.83,5.7193535225642735,0.0,0.0,29.76094591761869,3.023977077424251,3.023977077424251
vm_00510,Interactive,xlarge_16_32,large_16_32,16,16,551,27.49,82.8,20.487690876586,0.1306715063520871,0.0,60.456261343012706,76.19,2.0255696834433357,0.0,0.0,31.763577475801448,3.0120043652237176,3.0120043652237176
vm_00511,Interactive,xxlarge_32_64,large_16_32,32,16,560,36.12216071428571,57.42,5.764566349495713,0.0,0.0,40.16489285714286,46.43,1.132044072015945,0.0,0.0,2.0170213017285477,1.589605905753344,1.589605905753344
vm_00512,Interactive,medium_4_8,small_4_8,4,4,556,36.16016187050359,68.16,5.834664458486031,0.0,0.0,30.121888489208633,38.51,1.0028924987851466,0.0,0.0,1.4694523305084743,1.8849473142319966,1.8849473142319966
vm_00513,Interactive,small_2_4,xxlarge_64_128,2,64,555,35.77774774774775,60.92,5.962337432742776,0.0,0.0,32.926,39.9,1.8332663635071604,0.0,0.0,1.5839742222696174,1.702734348442461,1.702734348442461
vm_00514,Interactive,large_8_16,xlarge_32_64,8,32,561,28.100231729055256,95.06,19.98159679509924,0.1051693404634581,0.0017825311942959,64.45864527629234,85.18,3.306209139744833,0.0,0.0,30.14248953208417,3.3828902521721647,3.3828902521721647
vm_00515,Delay-Insensitive,xlarge_16_32,large_16_32,16,16,555,4.052126126126126,10.65,1.9692712881789944,0.6738738738738739,0.0,9.772018018018018,14.27,0.8329954860737058,0.0,0.0,-0.08614032737696498,2.6282498788312667,2.6282498788312667
vm_00516,Interactive,xxlarge_32_64,xxlarge_64_128,32,64,549,27.49225865209472,85.96,19.731000960513374,0.122040072859745,0.0,49.7943897996357,70.57,3.3048404338234496,0.0,0.0,30.299985007496254,3.1266983585377566,3.1266983585377566
vm_00517,Interactive,xxlarge_32_64,small_4_8,32,4,555,32.83313513513514,100.0,28.855627082787695,0.2036036036036036,0.05225225225225225,34.86830630630631,42.42,1.5280145726287877,0.0,0.0,48.653333779264216,3.0457036645577227,3.0457036645577227
vm_00518,Delay-Insensitive,small_2_4,large_16_32,2,16,557,13.898563734290844,30.79,4.101479696794174,0.017953321364452424,0.0,84.14226211849191,89.63,0.7893107248599619,0.0,0.0,0.1567076923076911,2.215336821029516,2.215336821029516
vm_00519,Interactive,xlarge_16_32,small_4_8,16,4,565,35.80922123893805,62.73,6.058643180933694,0.0,0.0,31.807539823008845,37.87,0.9819705188641906,0.0,0.0,1.3721231463571897,1.7517834186181342,1.7517834186181342
vm_00521,Interactive,xxlarge_32_64,small_4_8,32,4,555,4.998306306306306,14.84,2.506580367884526,0.5171171171171172,0.0,21.60302702702703,24.94,0.7662326547581221,0.0,0.0,0.298768561872909,2.9690057172519704,2.9690057172519704
vm_00522,Delay-Insensitive,large_8_16,xxlarge_64_128,8,64,561,4.12096256684492,11.46,2.025597213616404,0.661319073083779,0.0,12.882459893048129,17.01,0.7667042237343761,0.0,0.0,0.13637841012922536,2.780903687939581,2.780903687939581
vm_00524,Interactive,medium_4_8,xxlarge_64_128,4,64,563,27.092007104795737,82.16,19.46351689938065,0.108348134991119,0.0,74.22241563055063,84.44,2.805945300569987,0.0,0.0,27.292837557663404,3.03262876324347,3.03262876324347
vm_00527,Delay-Insensitive,large_8_16,medium_8_16,8,8,558,54.78949820788531,95.7,10.591545107062231,0.0,0.0035842293906810036,46.4136917562724,63.93,2.505841074030468,0.0,0.0,-0.5851055143160124,1.7466850971492718,1.7466850971492718
vm_00528,Interactive,xlarge_16_32,xxlarge_64_128,16,64,548,27.33487226277372,86.58,20.11729864412347,0.12773722627737227,0.0,63.030218978102184,80.1,2.053373633608948,0.0,0.0,31.131932074851818,3.1673826446926503,3.1673826446926503
vm_00530,Interactive,small_2_4,xxlarge_64_128,2,64,559,5.080286225402505,14.24,2.4988440174017565,0.48300536672629696,0.0,21.855295169946334,24.97,0.7641521718550716,0.0,0.0,-0.29597991277917224,2.802991675704607,2.802991675704607
vm_00531,Interactive,xlarge_16_32,xlarge_32_64,16,32,566,27.057367491166076,80.28,19.330809586055153,0.12190812720848057,0.0,63.844876325088336,81.49,1.9861168327097514,0.0,0.0,30.687334238573477,2.967029221383437,2.967029221383437
vm_00532,Interactive,xlarge_16_32,medium_8_16,16,8,555,33.63843243243244,100.0,29.66360652772075,0.1837837837837838,0.036036036036036036,22.791945945945947,30.88,1.8108128389944376,0.0,0.0,48.767756352087105,2.9727901322650565,2.9727901322650565
vm_00533,Interactive,medium_4_8,small_4_8,4,4,554,35.61476534296029,55.76,6.181635495166929,0.0,0.0,28.356480144404333,35.14,1.2175744692677466,0.0,0.0,1.3064995664643533,1.5656427738059397,1.5656427738059397
vm_00535,Delay-Insensitive,xxlarge_32_64,xlarge_32_64,32,32,561,4.01,10.53,1.8971382583851313,0.6987522281639929,0.0,10.618413547237077,15.81,1.3017647966572738,0.0,0.0,-0.22791082138200824,2.625935162094763,2.625935162094763
vm_00536,Interactive,xlarge_16_32,xxlarge_64_128,16,64,557,34.654775583482945,100.0,29.6603945073669,0.16696588868940754,0.03949730700179533,30.57181328545781,40.67,3.4581015991596953,0.0,0.0,43.91460313675621,2.885605181863065,2.885605181863065
vm_00538,Interactive,medium_4_8,xlarge_32_64,4,32,563,4.8787033747779756,15.06,2.451883709522982,0.5008880994671403,0.0,15.803730017761989,20.08,0.8752504135448866,0.0,0.0,-0.027780367746640167,3.0868857651517634,3.0868857651517634
vm_00539,Delay-Insensitive,medium_4_8,large_16_32,4,16,551,14.028838475499093,34.72,3.8314477815772614,0.012704174228675136,0.0,86.05660617059891,89.41,0.7977274010804567,0.0,0.0,0.287858813291999,2.4749019714381446,2.4749019714381446
vm_00540,Interactive,small_2_4,small_4_8,2,4,560,34.47353571428572,100.0,28.835719004691153,0.15892857142857142,0.048214285714285716,20.701660714285715,34.03,4.571384033058532,0.0,0.0,42.02681401080174,2.9007758539417914,2.9007758539417914
vm_00541,Interactive,medium_4_8,small_4_8,4,4,554,26.517906137184116,89.3,19.69948094023959,0.11191335740072202,0.0,61.02203971119133,82.1,5.851244283542593,0.0,0.0,32.34273436659132,3.3675358656911887,3.3675358656911887
vm_00543,Delay-Insensitive,xxlarge_32_64,large_16_32,32,16,558,13.69179211469534,38.21,4.081679787597686,0.01971326164874552,0.0,78.32663082437276,83.07,0.7853351420684802,0.0,0.0,-0.03610328700349008,2.7907230609343956,2.7907230609343956
vm_00544,Interactive,medium_4_8,medium_8_16,4,8,560,36.12694642857143,57.65,5.948513513507458,0.0,0.0,28.43039285714286,37.04,1.1256995547682378,0.0,0.0,1.8064149390602395,1.5957617706213554,1.5957617706213554
vm_00545,Interactive,xlarge_16_32,xlarge_32_64,16,32,562,4.927437722419929,16.09,2.493830215743636,0.5088967971530249,0.0,16.09879003558719,19.93,0.7701792476322773,0.0,0.0,0.3042378048780483,3.265388809845372,3.265388809845372
vm_00546,Delay-Insensitive,small_2_4,large_16_32,2,16,555,55.353315315315314,97.97,10.911367561283805,0.0,0.007207207207207207,42.446378378378384,59.74,4.2247847915925485,0.0,0.0,1.270304203391646,1.769903021019111,1.769903021019111
vm_00548,Delay-Insensitive,xlarge_16_32,medium_8_16,16,8,559,14.161502683363148,30.26,4.171721350739835,0.008944543828264758,0.0,75.26508050089446,80.36,0.772532227091588,0.0,0.0,0.31736923969208064,2.1367788910953127,2.1367788910953127
vm_00549,Interactive,xxlarge_32_64,medium_8_16,32,8,563,27.67486678507993,94.8,20.596147294814518,0.13854351687388988,0.003552397868561279,69.07909413854351,86.13,2.86488528274574,0.0,0.0,34.74205385372933,3.425490743504086,3.425490743504086
vm_00550,Interactive,small_2_4,xxlarge_64_128,2,64,561,4.918235294117647,13.08,2.4636306515780646,0.49376114081996436,0.0,15.451069518716576,18.99,0.8201545567417359,0.0,0.0,0.15405490608170158,2.659490491567994,2.659490491567994
vm_00551,Interactive,small_2_4,large_16_32,2,16,564,33.79480496453901,100.0,29.204859947352716,0.17907801418439717,0.13297872340425532,25.95200354609929,35.56,1.5566218124925923,0.0,0.0,52.100139817629184,2.9590346831393255,2.9590346831393255
vm_00552,Interactive,xlarge_16_32,xxlarge_64_128,16,64,564,35.35744680851064,56.95,6.047210640013849,0.0,0.0,33.728386524822696,43.19,0.9795979453454486,0.0,0.0,2.0925951825951756,1.610693224214707,1.610693224214707
vm_00554,Delay-Insensitive,medium_4_8,xlarge_32_64,4,32,553,13.956799276672694,28.54,3.9315261065731386,0.012658227848101266,0.0,79.42625678119349,85.99,0.7893736642237644,0.0,0.0,-0.07653538032848495,2.0448814541383835,2.0448814541383835
vm_00555,Interactive,medium_4_8,medium_8_16,4,8,554,5.126823104693141,13.82,2.343527197695136,0.49458483754512633,0.0,20.24554151624549,24.19,0.8045484256148663,0.0,0.0,0.17740189589934907,2.695626456732834,2.695626456732834
vm_00558,Interactive,medium_4_8,medium_8_16,4,8,552,35.8730615942029,59.75,5.670412930787021,0.0,0.0,34.62003623188406,42.18,1.3564562290789834,0.0,0.0,1.415209551656929,1.6655952222838883,1.6655952222838883
vm_00559,Interactive,medium_4_8,small_4_8,4,4,551,27.64885662431942,84.03,19.69173044612998,0.10707803992740472,0.0,56.056751361161524,66.76,2.6612560550975912,0.0,0.0,27.47165975890559,3.03918535011277,3.03918535011277
vm_00560,Interactive,xxlarge_32_64,small_4_8,32,4,555,27.65027027027027,82.31,20.139061522928394,0.11351351351351352,0.0,62.65913513513514,75.07,3.2528426848292606,0.0,0.0,31.416295212765956,2.9768244286747603,2.9768244286747603
vm_00562,Interactive,xlarge_16_32,small_4_8,16,4,560,4.95225,14.22,2.439893896707684,0.5053571428571428,0.0,17.490928571428572,21.23,0.8527939109998317,0.0,0.0,0.044802354920101095,2.8714220808723305,2.8714220808723305
vm_00564,Interactive,small_2_4,small_4_8,2,4,559,27.135223613595706,84.03,19.97583728342623,0.1252236135957066,0.0,68.64568872987478,87.41,4.85137967846855,0.0,0.0,32.13877094017094,3.09671301024024,3.09671301024024
vm_00565,Delay-Insensitive,xlarge_16_32,xxlarge_64_128,16,64,549,4.07167577413479,12.7,2.0070821043290374,0.6703096539162113,0.0,14.567868852459016,18.09,0.7833919400109027,0.0,0.0,-0.02277301315037139,3.1191088643836538,3.1191088643836538
vm_00566,Interactive,xxlarge_32_64,xxlarge_64_128,32,64,556,33.53278776978417,100.0,30.179353254252593,0.20323741007194246,0.11151079136690648,25.24841726618705,33.88,1.6148553652883102,0.0,0.0,48.980219659309334,2.9821558734257194,2.9821558734257194
vm_00568,Interactive,medium_4_8,xxlarge_64_128,4,64,559,34.1957602862254,100.0,30.060543878992892,0.18246869409660108,0.0626118067978533,19.59824686940966,30.38,1.6259976159853393,0.0,0.0,53.28510085470085,2.9243391333598043,2.9243391333598043
vm_00569,Interactive,xxlarge_32_64,xxlarge_64_128,32,64,558,4.917293906810036,13.97,2.4319471603353118,0.507168458781362,0.0,21.663279569892474,26.93,0.8173261770490302,0.0,0.0,0.028921323324992976,2.84099349454234,2.84099349454234
vm_00570,Delay-Insensitive,small_2_4,small_4_8,2,4,558,14.04989247311828,27.88,3.998544212991355,0.016129032258064516,0.0,79.33157706093189,85.12,0.8088436369657159,0.0,0.0,-0.05773191241802422,1.9843568236086448,1.9843568236086448
vm_00571,Interactive,medium_4_8,xlarge_32_64,4,32,559,26.88819320214669,96.48,19.44950647921913,0.1073345259391771,0.0017889087656529517,58.34695885509839,73.27,2.7959796502115895,0.0,0.0,32.4812952124855,3.5881920095805198,3.5305158581406437
vm_00573,Interactive,medium_4_8,xxlarge_64_128,4,64,559,26.86093023255814,88.28,19.417026777604764,0.10912343470483005,0.0,69.65885509838999,95.32,5.080042345105992,0.0,0.06440071556350627,31.906556098850274,3.286557808522796,3.286557808522796
vm_00575,Interactive,xlarge_16_32,xlarge_32_64,16,32,557,5.098635547576301,12.67,2.470950128553558,0.5044883303411131,0.0,21.983285457809696,27.41,0.8365760635434769,0.0,0.0,-0.30017015915119316,2.4849785558849837,2.4849785558849837
vm_00576,Delay-Insensitive,large_8_16,medium_8_16,8,8,557,4.027199281867145,11.22,1.9319707158510344,0.6840215439856373,0.0,12.09109515260323,17.45,1.4625618304318564,0.0,0.0,0.10227100098265751,2.786055323986359,2.786055323986359
vm_00577,Interactive,small_2_4,small_4_8,2,4,557,5.086768402154399,12.89,2.455820198496849,0.49371633752244165,0.0,12.21605026929982,17.12,0.7953123799118904,0.0,0.0,-0.08290606028331027,2.534025334147452,2.534025334147452
vm_00578,Interactive,large_8_16,large_16_32,8,16,562,4.9038790035587185,14.57,2.419248547821391,0.5160142348754448,0.0,16.357224199288257,23.43,1.5369107321137538,0.0,0.0,0.10894743683061225,2.971117352085284,2.971117352085284
vm_00579,Interactive,large_8_16,small_4_8,8,4,562,27.191583629893238,76.49,19.561417274682363,0.10142348754448399,0.0,74.40163701067615,88.39,2.849384364176449,0.0,0.0,31.576470189701894,2.8130027673677027,2.8130027673677027
vm_00580,Delay-Insensitive,xlarge_16_32,xxlarge_64_128,16,64,560,3.9963392857142854,10.71,1.8807629839174065,0.6875,0.0,8.12567857142857,11.5,0.7699735633577748,0.0,0.0,-0.18090687431178276,2.679952635224201,2.679952635224201
vm_00581,Interactive,xxlarge_32_64,large_16_32,32,16,566,36.03100706713781,62.76,6.120350173042223,0.0,0.0,38.731572438162544,43.7,0.9925840955701563,0.0,0.0,1.528521026509182,1.7418330795766308,1.7418330795766308
vm_00582,Interactive,xlarge_16_32,large_16_32,16,16,558,35.755752688172045,61.86,6.212194591342248,0.0,0.0,37.1963082437276,47.02,0.973956003214534,0.0,0.0,2.3244986249206647,1.7300712570501475,1.7300712570501475
vm_00583,Interactive,xlarge_16_32,xlarge_32_64,16,32,554,34.000072202166066,100.0,29.03127340988472,0.15342960288808663,0.0703971119133574,15.906263537906137,32.18,4.352284296722812,0.0,0.0,49.91764030903594,2.9411702247393823,2.9411702247393823
vm_00584,Interactive,large_8_16,xlarge_32_64,8,32,552,35.78626811594203,62.32,6.093345558472173,0.0,0.0,28.959420289855075,37.43,1.236136048824245,0.0,0.0,1.8013273486825199,1.7414500947148985,1.7414500947148985
vm_00585,Interactive,large_8_16,xlarge_32_64,8,32,563,4.929360568383659,13.15,2.549836352925146,0.5097690941385435,0.0,12.6649378330373,16.08,0.8390842670199583,0.0,0.0,0.180997535028542,2.6676888041711857,2.6676888041711857
vm_00586,Interactive,xlarge_16_32,small_4_8,16,4,553,27.36117540687161,83.23,19.36167624794942,0.11211573236889692,0.0,66.05141048824593,82.57,2.609237596119933,0.0,0.0,27.074976047102908,3.0419014812900635,3.0419014812900635
vm_00587,Interactive,medium_4_8,medium_8_16,4,8,558,4.963315412186381,16.01,2.4173025927534577,0.5125448028673835,0.0,20.064928315412185,23.7,0.8075936140661708,0.0,0.0,-0.2204919115219548,3.2256664488198354,3.2256664488198354
vm_00588,Interactive,small_2_4,xxlarge_64_128,2,64,563,27.668614564831262,78.38,19.253882887932164,0.10479573712255773,0.0,65.02301953818828,83.58,7.233507104431889,0.0,0.0,25.88475859119888,2.832812601308431,2.832812601308431
vm_00589,Interactive,small_2_4,xlarge_32_64,2,32,556,27.598561151079135,81.32,20.144884833451155,0.13489208633093525,0.0,61.01336330935252,75.13,2.0961497997719065,0.0,0.0,30.406961755153446,2.946530420728846,2.946530420728846
vm_00590,Interactive,small_2_4,xlarge_32_64,2,32,563,32.69234458259325,100.0,29.63757865471645,0.19005328596802842,0.1172291296625222,20.68918294849023,32.94,2.4655541645553893,0.0,0.0,42.594111756432966,3.058820077812471,3.058820077812471
vm_00591,Interactive,large_8_16,xxlarge_64_128,8,64,562,5.006405693950178,14.57,2.505148616176241,0.5,0.0,19.981459074733095,23.52,0.8176770317605001,0.0,0.0,-0.34414058438182416,2.9102715382428204,2.9102715382428204
vm_00592,Delay-Insensitive,small_2_4,xxlarge_64_128,2,64,564,3.8811170212765953,12.84,1.9961279553150897,0.7163120567375887,0.0,14.56941489361702,17.36,0.8013298304596773,0.0,0.0,0.13603039513677784,3.308325909682725,3.308325909682725
vm_00593,Interactive,xxlarge_32_64,xxlarge_64_128,32,64,561,35.19691622103387,58.73,6.023528475466371,0.0,0.0,39.225062388591795,51.09,2.2177839739319194,0.0,0.0,0.9612441117973418,1.668612091786116,1.668612091786116
vm_00594,Interactive,small_2_4,xlarge_32_64,2,32,559,26.60717352415027,75.5,19.647259439073206,0.13416815742397137,0.0,73.10976744186047,91.75,4.406071460658449,0.0,0.008944543828264758,33.54663715760222,2.837580622063131,2.837580622063131
vm_00595,Interactive,large_8_16,xxlarge_64_128,8,64,558,33.96847670250896,100.0,29.42618421447219,0.18100358422939067,0.1057347670250896,28.44521505376344,36.56,2.199545050149362,0.0,0.0,48.144401709401706,2.943905930071155,2.943905930071155
vm_00596,Delay-Insensitive,large_8_16,large_16_32,8,16,558,55.22370967741936,98.18,11.194916535264566,0.0,0.014336917562724014,42.00378136200717,63.77,6.285667164903545,0.0,0.0,0.903484239475354,1.777859556583632,1.777859556583632
vm_00597,Interactive,large_8_16,medium_8_16,8,8,557,35.9116157989228,55.48,6.062066560309318,0.0,0.0,31.33845601436266,40.51,1.0186822071475021,0.0,0.0,0.748553645915834,1.5449040307917352,1.5449040307917352
vm_00598,Interactive,medium_4_8,xlarge_32_64,4,32,560,35.874446428571424,63.83,6.20388173083754,0.0,0.0,35.62914285714286,45.56,1.4876746983725597,0.0,0.0,1.0558495097846148,1.779260904473887,1.779260904473887
vm_00599,Interactive,xlarge_16_32,small_4_8,16,4,559,35.59878354203936,56.78,5.830498969285536,0.0,0.0,43.7388908765653,55.01,3.305019510498112,0.0,0.0,1.5047803822194084,1.5949983215844243,1.5949983215844243
vm_00600,Interactive,xlarge_16_32,medium_8_16,16,8,556,27.447607913669067,84.78,20.615013077306614,0.1366906474820144,0.0,61.85196043165468,78.06,2.070876544677734,0.0,0.0,32.66725459004441,3.088793758154024,3.088793758154024
vm_00601,Interactive,medium_4_8,medium_8_16,4,8,559,34.64516994633274,100.0,30.056221129744475,0.16994633273703041,0.057245080500894455,25.315957066189625,36.4,2.391155096076772,0.0,0.0,53.584396581196586,2.886405237870256,2.886405237870256
vm_00602,Delay-Insensitive,large_8_16,xlarge_32_64,8,32,561,4.016541889483066,11.18,1.8774137279330363,0.7040998217468806,0.0,12.02584670231729,16.89,0.7939559888130708,0.0,0.0,0.33620937214462865,2.78348895831854,2.78348895831854
vm_00603,Delay-Insensitive,small_2_4,medium_8_16,2,8,564,54.7768439716312,96.6,10.552283699045079,0.0,0.008865248226950355,38.835141843971634,55.8,3.572327501911067,0.0,0.0,-0.906278937577504,1.7635189068218116,1.7635189068218116
vm_00604,Interactive,medium_4_8,large_16_32,4,16,560,27.30548214285714,84.25,19.750879288858098,0.12678571428571428,0.0,60.75253571428571,75.97,2.8350052450269727,0.0,0.0,31.076987888707045,3.0854609912844557,3.0854609912844557
vm_00605,Delay-Insensitive,xxlarge_32_64,large_16_32,32,16,557,54.80059245960503,100.0,11.268180442098824,0.0,0.01436265709156194,35.83299820466786,55.55,4.493066899931827,0.0,0.0,-1.1110047422243383,1.8247977897996752,1.8247977897996752
vm_00606,Interactive,small_2_4,xxlarge_64_128,2,64,561,35.8897504456328,58.67,5.866220212408375,0.0,0.0,31.21522281639929,42.33,2.3557999843653197,0.0,0.0,1.6670638381715506,1.634728558195901,1.634728558195901
vm_00607,Interactive,medium_4_8,small_4_8,4,4,560,35.884732142857146,58.06,6.0857423275782025,0.0,0.0,34.26592857142857,40.71,0.9827307770797556,0.0,0.0,1.9527812911725917,1.617958294041686,1.617958294041686
vm_00608,Delay-Insensitive,xxlarge_32_64,xlarge_32_64,32,32,562,14.020231316725978,27.75,4.008975684966659,0.019572953736654804,0.0,78.81583629893238,83.54,1.031335994687735,0.0,0.0,0.04584043880628208,1.9792826076196448,1.9792826076196448
vm_00609,Interactive,xlarge_16_32,medium_8_16,16,8,556,35.77888489208633,54.29,5.794956444679742,0.0,0.0,34.73953237410072,44.36,2.5687893451684705,0.0,0.0,2.0100015889830516,1.5173754062974725,1.5173754062974725
vm_00610,Interactive,xxlarge_32_64,large_16_32,32,16,548,35.6607299270073,59.98,6.243963418673112,0.0,0.0,36.909032846715334,46.43,3.4409990119173233,0.0,0.0,1.7417445175438573,1.6819622066842421,1.6819622066842421
vm_00612,Interactive,large_8_16,xxlarge_64_128,8,64,558,36.10127240143369,60.04,6.078027383124307,0.0,0.0,29.75897849462365,35.53,1.00630339905766,0.0,0.0,1.025701290459061,1.6630992761799617,1.6630992761799617
vm_00614,Delay-Insensitive,large_8_16,small_4_8,8,4,562,14.024786476868329,29.47,3.850479939615098,0.0071174377224199285,0.0,78.12475088967972,83.09,0.7859467707327426,0.0,0.0,-0.19951379422265525,2.1012797626977147,2.1012797626977147
vm_00615,Interactive,xxlarge_32_64,xxlarge_64_128,32,64,559,27.01717352415027,80.5,19.747545137310667,0.11270125223613596,0.0,66.10327370304115,82.69,3.0734359921287124,0.0,0.0,33.45099658119658,2.979586296399295,2.979586296399295
vm_00616,Interactive,xlarge_16_32,xlarge_32_64,16,32,557,34.240574506283664,100.0,29.640076069092316,0.1813285457809695,0.09874326750448834,37.730574506283666,51.52,4.633043155203917,0.0,0.0,52.268590272816276,2.9205117449664426,2.9205117449664426
vm_00617,Interactive,large_8_16,xxlarge_64_128,8,64,557,4.815260323159785,13.92,2.3829993974302925,0.5385996409335727,0.0,17.729407540394973,22.81,0.8225540419677174,0.0,0.0,-0.37525754553915736,2.8908094403638938,2.8908094403638938
vm_00618,Delay-Insensitive,xxlarge_32_64,medium_8_16,32,8,561,55.67356506238859,100.0,10.60693340208214,0.0,0.049910873440285206,32.34365418894831,44.27,3.8246723036361123,0.0,0.0,0.5737899608865717,1.796184596548444,1.796184596548444
vm_00619,Interactive,large_8_16,large_16_32,8,16,564,27.06109929078014,77.91,19.74397491650162,0.12411347517730496,0.0,75.65585106382979,91.25,2.94524299343697,0.0,0.0070921985815602835,32.81968389057751,2.879040469229731,2.879040469229731
vm_00620,Delay-Insensitive,xlarge_16_32,xlarge_32_64,16,32,563,54.91387211367673,100.0,10.820013794038754,0.0,0.0497335701598579,33.68172291296626,52.18,2.7910598341524713,0.0,0.0,0.24893692287682967,1.8210334866386924,1.8210334866386924
vm_00621,Interactive,large_8_16,xlarge_32_64,8,32,554,35.278303249097476,62.46,6.0438191351075155,0.0,0.0,40.330920577617334,45.16,1.3955852833172087,0.0,0.0,0.7587377569691043,1.7704933130988354,1.7704933130988354
vm_00622,Interactive,medium_4_8,small_4_8,4,4,560,5.098517857142857,14.16,2.4746822747658173,0.48928571428571427,0.0,18.706589285714287,22.48,0.7546371677722936,0.0,0.0,-0.09707120759267962,2.7772777102589337,2.7772777102589337
vm_00623,Interactive,xlarge_16_32,small_4_8,16,4,551,26.363030852994555,81.36,19.536094903279803,0.1306715063520871,0.0,49.11197822141561,78.99,6.221756949131828,0.0,0.0,28.55421826625387,3.0861398468817702,3.0861398468817702
vm_00624,Interactive,small_2_4,medium_8_16,2,8,555,27.283171171171173,85.55,20.170700729123418,0.12252252252252252,0.0,68.41264864864864,89.37,4.257959165750117,0.0,0.0,33.16041939799331,3.1356325649709156,3.1356325649709156
vm_00625,Interactive,large_8_16,large_16_32,8,16,560,4.958178571428571,13.61,2.387654945713563,0.4928571428571429,0.0,18.64710714285714,22.86,0.7953092731890187,0.0,0.0,-0.2617101449275365,2.744959626590986,2.744959626590986
vm_00626,Interactive,large_8_16,large_16_32,8,16,562,34.19384341637011,100.0,29.80758495803872,0.17615658362989323,0.08540925266903915,29.45976868327402,36.58,2.244802700034785,0.0,0.0,47.19382027168234,2.9245030686467253,2.9245030686467253
vm_00627,Interactive,large_8_16,xxlarge_64_128,8,64,561,27.394491978609626,94.88,20.244853864633907,0.11586452762923351,0.0017825311942959,71.30926916221034,83.57,1.9930103757330233,0.0,0.0,28.72028834355828,3.4634699586356597,3.4634699586356597
vm_00628,Delay-Insensitive,large_8_16,xxlarge_64_128,8,64,563,3.905222024866785,10.65,1.952554329966605,0.7158081705150977,0.0,14.160568383658969,17.16,0.8020443386777528,0.0,0.0,-0.08520301593916058,2.7271176727431508,2.7271176727431508
vm_00629,Interactive,large_8_16,large_16_32,8,16,562,5.049964412811388,15.58,2.3746967530535397,0.49644128113879005,0.0,12.997081850533807,17.14,0.8422669247994875,0.0,0.0,-0.026372472378570322,3.085170255947683,3.085170255947683
vm_00630,Interactive,medium_4_8,small_4_8,4,4,556,35.514694244604314,65.83,6.305510481227333,0.0,0.0,32.79951438848921,46.56,3.568272090200284,0.0,0.0,2.24381551781552,1.85359895108773,1.85359895108773
vm_00631,Interactive,xlarge_16_32,xlarge_32_64,16,32,557,35.88098743267504,62.44,6.3084839752819,0.0,0.0,28.477360861759426,38.21,1.3394271703696476,0.0,0.0,1.014924098421254,1.740197371021595,1.740197371021595
vm_00632,Interactive,xlarge_16_32,large_16_32,16,16,566,4.918639575971731,14.49,2.432460880174935,0.5159010600706714,0.0,11.680070671378092,16.41,0.9043286241646036,0.0,0.0,-0.2098076527991779,2.94593652903249,2.94593652903249
vm_00633,Interactive,large_8_16,small_4_8,8,4,560,35.92716071428571,61.73,6.22174261687051,0.0,0.0,29.985321428571428,39.78,1.224121708541169,0.0,0.0,2.016580188371151,1.718198676787011,1.718198676787011
vm_00634,Interactive,medium_4_8,large_16_32,4,16,557,27.046463195691203,80.77,20.067649076235476,0.12208258527827648,0.0,56.1543447037702,74.81,2.3992457169831587,0.0,0.0,34.649274294212944,2.9863424069756945,2.9863424069756945
vm_00635,Interactive,medium_4_8,large_16_32,4,16,559,35.62556350626118,56.47,5.850726082670119,0.0,0.0,32.091538461538455,40.01,1.5788404148037498,0.0,0.0,1.8956681643980389,1.5850977343860235,1.5850977343860235
vm_00636,Interactive,xxlarge_32_64,small_4_8,32,4,563,5.173445825932505,15.96,2.5270361280956233,0.4724689165186501,0.0,13.856287744227354,18.73,0.19294192415097441,0.0,0.0,-0.16444121783519172,3.0849844643194344,3.0849844643194344
vm_00637,Delay-Insensitive,xlarge_16_32,small_4_8,16,4,562,13.973683274021353,30.75,3.864440906730136,0.012455516014234875,0.0,77.86891459074734,84.44,0.9514749202614634,0.0,0.0,0.01990280383573051,2.200565119231499,2.200565119231499
vm_00639,Delay-Insensitive,large_8_16,xxlarge_64_128,8,64,558,55.01840501792115,100.0,10.810835069599996,0.0,0.03942652329749104,45.41750896057348,63.04,3.7105930745516313,0.0,0.0,0.03147665896334928,1.8175735913723234,1.8175735913723234
vm_00640,Interactive,small_2_4,xxlarge_64_128,2,64,561,27.974420677361852,88.25,20.196245497825306,0.11764705882352941,0.0,61.888306595365414,79.74,3.4000756008574036,0.0,0.0,26.758046077535568,3.1546676522032797,3.1546676522032797
vm_00641,Interactive,xlarge_16_32,large_16_32,16,16,556,27.553093525179857,76.96,19.879256320453745,0.1223021582733813,0.0,65.77805755395683,76.83,3.1470292876333628,0.0,0.0,33.960993369563774,2.7931527880769105,2.7931527880769105
vm_00642,Interactive,large_8_16,large_16_32,8,16,555,27.045261261261263,81.67,19.607679610448244,0.12432432432432433,0.0,67.10187387387387,86.03,6.936331369834516,0.0,0.0,32.61974381270903,3.019752673529592,3.019752673529592
vm_00643,Interactive,medium_4_8,small_4_8,4,4,559,26.991001788908765,91.91,19.934371454923376,0.12164579606440072,0.0017889087656529517,52.33427549194991,63.96,3.2116089497060507,0.0,0.0,33.402486950332175,3.405208918098326,3.405208918098326
vm_00644,Interactive,xxlarge_32_64,xxlarge_64_128,32,64,563,27.356607460035526,81.69,20.024125432195188,0.11545293072824156,0.0,59.74101243339254,76.51,3.72360569403015,0.0,0.0,34.34049649714582,2.986115881486348,2.986115881486348
vm_00645,Interactive,xlarge_16_32,small_4_8,16,4,551,4.932141560798549,15.48,2.5669138431404197,0.5263157894736842,0.0,12.926261343012705,17.01,0.7816929161838496,0.0,0.0,0.18160815875326897,3.1385960457902344,3.1385960457902344
vm_00646,Interactive,large_8_16,xxlarge_64_128,8,64,560,5.192607142857143,13.32,2.4590860300099364,0.4625,0.0,21.564035714285716,25.22,0.8445386788759659,0.0,0.0,0.20081925686760904,2.565185394069866,2.565185394069866
vm_00647,Interactive,medium_4_8,small_4_8,4,4,562,33.12955516014235,100.0,29.000879548675314,0.19217081850533807,0.033807829181494664,29.4417615658363,41.24,2.5101105912139507,0.0,0.0,49.92483192620388,3.0184528441935865,3.0184528441935865
vm_00649,Interactive,xxlarge_32_64,xlarge_32_64,32,32,559,33.17524150268336,100.0,29.094960708109667,0.19141323792486584,0.09123434704830054,27.963917710196778,34.45,1.5200387423228694,0.0,0.0,41.61520787630501,3.0142960675029764,3.0142960675029764
vm_00650,Interactive,large_8_16,xxlarge_64_128,8,64,566,35.90015901060071,66.06,6.456029669209637,0.0,0.0,40.636095406360425,51.37,3.652482165062915,0.0,0.0,1.4006597151055544,1.8401032703084574,1.8401032703084574
vm_00651,Delay-Insensitive,large_8_16,small_4_8,8,4,562,3.8166192170818505,10.52,1.9476383507464878,0.708185053380783,0.0,17.464572953736656,21.09,0.809579177571528,0.0,0.0,0.043447800769470746,2.7563661454399657,2.7563661454399657
vm_00652,Interactive,xxlarge_32_64,small_4_8,32,4,556,5.043111510791366,15.47,2.5005854150925484,0.4892086330935252,0.0,17.466061151079135,22.86,0.8118090952093467,0.0,0.0,0.1903091491064277,3.06755065139784,3.06755065139784
vm_00654,Interactive,xlarge_16_32,large_16_32,16,16,560,26.960089285714286,81.43,19.83218662399516,0.125,0.0,78.71714285714286,92.14,3.8136411846293123,0.0,0.030357142857142857,32.74049100287435,3.020390590588602,3.020390590588602
vm_00655,Interactive,large_8_16,xxlarge_64_128,8,64,560,5.124642857142858,12.65,2.446557776289311,0.475,0.0,14.800964285714286,19.23,0.8064654649321882,0.0,0.0,0.12819988464160215,2.468464701372918,2.468464701372918
vm_00656,Interactive,medium_4_8,large_16_32,4,16,558,27.206702508960575,84.31,19.673139656304862,0.10752688172043011,0.0,61.729623655913976,79.01,1.9287558528694075,0.0,0.0,31.869155355249205,3.098868742811899,3.098868742811899
vm_00657,Delay-Insensitive,large_8_16,xlarge_32_64,8,32,557,54.92303411131059,100.0,11.01791446503858,0.0,0.012567324955116697,53.456535008976665,76.39,6.94500099866976,0.0,0.0,1.099037792473375,1.8207297105497395,1.8207297105497395
vm_00658,Delay-Insensitive,xlarge_16_32,medium_8_16,16,8,560,3.9328392857142855,12.29,1.9528811729684756,0.7160714285714286,0.0,11.999482142857143,16.59,0.7776591518068565,0.0,0.0,-0.03744848612279217,3.124968783912023,3.124968783912023
vm_00659,Interactive,small_2_4,medium_8_16,2,8,558,35.17272401433692,55.67,6.3475608710485325,0.0,0.0,37.72969534050179,43.57,1.6545988618245224,0.0,0.0,2.0241661274348033,1.5827605498314004,1.5827605498314004
vm_00660,Interactive,medium_4_8,small_4_8,4,4,563,33.628969804618116,100.0,29.715342287515558,0.17939609236234458,0.108348134991119,25.463445825932503,33.83,2.162251164420683,0.0,0.0,47.405842231055,2.9736266255253363,2.9736266255253363
vm_00661,Interactive,large_8_16,xxlarge_64_128,8,64,563,35.659378330373,62.92,5.832012172736436,0.0,0.0,29.00271758436945,36.49,1.8974285568327833,0.0,0.0,1.4357383238194075,1.7644727122572317,1.7644727122572317
vm_00662,Interactive,medium_4_8,xxlarge_64_128,4,64,558,33.40035842293907,100.0,29.074491751488768,0.16666666666666666,0.025089605734767026,32.0176164874552,38.4,1.850277736407741,0.0,0.0,50.13931212518368,2.993979846974363,2.993979846974363
vm_00663,Interactive,xlarge_16_32,xlarge_32_64,16,32,560,26.912339285714285,86.17,19.601237969535156,0.13214285714285715,0.0,56.96210714285714,72.72,1.9835155692720423,0.0,0.0,29.69247213779128,3.201876993492762,3.201876993492762
vm_00664,Interactive,xxlarge_32_64,xlarge_32_64,32,32,560,35.66030357142857,64.99,5.961757321034354,0.0,0.0,31.509839285714282,40.45,2.849695111437318,0.0,0.0,2.1080440468717256,1.8224746704644068,1.8224746704644068
vm_00665,Delay-Insensitive,large_8_16,small_4_8,8,4,563,14.2397513321492,33.21,3.9601983228822792,0.012433392539964476,0.0,77.4446891651865,81.24,0.8444809526368167,0.0,0.0,0.32034475564596043,2.3322036477576344,2.3322036477576344
vm_00666,Interactive,large_8_16,large_16_32,8,16,553,27.482260397830018,83.3,20.153485784484126,0.11573236889692586,0.0,57.11614828209765,67.97,2.1194379449774514,0.0,0.0,34.578952089375875,3.031046165568583,3.031046165568583
vm_00667,Interactive,xlarge_16_32,xxlarge_64_128,16,64,566,26.913074204946994,94.12,20.040627189366006,0.1254416961130742,0.0017667844522968198,72.30356890459363,89.0,2.3697388642262265,0.0,0.0,32.9536331807164,3.497185021795074,3.497185021795074
vm_00668,Interactive,medium_4_8,large_16_32,4,16,562,34.67964412811388,100.0,29.344301226812075,0.1619217081850534,0.099644128113879,24.323967971530248,37.42,2.1529374914543142,0.0,0.0,46.774556572541385,2.883535933372875,2.883535933372875
vm_00669,Interactive,small_2_4,xlarge_32_64,2,32,560,27.599375,80.36,18.945498541693006,0.10357142857142858,0.0,71.43291071428571,91.86,2.632116201582442,0.0,0.010714285714285714,31.062757569386044,2.9116601372313684,2.9116601372313684
vm_00670,Interactive,large_8_16,medium_8_16,8,8,556,5.026870503597123,14.11,2.4680974014816504,0.5179856115107914,0.0,16.765791366906477,20.78,1.4626260178546981,0.0,0.0,0.027762382544990416,2.80691535417576,2.80691535417576
vm_00671,Interactive,xlarge_16_32,large_16_32,16,16,557,26.925062836624775,83.77,19.613303255937126,0.1310592459605027,0.0,61.78093357271096,76.69,4.574067958396037,0.0,0.0,28.59978196365178,3.1112276509175674,3.1112276509175674
vm_00672,Interactive,xxlarge_32_64,xlarge_32_64,32,32,559,35.553577817531306,59.27,5.979886634839204,0.0,0.0,31.5812343470483,40.2,1.4397273290108081,0.0,0.0,0.9708649572649648,1.6670614784308497,1.6670614784308497
vm_00673,Interactive,xxlarge_32_64,small_4_8,32,4,560,35.99875,59.04,6.155701972238396,0.0,0.0,32.48276785714285,41.85,1.1209154910795387,0.0,0.0,1.2317122593718395,1.6400569464217507,1.6400569464217507
vm_00674,Interactive,small_2_4,medium_8_16,2,8,564,27.494982269503545,83.22,19.65929676712815,0.10815602836879433,0.0,57.50418439716312,74.09,2.700757713830469,0.0,0.0,32.44749853749853,3.026734084942643,3.026734084942643
vm_00676,Interactive,large_8_16,medium_8_16,8,8,557,34.29371633752244,100.0,29.966990766915973,0.1651705565529623,0.059245960502693,26.172280071813283,39.16,2.372900967287803,0.0,0.0,43.832048840729826,2.9159860954056205,2.9159860954056205
vm_00677,Interactive,xlarge_16_32,xxlarge_64_128,16,64,552,34.61710144927536,100.0,29.357046370836663,0.15217391304347827,0.1358695652173913,25.76465579710145,34.47,1.5044423839928163,0.0,0.0,50.48035676042019,2.8887456145492303,2.8887456145492303
vm_00679,Interactive,xlarge_16_32,small_4_8,16,4,559,27.09416815742397,86.15,20.3261913064262,0.12701252236135957,0.0,65.58373881932022,81.33,3.2363201164007576,0.0,0.0,33.635668883961564,3.179651041487848,3.179651041487848
vm_00680,Interactive,large_8_16,medium_8_16,8,8,558,27.467114695340502,86.02,19.868976930463784,0.0985663082437276,0.0,69.3129211469534,89.38,3.9388634770804196,0.0,0.0,30.521087751733244,3.13174503234562,3.13174503234562
vm_00682,Interactive,small_2_4,medium_8_16,2,8,558,4.891182795698925,16.86,2.4649127789474408,0.503584229390681,0.0,18.27136200716846,22.31,0.8364855144787404,0.0,0.0,-0.6453679962013306,3.4470189940204006,3.4470189940204006
vm_00683,Interactive,xxlarge_32_64,xlarge_32_64,32,32,560,5.018482142857143,15.2,2.513265631018696,0.49464285714285716,0.0,20.652285714285714,25.84,0.9332566273713712,0.0,0.0,-0.04862804878048799,3.028804241464586,3.028804241464586
vm_00684,Interactive,xlarge_16_32,xlarge_32_64,16,32,549,27.45216757741348,82.12,19.919788089217004,0.12750455373406194,0.0,69.07524590163933,85.76,2.7001556767107178,0.0,0.0,26.97244810744811,2.991384915906057,2.991384915906057
vm_00685,Interactive,small_2_4,medium_8_16,2,8,567,27.038730158730157,77.86,19.709016774078513,0.10405643738977072,0.0,68.64641975308642,81.86,2.961726776461272,0.0,0.0,29.46336922013416,2.8795730991405626,2.8795730991405626
vm_00686,Interactive,xlarge_16_32,xlarge_32_64,16,32,558,35.47284946236559,62.13,5.993149166241711,0.0,0.0,41.29888888888889,51.47,1.0326435990761533,0.0,0.0,1.6916609078994398,1.7514803840586852,1.7514803840586852
vm_00687,Interactive,medium_4_8,xlarge_32_64,4,32,557,27.5545960502693,91.78,19.694010165334195,0.118491921005386,0.0017953321364452424,63.328689407540395,84.44,4.3052713513499,0.0,0.0,31.47419315857966,3.330841788882004,3.330841788882004
vm_00688,Interactive,xxlarge_32_64,medium_8_16,32,8,552,27.203677536231886,91.37,20.26815971089698,0.125,0.0018115942028985507,74.34585144927537,90.93,2.0644593425802045,0.0,0.005434782608695652,32.02874341712363,3.3587370633366254,3.3587370633366254
vm_00689,Interactive,large_8_16,large_16_32,8,16,562,27.481957295373668,94.35,20.10355377133685,0.11921708185053381,0.0017793594306049821,64.22932384341637,75.58,2.1830725959320807,0.0,0.0,28.573107410881796,3.4331615825588573,3.4331615825588573
vm_00690,Interactive,large_8_16,xxlarge_64_128,8,64,560,5.074642857142858,12.9,2.4396890944518987,0.48214285714285715,0.0,12.27057142857143,16.05,0.7834299353375057,0.0,0.0,0.015903109656301595,2.542050812865085,2.542050812865085
vm_00691,Interactive,large_8_16,large_16_32,8,16,564,36.04911347517731,61.0,5.894107295533126,0.0,0.0,40.111081560283694,48.69,1.39327988785873,0.0,0.0,1.9522664808578227,1.6921359256727178,1.6921359256727178
vm_00694,Interactive,medium_4_8,medium_8_16,4,8,564,4.929414893617022,14.9,2.5984702792284455,0.5,0.0,14.72351063829787,17.92,0.7969366849477934,0.0,0.0,-0.01616394716394698,3.0226711124059866,3.0226711124059866
vm_00695,Interactive,small_2_4,xxlarge_64_128,2,64,558,34.061075268817206,100.0,30.436038066811175,0.1971326164874552,0.05734767025089606,31.84856630824373,40.47,2.332452132373649,0.0,0.0,46.25446106362773,2.9359026164259014,2.9359026164259014
vm_00696,Interactive,medium_4_8,small_4_8,4,4,552,5.061884057971014,14.12,2.4721461173916284,0.4746376811594203,0.0,21.560253623188405,26.77,0.8243102649321501,0.0,0.0,0.09828571428571475,2.789475191112893,2.789475191112893
vm_00697,Interactive,xxlarge_32_64,large_16_32,32,16,553,36.21915009041591,60.28,6.405365320751587,0.0,0.0,45.471518987341774,54.66,3.02617779324409,0.0,0.0,2.116983189643527,1.6643129352709722,1.6643129352709722
vm_00698,Interactive,xlarge_16_32,xlarge_32_64,16,32,559,27.475080500894453,83.61,20.193564190497188,0.11627906976744186,0.0,68.90549194991056,84.42,1.9754138624102222,0.0,0.0,33.784642254560794,3.043121202038992,3.043121202038992
vm_00699,Interactive,xlarge_16_32,large_16_32,16,16,561,35.739839572192516,60.63,5.994785097655638,0.0,0.0,35.63081996434938,46.26,1.802600018433891,0.0,0.0,1.3207711910922981,1.696426193450889,1.696426193450889
vm_00700,Interactive,small_2_4,medium_8_16,2,8,560,5.072875,14.17,2.3512700755648788,0.5017857142857143,0.0,14.16044642857143,19.17,1.1570069556899614,0.0,0.0,0.02082822085889635,2.7932878298795063,2.7932878298795063
vm_00702,Interactive,xxlarge_32_64,xxlarge_64_128,32,64,556,27.19571942446043,79.51,19.99556565310925,0.12589928057553956,0.0,71.38034172661871,90.31,1.919858494725397,0.0,0.0017985611510791368,26.782208055481462,2.923621867068056,2.923621867068056
vm_00703,Interactive,xxlarge_32_64,xlarge_32_64,32,32,560,5.029071428571429,13.71,2.509467339422028,0.5035714285714286,0.0,15.007089285714285,20.17,0.7556813503613311,0.0,0.0,0.09963853998503769,2.726149388555115,2.726149388555115
vm_00704,Interactive,xlarge_16_32,large_16_32,16,16,555,36.12673873873874,55.7,6.244745632068346,0.0,0.0,35.623693693693696,41.27,1.2068875205397325,0.0,0.0,0.5710810918881464,1.5417943037374928,1.5417943037374928
vm_00705,Interactive,xxlarge_32_64,medium_8_16,32,8,561,5.1256149732620315,14.3,2.532478110480152,0.5062388591800356,0.0,19.468110516934047,23.36,0.8181568976625249,0.0,0.0,0.437301811338509,2.7899091278990915,2.7899091278990915
vm_00706,Interactive,xlarge_16_32,medium_8_16,16,8,542,35.855239852398526,65.92,5.873755992699475,0.0,0.0,37.03608856088561,45.12,0.9960353085861138,0.0,0.0,1.7238509937914088,1.8385039472993596,1.8385039472993596
vm_00707,Interactive,xxlarge_32_64,medium_8_16,32,8,561,26.822745098039213,81.86,19.91688538708824,0.13012477718360071,0.0,63.040035650623885,75.53,2.588482663400839,0.0,0.0,31.887639771034273,3.0518874820901196,3.0518874820901196
vm_00708,Interactive,small_2_4,xlarge_32_64,2,32,564,34.4402304964539,100.0,29.318372075451123,0.16666666666666666,0.03546099290780142,31.386897163120565,45.06,3.5987724051708643,0.0,0.0,50.1680477470029,2.903581031790609,2.903581031790609
vm_00709,Delay-Insensitive,large_8_16,small_4_8,8,4,563,4.151953818827709,10.81,1.9816609602968347,0.6767317939609236,0.0,11.66,13.15,0.0,0.0,0.0,0.2082636212105422,2.6035935060212614,2.6035935060212614
vm_00710,Interactive,xxlarge_32_64,large_16_32,32,16,559,35.879391771019684,63.54,5.805169645365532,0.0,0.0,41.72858676207513,48.34,1.108766293913999,0.0,0.0,1.788691147280673,1.7709330304568374,1.7709330304568374
vm_00711,Interactive,small_2_4,large_16_32,2,16,555,35.728612612612615,60.96,6.013263833767623,0.0,0.0,40.983405405405406,45.3,1.0439708833994803,0.0,0.0,1.403488503277103,1.7061955542735072,1.7061955542735072
vm_00712,Interactive,medium_4_8,xxlarge_64_128,4,64,561,27.24764705882353,93.6,20.284466087471518,0.11229946524064172,0.0017825311942959,70.6514081996435,87.53,2.4514469442709927,0.0,0.0,34.65603463203463,3.4351589991580487,3.4351589991580487
vm_00713,Interactive,xlarge_16_32,small_4_8,16,4,556,26.969064748201436,79.63,19.45899023859434,0.13489208633093525,0.0,74.5401618705036,86.72,1.9235563372981106,0.0,0.0,31.59526483050848,2.9526422493130955,2.9526422493130955
vm_00714,Interactive,medium_4_8,medium_8_16,4,8,563,33.967584369449376,100.0,29.1345974798165,0.17584369449378331,0.03019538188277087,30.764689165186503,41.05,1.8069796571908696,0.0,0.0,49.626982698152915,2.9439832668801884,2.9439832668801884
vm_00715,Interactive,xlarge_16_32,large_16_32,16,16,561,26.999251336898396,84.13,20.03283566536815,0.13368983957219252,0.0,63.07983957219251,77.17,1.9976994293264547,0.0,0.0,26.867751360829057,3.1160123275353246,3.1160123275353246
vm_00716,Interactive,medium_4_8,large_16_32,4,16,557,35.778976660682225,59.64,6.280345915170795,0.0,0.0,40.65052064631957,49.87,0.9877033066488389,0.0,0.0,1.0257149101891585,1.6669006653155294,1.6669006653155294
vm_00717,Interactive,medium_4_8,xxlarge_64_128,4,64,562,27.1023487544484,85.37,20.022797519289714,0.11743772241992882,0.0,71.24928825622776,87.01,2.9443310027942498,0.0,0.0,27.396209609037662,3.149911499311953,3.149911499311953
vm_00718,Interactive,large_8_16,medium_8_16,8,8,557,5.1419210053859965,13.12,2.3896971770634825,0.47755834829443444,0.0,15.170341113105923,22.34,1.5004741667750259,0.0,0.0,0.10644587332566857,2.551575566069028,2.551575566069028
vm_00719,Interactive,small_2_4,small_4_8,2,4,561,36.16483065953654,59.4,5.510388988232108,0.0,0.0,33.864099821746876,42.84,1.434689843541328,0.0,0.0,1.2893069384760523,1.6424796941316915,1.6424796941316915
vm_00720,Interactive,xlarge_16_32,small_4_8,16,4,560,5.053857142857143,13.48,2.459415360437234,0.5160714285714286,0.0,21.079696428571427,25.18,0.7762967089388094,0.0,0.0,0.10338866930171342,2.6672696949995762,2.6672696949995762
vm_00721,Interactive,xlarge_16_32,large_16_32,16,16,562,26.887206405693952,95.31,20.12852912398938,0.11921708185053381,0.005338078291814947,70.64887900355872,85.12,2.408806922739513,0.0,0.0,31.27771706353333,3.5448085815198724,3.5305158581406437
vm_00722,Interactive,small_2_4,small_4_8,2,4,559,5.048461538461539,12.89,2.4219411025380495,0.49552772808586765,0.0,13.642504472271915,17.09,0.3104387395307945,0.0,0.0,-0.09614358974358961,2.5532530854792013,2.5532530854792013
vm_00723,Delay-Insensitive,medium_4_8,large_16_32,4,16,558,54.88801075268817,92.79,11.410146299901792,0.0,0.012544802867383513,47.21817204301075,63.65,2.572473865216941,0.0,0.0,0.7581861348527994,1.690533118755002,1.690533118755002
vm_00724,Delay-Insensitive,xxlarge_32_64,small_4_8,32,4,555,55.269099099099094,100.0,11.546771748634828,0.0,0.04684684684684685,41.8087027027027,56.82,2.4798049540257634,0.0,0.0,1.081759768335644,1.8093292930412546,1.8093292930412546
vm_00725,Interactive,xxlarge_32_64,xlarge_32_64,32,32,557,35.8364631956912,64.89,5.8448644266876615,0.0,0.0,35.75913824057451,46.07,1.3642001545925933,0.0,0.0,2.6273534104507306,1.8107255631131045,1.8107255631131045
vm_00726,Interactive,xxlarge_32_64,large_16_32,32,16,550,34.20985454545454,100.0,30.15630838643765,0.1690909090909091,0.14727272727272728,29.239527272727273,36.91,1.688692749001397,0.0,0.0,46.42000324569945,2.9231343228054443,2.9231343228054443
vm_00728,Interactive,small_2_4,large_16_32,2,16,551,35.81355716878403,64.18,5.9569119254174225,0.0,0.0,33.381506352087115,44.74,2.750726135447217,0.0,0.0,0.791775221238936,1.7920587920805828,1.7920587920805828
vm_00730,Interactive,xlarge_16_32,large_16_32,16,16,560,5.033125,13.19,2.49973903154904,0.48392857142857143,0.0,12.760714285714286,16.88,0.8128030897856773,0.0,0.0,-0.023340648717848467,2.6206382714516328,2.6206382714516328
vm_00731,Interactive,xxlarge_32_64,small_4_8,32,4,559,27.281252236135956,81.03,20.183497230070483,0.11091234347048301,0.0,71.08225402504473,88.88,6.132924185734895,0.0,0.0,33.51307649667406,2.9701715778526476,2.9701715778526476
vm_00732,Interactive,large_8_16,medium_8_16,8,8,558,27.426953405017922,84.77,19.79532036809163,0.12724014336917563,0.0,60.68980286738352,76.04,4.1808116600741,0.0,0.0,32.83664846235419,3.090755241684657,3.090755241684657
vm_00733,Interactive,large_8_16,large_16_32,8,16,557,35.84633752244165,61.52,6.340770884604927,0.0,0.0,44.48843806104129,53.81,1.6024466124919363,0.0,0.0,3.082704641909814,1.716214382054661,1.716214382054661
vm_00734,Interactive,xxlarge_32_64,medium_8_16,32,8,558,27.003440860215054,89.52,19.575438838848044,0.11469534050179211,0.0,76.61775985663083,95.85,4.453934072816124,0.0,0.13620071684587814,33.29812611422912,3.3151330774254175,3.3151330774254175
vm_00735,Interactive,large_8_16,xlarge_32_64,8,32,549,27.16473588342441,86.32,19.871226891850814,0.12750455373406194,0.0,71.16693989071038,82.27,2.2511147518379224,0.0,0.0,30.130911162663757,3.177649154051647,3.177649154051647
vm_00736,Interactive,small_2_4,xlarge_32_64,2,32,560,4.921285714285714,13.92,2.497338574162399,0.5267857142857143,0.0,12.073232142857144,16.52,0.8150290553349143,0.0,0.0,0.2960557915159141,2.8285291300182878,2.8285291300182878
vm_00737,Interactive,xlarge_16_32,xxlarge_64_128,16,64,561,27.029197860962565,95.37,20.453303982968364,0.14260249554367202,0.0035650623885918,76.95012477718359,87.34,3.1076182000464465,0.0,0.0,33.481777617233675,3.5284065953633035,3.5284065953633035
vm_00738,Delay-Insensitive,small_2_4,xlarge_32_64,2,32,563,13.850017761989344,34.45,3.93374625620729,0.010657193605683837,0.0,80.56964476021314,86.15,1.5300296143901944,0.0,0.0,-0.15286904576789517,2.4873614310117524,2.4873614310117524
vm_00739,Interactive,large_8_16,small_4_8,8,4,558,5.066863799283154,15.08,2.4529325180950425,0.492831541218638,0.0,20.32831541218638,25.28,0.8148628509547898,0.0,0.0,-0.08630341880341863,2.9761999922187523,2.9761999922187523
vm_00740,Interactive,xxlarge_32_64,small_4_8,32,4,561,27.343386809269163,91.3,19.674879295557417,0.11942959001782531,0.0017825311942959,66.47527629233511,85.45,4.271370301657727,0.0,0.0,28.844581274994116,3.339015778727532,3.339015778727532
vm_00741,Interactive,small_2_4,xxlarge_64_128,2,64,561,35.629233511586456,57.27,5.950454780100243,0.0,0.0,36.88570409982175,44.28,1.0136219946316387,0.0,0.0,1.3384399906235345,1.6073879327596556,1.6073879327596556
vm_00742,Interactive,small_2_4,medium_8_16,2,8,559,26.967853309481217,83.6,19.741203377597017,0.13953488372093023,0.0,67.51939177101967,81.75,2.405470018379545,0.0,0.0,33.56345298135015,3.099987197372078,3.099987197372078
vm_00743,Interactive,xlarge_16_32,large_16_32,16,16,560,35.69694642857143,58.44,6.095984583905576,0.0,0.0,40.347125,47.73,0.9634035811625258,0.0,0.0,1.4304580593508405,1.6371148192447431,1.6371148192447431
vm_00744,Interactive,medium_4_8,xxlarge_64_128,4,64,563,26.402504440497335,83.74,20.45606408748987,0.15630550621669628,0.0,62.28653641207815,75.31,4.304554474944457,0.0,0.0,32.1390608682098,3.1716688160671556,3.1716688160671556
vm_00745,Delay-Insensitive,small_2_4,xlarge_32_64,2,32,558,55.35093189964158,96.27,10.783889549500254,0.0,0.008960573476702509,45.420107526881715,66.46,2.785803260979493,0.0,0.0,-0.6094384941675486,1.7392661098199755,1.7392661098199755
vm_00746,Interactive,medium_4_8,xlarge_32_64,4,32,553,27.429059674502714,83.67,20.04777396073821,0.12839059674502712,0.0,69.47309222423146,88.72,6.855981918423831,0.0,0.0,33.69140504423113,3.0504144506921356,3.0504144506921356
vm_00747,Delay-Insensitive,xlarge_16_32,large_16_32,16,16,554,4.06375451263538,10.73,2.0279737126127433,0.6606498194945848,0.0,16.853249097472926,20.96,0.9220967846889645,0.0,0.0,-0.009542136339238283,2.640415400742675,2.640415400742675
vm_00748,Interactive,xlarge_16_32,large_16_32,16,16,566,33.67487632508834,100.0,28.926001211554834,0.1607773851590106,0.10070671378091872,27.952650176678446,41.39,3.0945557745836254,0.0,0.0,50.05193674873048,2.969572895669355,2.969572895669355
vm_00749,Interactive,xxlarge_32_64,xxlarge_64_128,32,64,557,35.555260323159786,58.66,6.273073307245915,0.0,0.0,32.40608617594255,42.03,0.9851991617149307,0.0,0.0,1.326676525198934,1.6498261991852265,1.6498261991852265
vm_00750,Delay-Insensitive,xlarge_16_32,xxlarge_64_128,16,64,552,14.15144927536232,28.69,3.9196710945250723,0.012681159420289856,0.0,73.39266304347827,76.83,0.8197173003526519,0.0,0.0,0.07718648473034584,2.027354191202827,2.027354191202827
vm_00751,Interactive,xxlarge_32_64,medium_8_16,32,8,561,27.330998217468807,79.59,19.820448740820602,0.12477718360071301,0.0,61.37409982174689,75.26,1.992773180058553,0.0,0.0,32.572530087455945,2.912078050231238,2.912078050231238
vm_00752,Interactive,xlarge_16_32,medium_8_16,16,8,561,4.819536541889483,11.84,2.3714456408866225,0.5133689839572193,0.0,15.481711229946523,18.28,0.7940078683705706,0.0,0.0,0.20605573684897482,2.4566677515755835,2.4566677515755835
vm_00753,Interactive,large_8_16,small_4_8,8,4,561,5.0765953654188944,15.96,2.5308533982588712,0.48841354723707664,0.0,14.31,16.62,0.0,0.0,0.0,-0.09136671726159218,3.1438392960600012,3.1438392960600012
vm_00754,Interactive,xxlarge_32_64,small_4_8,32,4,558,33.95100358422939,100.0,29.4348850068153,0.17921146953405018,0.15232974910394265,23.939695340501792,30.34,1.5714644842149035,0.0,0.0,48.4582463943573,2.945421031573013,2.945421031573013
vm_00756,Interactive,xxlarge_32_64,xlarge_32_64,32,32,554,35.55947653429603,59.3,6.078091887369831,0.0,0.0,41.034584837545125,48.68,0.9767913987805737,0.0,0.0,2.4805236497864698,1.6676285980421268,1.6676285980421268
vm_00758,Interactive,small_2_4,medium_8_16,2,8,557,26.675224416517057,78.73,19.78726320304183,0.12387791741472172,0.0,67.88262118491922,84.89,2.437374447262708,0.0,0.0,33.89141736872781,2.951427840706416,2.951427840706416
vm_00760,Interactive,small_2_4,medium_8_16,2,8,562,28.037669039145907,88.83,20.422058250440557,0.11387900355871886,0.0,68.25638790035586,85.06,2.9748672036862716,0.0,0.0,34.404081332552536,3.168237697505326,3.168237697505326
vm_00761,Interactive,small_2_4,medium_8_16,2,8,559,33.58593917710197,100.0,29.00529089301483,0.1771019677996422,0.09660107334525939,24.540125223613597,30.16,1.3854763108573378,0.0,0.0,49.31330502922137,2.97743646448861,2.97743646448861
vm_00762,Interactive,xxlarge_32_64,medium_8_16,32,8,559,35.767924865831844,63.58,6.033267360306499,0.0,0.0,41.095116279069764,47.06,0.9717778920109179,0.0,0.0,1.9130100845204012,1.7775702738834676,1.7775702738834676
vm_00763,Interactive,xlarge_16_32,xlarge_32_64,16,32,557,27.20149012567325,80.1,20.222013348197287,0.11490125673249552,0.0,53.24856373429085,73.02,4.358429534290202,0.0,0.0,29.967809937160506,2.9446916190962713,2.9446916190962713
vm_00764,Interactive,xlarge_16_32,large_16_32,16,16,555,26.90228828828829,82.68,20.058360806807976,0.13513513513513514,0.0,78.5369009009009,97.96,7.465133161701149,0.0,0.3621621621621622,33.320921917588585,3.073344509358861,3.073344509358861
vm_00765,Interactive,medium_4_8,large_16_32,4,16,560,35.56264285714286,62.11,6.096797524201677,0.0,0.0,33.79882142857143,39.55,1.0020312305600227,0.0,0.0,1.5217985422893392,1.7464956204042361,1.7464956204042361
vm_00766,Delay-Insensitive,medium_4_8,xlarge_32_64,4,32,560,14.07880357142857,31.53,3.888611531040766,0.0125,0.0,79.22153571428571,83.23,0.8332079945778644,0.0,0.0,0.6229083497143773,2.2395368924662584,2.2395368924662584
vm_00767,Interactive,large_8_16,xxlarge_64_128,8,64,556,26.881978417266186,84.97,19.973811657138665,0.13489208633093525,0.0,54.77456834532374,66.06,2.2577380837422076,0.0,0.0,29.8054684928598,3.1608536649007988,3.1608536649007988
vm_00770,Interactive,xxlarge_32_64,medium_8_16,32,8,556,33.545179856115105,100.0,29.35118415531041,0.17625899280575538,0.10431654676258993,21.808147482014387,32.68,1.9248915691499764,0.0,0.0,50.822379301146974,2.981054220872527,2.981054220872527
vm_00772,Interactive,small_2_4,medium_8_16,2,8,553,26.9374321880651,93.83,19.736723741456462,0.10849909584086799,0.003616636528028933,73.09309222423147,85.14,2.534963915179475,0.0,0.0,33.063151703369094,3.483257028543809,3.483257028543809
vm_00773,Interactive,medium_4_8,medium_8_16,4,8,563,36.11232682060391,60.59,5.664709924298875,0.0,0.0,31.876358792184725,38.65,1.6024565414152512,0.0,0.0,1.84589790609963,1.677820437907378,1.677820437907378
vm_00774,Interactive,xxlarge_32_64,large_16_32,32,16,557,35.67714542190305,61.38,6.074978899987166,0.0,0.0,33.38387791741472,38.25,1.0513727098403836,0.0,0.0,1.47923236899274,1.72042912273798,1.72042912273798
vm_00776,Delay-Insensitive,large_8_16,xxlarge_64_128,8,64,556,55.006924460431655,96.5,10.770820042962706,0.0,0.008992805755395683,37.6385071942446,54.59,2.509878666523318,0.0,0.0,0.864458512501983,1.7543245863421382,1.7543245863421382
vm_00777,Delay-Insensitive,small_2_4,xlarge_32_64,2,32,560,14.09480357142857,32.23,3.9533515543562125,0.007142857142857143,0.0,77.96,86.46,1.568821783667173,0.0,0.0,0.4448245855809745,2.2866583302610257,2.2866583302610257
vm_00778,Interactive,large_8_16,xxlarge_64_128,8,64,561,27.26723707664884,89.94,20.426470117466835,0.13012477718360071,0.0,60.90606060606061,74.32,2.540984340319501,0.0,0.0,29.113537501308492,3.2984640045185567,3.2984640045185567
vm_00779,Interactive,xlarge_16_32,xxlarge_64_128,16,64,562,36.06923487544484,58.7,6.101574118366404,0.0,0.0,40.525284697508894,50.79,2.301610923278306,0.0,0.0,1.5495434206921743,1.6274257051114134,1.6274257051114134
vm_00781,Interactive,xlarge_16_32,medium_8_16,16,8,546,36.14276556776557,58.63,5.854181462380716,0.0,0.0,28.031886446886446,34.66,1.1962308980267802,0.0,0.0,0.5086588013600419,1.6221780231529925,1.6221780231529925
vm_00782,Delay-Insensitive,medium_4_8,small_4_8,4,4,553,3.8958227848101266,10.48,1.9534175044774107,0.7106690777576854,0.0,17.654358047016277,22.22,0.7701625523727689,0.0,0.0,0.08114105024188545,2.6900607596581865,2.6900607596581865
vm_00783,Delay-Insensitive,large_8_16,small_4_8,8,4,559,13.828175313059033,28.71,4.007662360585082,0.016100178890876567,0.0,75.82694096601074,81.12,0.7467745086434321,0.0,0.0,0.45371965811965786,2.0761958356781096,2.0761958356781096
vm_00784,Interactive,xlarge_16_32,xlarge_32_64,16,32,556,27.296294964028778,86.56,19.643727603891847,0.12410071942446044,0.0,59.42293165467626,79.65,4.831835963410033,0.0,0.0,28.46003769177682,3.17112634202075,3.17112634202075
vm_00785,Interactive,xlarge_16_32,medium_8_16,16,8,547,32.58246800731261,100.0,29.066800604429066,0.19012797074954296,0.11517367458866545,33.414588665447894,45.56,4.643636076590496,0.0,0.0,47.00562508662509,3.069135216446974,3.069135216446974
vm_00786,Interactive,medium_4_8,large_16_32,4,16,561,27.41549019607843,79.12,20.252550839788235,0.12121212121212122,0.0,56.722959001782534,68.1,2.1431054270684937,0.0,0.0,34.98344721553438,2.88595970504724,2.88595970504724
vm_00787,Delay-Insensitive,large_8_16,small_4_8,8,4,558,4.10347670250896,11.14,1.987546801814336,0.6577060931899642,0.0,14.431756272401433,17.27,0.506590459653134,0.0,0.0,0.12100694809979995,2.7147711093835984,2.7147711093835984
vm_00788,Interactive,medium_4_8,xxlarge_64_128,4,64,554,27.402364620938627,86.28,19.94898268863998,0.12815884476534295,0.0,67.73256317689531,87.41,3.146595783961932,0.0,0.0,27.887553421109434,3.1486333823202957,3.1486333823202957
vm_00789,Interactive,xxlarge_32_64,small_4_8,32,4,553,27.68385171790235,98.41,19.783444975563807,0.10126582278481013,0.0018083182640144665,68.14555153707052,81.26,2.998758335068026,0.0,0.0,25.49801310043668,3.5547799129541313,3.5305158581406437
vm_00791,Interactive,small_2_4,medium_8_16,2,8,564,34.55150709219858,100.0,29.60955235126366,0.16843971631205673,0.0726950354609929,23.703156028368795,36.03,1.927333437186873,0.0,0.0,50.252249240121586,2.8942297577108906,2.8942297577108906
vm_00792,Interactive,small_2_4,xxlarge_64_128,2,64,554,34.08850180505415,100.0,29.577115434501987,0.18050541516245489,0.06498194945848375,30.76326714801444,42.49,2.6429273000430835,0.0,0.0,52.041176494362034,2.9335404815348456,2.9335404815348456
vm_00793,Interactive,large_8_16,xxlarge_64_128,8,64,559,27.022719141323794,90.9,19.669413616565784,0.10196779964221825,0.0017889087656529517,72.03542039355993,87.37,2.1686618919982767,0.0,0.0,28.085168768058836,3.3638361678042066,3.3638361678042066
vm_00794,Interactive,small_2_4,small_4_8,2,4,564,33.75496453900709,100.0,28.77837263049878,0.1702127659574468,0.051418439716312055,24.643918439716312,33.81,1.4733222931462588,0.0,0.0,44.819696048632224,2.9625271827627144,2.9625271827627144
vm_00796,Interactive,small_2_4,xxlarge_64_128,2,64,567,35.8757848324515,59.49,6.287098633930683,0.0,0.0,35.86878306878307,42.74,1.8712397679378567,0.0,0.0,1.7209166880287157,1.658221563035695,1.658221563035695
vm_00797,Interactive,medium_4_8,small_4_8,4,4,562,27.309572953736655,77.05,19.283352415690484,0.10142348754448399,0.0,69.5646975088968,83.61,3.3780948967061817,0.0,0.0,28.25374255111977,2.821354992643983,2.821354992643983
vm_00798,Interactive,large_8_16,large_16_32,8,16,552,4.876992753623188,15.09,2.4044705066542744,0.532608695652174,0.0,18.105778985507246,24.24,0.8148838504479817,0.0,0.0,-0.13081763396492718,3.0941198321013337,3.0941198321013337
vm_00799,Interactive,large_8_16,small_4_8,8,4,557,27.15579892280072,87.84,20.02939987362638,0.11669658886894076,0.0,67.55468581687612,83.54,2.7568641182001286,0.0,0.0,31.34320428160614,3.234668228679777,3.234668228679777
vm_00801,Delay-Insensitive,large_8_16,xxlarge_64_128,8,64,550,4.024836363636363,11.88,1.8855854976597926,0.7054545454545454,0.0,11.207600000000001,15.78,0.831992836595196,0.0,0.0,0.207496497027575,2.9516727952802153,2.9516727952802153
vm_00803,Interactive,small_2_4,xxlarge_64_128,2,64,555,34.910918918918924,100.0,29.260713698089663,0.13873873873873874,0.03783783783783784,31.5761981981982,46.39,4.067690267494698,0.0,0.0,46.493147975368544,2.8644333376686917,2.8644333376686917
vm_00804,Delay-Insensitive,xxlarge_32_64,xxlarge_64_128,32,64,557,55.67341113105925,100.0,11.513967410823335,0.0,0.01436265709156194,53.169820466786355,69.66,3.1512893849746195,0.0,0.0,-0.8711923527532264,1.7961895628164897,1.7961895628164897
vm_00806,Delay-Insensitive,small_2_4,xxlarge_64_128,2,64,555,13.691891891891892,30.82,4.122223146628772,0.018018018018018018,0.0,73.59727927927928,78.88,1.2467265381195174,0.0,0.0,0.21607309466051916,2.2509672325305963,2.2509672325305963
vm_00807,Delay-Insensitive,xxlarge_32_64,xlarge_32_64,32,32,562,14.13923487544484,29.04,3.8444271241174057,0.0071174377224199285,0.0,89.18085409252669,94.29,0.8146162444561765,0.0,0.9626334519572953,0.2358424556309764,2.053859367626239,2.053859367626239
vm_00808,Interactive,medium_4_8,small_4_8,4,4,554,35.81904332129964,60.26,6.080676147470479,0.0,0.0,40.08250902527076,49.71,1.0362280433305129,0.0,0.0,1.4879645732689255,1.6823453228346457,1.6823453228346457
vm_00809,Interactive,large_8_16,medium_8_16,8,8,557,33.49840215439856,100.0,29.587795804550794,0.1687612208258528,0.09874326750448834,27.33928186714542,37.37,1.517326497226288,0.0,0.0,42.292359792580775,2.985217012414108,2.985217012414108
vm_00812,Interactive,small_2_4,xlarge_32_64,2,32,554,34.36518050541517,100.0,29.53868938191665,0.18050541516245489,0.039711191335740074,24.50005415162455,32.96,1.5566676854025678,0.0,0.0,49.9586845025604,2.909922151703591,2.909922151703591
vm_00813,Interactive,large_8_16,medium_8_16,8,8,553,27.569222423146474,83.59,20.3042093678552,0.12839059674502712,0.0,55.57645569620253,74.69,2.7374338232900315,0.0,0.0,34.76117601688723,3.032004266098553,3.032004266098553
vm_00814,Interactive,xxlarge_32_64,xlarge_32_64,32,32,559,26.67788908765653,92.04,19.956665153941156,0.12880143112701253,0.005366726296958855,62.871896243291594,73.34,2.836073118721552,0.0,0.0,33.070704273504276,3.450048079050811,3.450048079050811
vm_00815,Interactive,xlarge_16_32,xlarge_32_64,16,32,558,5.017903225806451,13.49,2.4320559110989404,0.4946236559139785,0.0,19.25019713261649,22.56,0.7961713571899687,0.0,0.0,0.03842355175688539,2.688373887049597,2.688373887049597
vm_00817,Interactive,large_8_16,xlarge_32_64,8,32,556,33.5998381294964,100.0,30.413420202966638,0.21223021582733814,0.07733812949640288,29.401133093525182,40.93,1.8002297081411607,0.0,0.0,50.330083014048526,2.976204814278932,2.976204814278932
vm_00818,Delay-Insensitive,xxlarge_32_64,medium_8_16,32,8,561,14.177005347593584,31.53,3.9012643026203593,0.0071301247771836,0.0,83.06413547237078,89.09,0.7773951533625654,0.0,0.0,-0.4007412592902728,2.2240239900418692,2.2240239900418692
vm_00819,Delay-Insensitive,large_8_16,large_16_32,8,16,559,55.5886404293381,98.85,10.867215399985813,0.0,0.005366726296958855,28.021985688729877,56.28,8.583038171758263,0.0,0.0,0.6321791627122266,1.778241008172414,1.778241008172414
vm_00820,Interactive,xlarge_16_32,medium_8_16,16,8,556,34.267176258992805,100.0,29.55546906804121,0.18525179856115107,0.16546762589928057,24.179082733812947,37.53,2.9775726955200863,0.0,0.0,44.29205447885448,2.918244539444851,2.918244539444851
vm_00821,Interactive,xlarge_16_32,small_4_8,16,4,551,4.973157894736842,13.91,2.3490716561937846,0.5136116152450091,0.0,14.440961887477313,16.47,0.01662365235205132,0.0,0.0,0.003000817995909344,2.7970155572018203,2.7970155572018203
vm_00822,Interactive,large_8_16,small_4_8,8,4,565,33.51063716814159,100.0,29.464029180523568,0.16460176991150444,0.1256637168141593,24.550389380530973,36.34,3.04897835299796,0.0,0.0,47.777644924729515,2.9841270847296673,2.9841270847296673
vm_00823,Interactive,small_2_4,small_4_8,2,4,558,4.890913978494624,15.41,2.43898507082575,0.557347670250896,0.0,14.750913978494625,18.47,0.7681536466768835,0.0,0.0,0.29216049382716136,3.1507403458244934,3.1507403458244934
vm_00824,Interactive,small_2_4,large_16_32,2,16,559,5.039642218246869,19.45,2.6262985279256266,0.5080500894454383,0.0,19.611842576028625,25.3,0.8156952771771597,0.0,0.0,-0.032945048579478,3.859400956992148,3.5305158581406437
vm_00825,Interactive,xlarge_16_32,medium_8_16,16,8,553,5.065858951175407,13.69,2.320530383916116,0.488245931283906,0.0,17.73887884267631,20.93,0.8392861710769327,0.0,0.0,0.3481828057939911,2.702404494863319,2.702404494863319
vm_00826,Delay-Insensitive,small_2_4,small_4_8,2,4,552,54.063514492753626,100.0,10.90544832796476,0.0,0.009057971014492754,39.33452898550725,58.27,3.166507542021237,0.0,0.0,0.08836637931035085,1.8496762731435716,1.8496762731435716
vm_00828,Interactive,xlarge_16_32,xxlarge_64_128,16,64,557,35.23983842010772,59.76,5.773863444398769,0.0,0.0,19.721723518850986,34.66,4.557679925654686,0.0,0.0,2.4878530780481327,1.6958080025106232,1.6958080025106232
vm_00829,Delay-Insensitive,small_2_4,xxlarge_64_128,2,64,566,55.353374558303884,92.64,10.666797037287198,0.0,0.0017667844522968198,39.164187279151946,58.32,4.41178132629657,0.0,0.0,-1.2414964047252184,1.673610701049888,1.673610701049888
vm_00830,Interactive,xxlarge_32_64,large_16_32,32,16,560,34.44235714285715,100.0,29.641322498209874,0.16428571428571428,0.04107142857142857,32.24507142857143,38.73,2.0666950954190324,0.0,0.0,49.57230566534914,2.9034017499217115,2.9034017499217115
vm_00831,Interactive,small_2_4,large_16_32,2,16,555,27.16927927927928,81.33,20.06239384450525,0.12972972972972974,0.0,66.16277477477477,82.72,5.09760418824497,0.0,0.0,30.72140852974186,2.9934544514041095,2.9934544514041095
vm_00832,Interactive,large_8_16,large_16_32,8,16,560,5.104107142857143,14.94,2.499622423570009,0.4875,0.0,14.977821428571428,22.2,2.29212486357914,0.0,0.0,-0.31617251381396727,2.9270545429101213,2.9270545429101213
vm_00833,Interactive,medium_4_8,small_4_8,4,4,559,4.908908765652952,13.61,2.481000287614906,0.5330948121645797,0.0,16.169731663685152,20.73,0.7603421458545087,0.0,0.0,-0.12188383771640066,2.7725102766683185,2.7725102766683185
vm_00835,Interactive,small_2_4,large_16_32,2,16,560,27.088857142857144,86.05,19.3825070732522,0.125,0.0,67.56105357142857,78.42,4.215817705235797,0.0,0.0,32.16416258789694,3.176582885952052,3.176582885952052
vm_00837,Interactive,large_8_16,xxlarge_64_128,8,64,557,27.141292639138243,80.48,20.002452487640706,0.12028725314183124,0.0,78.41364452423699,95.17,3.6551297602215396,0.0,0.12028725314183124,34.21566338155037,2.9652235459097613,2.9652235459097613
vm_00838,Interactive,medium_4_8,medium_8_16,4,8,561,33.11700534759358,100.0,29.594779739030958,0.19429590017825313,0.10695187165775401,25.089964349376114,32.52,1.581128213428053,0.0,0.0,52.82126310135206,3.019596698143675,3.019596698143675
vm_00839,Interactive,large_8_16,medium_8_16,8,8,549,4.940309653916211,14.41,2.457571143596314,0.5282331511839709,0.0,16.347868852459015,20.78,0.7650738318426501,0.0,0.0,0.011019449122615654,2.9168212135401497,2.9168212135401497
vm_00840,Delay-Insensitive,large_8_16,small_4_8,8,4,560,13.961392857142858,31.23,4.132396661862044,0.019642857142857142,0.0,86.73273214285715,92.48,1.3788414673801723,0.0,0.2125,0.16997378218237102,2.2368828325049432,2.2368828325049432
vm_00841,Delay-Insensitive,small_2_4,large_16_32,2,16,563,55.007548845470694,100.0,11.133472663733649,0.0,0.02486678507992895,31.594564831261103,44.19,2.633100876996672,0.0,0.0,1.3503748733535943,1.8179323038174964,1.8179323038174964
vm_00842,Interactive,large_8_16,xlarge_32_64,8,32,557,35.996552962298026,59.05,5.892159889930252,0.0,0.0,40.02037701974865,46.86,1.1924114229096279,0.0,0.0,1.5521347675372397,1.6404348511327635,1.6404348511327635
vm_00843,Delay-Insensitive,small_2_4,xlarge_32_64,2,32,559,4.0080500894454385,10.24,1.9124555771060694,0.6994633273703041,0.0,17.950089445438284,21.89,0.8343223115701396,0.0,0.0,-0.09234871794871813,2.554858290560143,2.554858290560143
vm_00845,Interactive,large_8_16,large_16_32,8,16,553,35.53126582278481,58.74,6.112134834521375,0.0,0.0,29.658752260397833,37.19,1.6492929090206423,0.0,0.0,1.031860084862565,1.6531918759373987,1.6531918759373987
vm_00846,Interactive,xlarge_16_32,xxlarge_64_128,16,64,553,35.50775768535262,67.47,5.927820862703904,0.0,0.0,33.80515370705244,39.65,1.0199168870078608,0.0,0.0,1.3174466280791464,1.900148147846356,1.900148147846356
vm_00847,Interactive,xxlarge_32_64,medium_8_16,32,8,555,33.29515315315316,100.0,29.506004940498194,0.1837837837837838,0.043243243243243246,22.40834234234234,32.57,1.4949340898955015,0.0,0.0,52.669021704093694,3.0034401565901696,3.0034401565901696
vm_00849,Interactive,large_8_16,xxlarge_64_128,8,64,558,26.37057347670251,90.07,19.907618734848178,0.13799283154121864,0.0017921146953405018,64.32971326164875,77.97,2.1160810098940495,0.0,0.0,32.30004125237994,3.4155495359087933,3.4155495359087933
vm_00850,Interactive,xxlarge_32_64,small_4_8,32,4,554,27.0714440433213,80.45,19.91967271370882,0.12274368231046931,0.0,77.11761732851986,97.32,4.700775061112616,0.0,0.2833935018050541,33.99420288689639,2.971766111599338,2.971766111599338
vm_00851,Interactive,large_8_16,medium_8_16,8,8,563,35.658259325044405,58.87,5.969551968222921,0.0,0.0,33.39634103019538,46.4,4.560903025737532,0.0,0.0,1.8323352841722027,1.6509499093426845,1.6509499093426845
vm_00852,Interactive,large_8_16,xxlarge_64_128,8,64,560,35.61008928571429,58.8,6.041170155154905,0.0,0.0,43.027625,48.54,1.5066857212774238,0.0,0.0,2.090691044151498,1.6512174268428137,1.6512174268428137
vm_00855,Interactive,large_8_16,large_16_32,8,16,560,36.101375,62.03,6.328472141398301,0.0,0.0,29.351625,37.09,1.298366540340959,0.0,0.0,2.1531371625863187,1.7182171039191723,1.7182171039191723
vm_00856,Interactive,medium_4_8,xxlarge_64_128,4,64,557,4.985421903052065,18.11,2.576379642227888,0.4793536804308797,0.0,19.942998204667862,24.45,0.7881305777285432,0.0,0.0,-0.05144927536231858,3.632591253493129,3.5305158581406437
vm_00858,Interactive,small_2_4,small_4_8,2,4,555,4.918918918918919,18.08,2.3794687964631493,0.5009009009009009,0.0,13.263873873873873,18.04,0.4243775887745488,0.0,0.0,0.5075104619346531,3.675604395604395,3.5305158581406437
vm_00859,Interactive,large_8_16,large_16_32,8,16,559,27.25307692307692,85.69,20.178396486857192,0.14669051878354203,0.0,69.7233810375671,83.33,2.942683871721028,0.0,0.0,28.173166272655642,3.1442321262242796,3.1442321262242796
vm_00860,Interactive,small_2_4,xlarge_32_64,2,32,557,36.0837881508079,57.75,6.000019830153355,0.0,0.0,29.235493716337523,39.38,2.4698813027533624,0.0,0.0,1.1873231721838522,1.6004417207705783,1.6004417207705783
vm_00861,Interactive,medium_4_8,xxlarge_64_128,4,64,561,27.144795008912656,89.54,20.241579245693497,0.12477718360071301,0.0,60.90035650623886,75.64,2.6043982471617517,0.0,0.0,34.87469316633477,3.2986066010297983,3.2986066010297983
vm_00862,Interactive,medium_4_8,medium_8_16,4,8,564,36.32992907801419,59.35,6.2650241440911145,0.0,0.0,38.37156028368795,45.73,1.2629286124702421,0.0,0.0,0.8427477203647342,1.6336393025307854,1.6336393025307854
vm_00863,Interactive,small_2_4,large_16_32,2,16,556,36.00697841726619,58.55,5.828414047838987,0.0,0.0,28.9030035971223,38.72,2.1890545427142705,0.0,0.0,1.4275830140485297,1.626073682759337,1.626073682759337
vm_00864,Interactive,large_8_16,xxlarge_64_128,8,64,556,27.026330935251796,89.08,20.540638678593197,0.12769784172661872,0.0,66.05104316546762,78.02,3.058986346554006,0.0,0.0,33.169583439336925,3.296044890940357,3.296044890940357
vm_00866,Interactive,xxlarge_32_64,xxlarge_64_128,32,64,561,35.752174688057046,59.92,5.905705223837216,0.0,0.0,37.260338680926914,46.48,0.9485797990102899,0.0,0.0,2.0631961107190477,1.6759819653716388,1.6759819653716388
vm_00867,Interactive,large_8_16,xlarge_32_64,8,32,555,26.419477477477475,85.16,20.41751093092799,0.14414414414414414,0.0,80.95344144144144,100.0,7.823615311775933,0.0,0.5117117117117117,34.874592719120315,3.223379420452151,3.223379420452151
vm_00868,Interactive,large_8_16,xxlarge_64_128,8,64,562,35.87521352313167,59.56,5.830109293572801,0.0,0.0,33.7976512455516,38.78,1.0586988782811058,0.0,0.0,2.3035910464873908,1.6601991779532357,1.6601991779532357
vm_00869,Delay-Insensitive,xxlarge_32_64,medium_8_16,32,8,550,54.94692727272727,92.19,11.101002785984972,0.0,0.0018181818181818182,38.44067272727273,54.23,2.592307399260416,0.0,0.0,-0.05033889070502795,1.6778008266489217,1.6778008266489217
vm_00870,Interactive,large_8_16,large_16_32,8,16,563,34.64449378330373,100.0,29.502238877907626,0.15452930728241562,0.10124333925399645,28.749076376554175,38.65,1.5335224029496322,0.0,0.0,42.564768713639296,2.886461572378152,2.886461572378152
vm_00871,Interactive,xxlarge_32_64,xlarge_32_64,32,32,555,33.4736036036036,100.0,28.87626511497982,0.1891891891891892,0.03423423423423423,33.805747747747745,42.92,1.6436230368172857,0.0,0.0,40.719038733239145,2.9874285775802907,2.9874285775802907
vm_00872,Interactive,xxlarge_32_64,xlarge_32_64,32,32,561,27.37554367201426,85.09,20.13447958013371,0.12834224598930483,0.0,65.03557932263814,82.77,1.9875593597245884,0.0,0.0,29.54812987012987,3.1082487719499303,3.1082487719499303
vm_00874,Delay-Insensitive,xlarge_16_32,xxlarge_64_128,16,64,556,13.851258992805755,31.41,3.999839257739841,0.01618705035971223,0.0,82.13242805755395,87.71,0.8178700332029257,0.0,0.0,0.2315772669220948,2.2676639008998483,2.2676639008998483
vm_00875,Delay-Insensitive,xlarge_16_32,medium_8_16,16,8,555,54.56897297297297,99.6,11.38029284284016,0.0,0.02882882882882883,50.648072072072075,69.93,7.053036731990744,0.0,0.0,1.5764622930717422,1.8252130207642001,1.8252130207642001
vm_00877,Interactive,small_2_4,medium_8_16,2,8,561,4.904331550802139,15.65,2.3319381019457475,0.5008912655971479,0.0,17.74156862745098,22.25,0.7717667805661456,0.0,0.0,-0.06375943297348208,3.1910566889468,3.1910566889468
vm_00878,Interactive,small_2_4,small_4_8,2,4,561,26.60718360071301,78.88,19.958060488992967,0.11942959001782531,0.0,67.42221033868093,84.84,2.203408017456802,0.0,0.0,34.46231601731601,2.9646129099468532,2.9646129099468532
vm_00879,Interactive,xxlarge_32_64,xxlarge_64_128,32,64,563,35.64989342806394,56.0,5.933233200909959,0.0,0.0,33.27321492007105,41.35,1.4239676169112516,0.0,0.0,0.3219902458056936,1.5708321853191365,1.5708321853191365
vm_00882,Interactive,xxlarge_32_64,xxlarge_64_128,32,64,559,5.0321466905187835,15.65,2.6317746251090846,0.47584973166368516,0.0,16.939785330948123,21.73,0.7505462458078539,0.0,0.0,-0.28620566628926536,3.110004728098771,3.110004728098771
vm_00883,Delay-Insensitive,medium_4_8,small_4_8,4,4,554,13.871371841155234,28.19,4.07952824928449,0.01444043321299639,0.0,86.14990974729243,93.12,0.8338768642618128,0.0,0.24548736462093862,-0.32148799913895054,2.032243120782226,2.032243120782226
vm_00884,Delay-Insensitive,large_8_16,large_16_32,8,16,565,13.7409203539823,30.69,4.044684043235355,0.017699115044247787,0.0,72.16023008849557,78.52,1.3007685058574712,0.0,0.0,-0.1140462278297747,2.2334748480734503,2.2334748480734503
vm_00885,Interactive,medium_4_8,xlarge_32_64,4,32,559,36.04372093023255,58.06,6.00905103769251,0.0,0.0,30.136279069767443,41.21,2.5907090892384765,0.0,0.0,1.5498971800205439,1.6108214829535192,1.6108214829535192
vm_00886,Interactive,xlarge_16_32,xlarge_32_64,16,32,559,27.023112701252238,90.94,19.60111941722775,0.13237924865831843,0.0017889087656529517,66.61819320214668,76.13,2.4753538811971816,0.0,0.0,27.137564838463362,3.365267391856967,3.365267391856967
vm_00887,Interactive,medium_4_8,medium_8_16,4,8,566,35.761431095406365,58.16,5.987591821796745,0.0,0.0,35.81749116607774,42.11,1.2035408213980094,0.0,0.0,1.7477464716645557,1.6263331253393485,1.6263331253393485
vm_00888,Interactive,large_8_16,small_4_8,8,4,557,35.75473967684022,57.96,5.897332509912403,0.0,0.0,28.533339317773788,37.4,1.428343602781216,0.0,0.0,1.2588612368024172,1.6210438259054931,1.6210438259054931
vm_00889,Interactive,xlarge_16_32,xxlarge_64_128,16,64,549,27.077595628415303,83.47,20.130376918115136,0.12568306010928962,0.0,59.78823315118397,72.86,3.3627282399287606,0.0,0.0,30.14788196810685,3.0826222957700997,3.0826222957700997
vm_00890,Delay-Insensitive,xxlarge_32_64,large_16_32,32,16,561,14.110588235294118,34.36,4.141653333142789,0.016042780748663103,0.0,78.8726559714795,82.41,0.7744119227361435,0.0,0.0,-0.09694099986946902,2.4350508587627147,2.4350508587627147
vm_00894,Interactive,large_8_16,medium_8_16,8,8,561,4.9968449197860965,12.34,2.4035780305872048,0.5115864527629234,0.0,21.3697504456328,24.71,0.7624583888673954,0.0,0.0,0.24564502164502144,2.4695583309253966,2.4695583309253966
vm_00895,Interactive,small_2_4,large_16_32,2,16,566,26.983109540636043,85.27,19.987796494879642,0.13427561837455831,0.0,67.67363957597173,80.51,2.34880918896103,0.0,0.0,29.823323005720894,3.1601250356851946,3.1601250356851946
vm_00896,Interactive,small_2_4,xlarge_32_64,2,32,565,27.223079646017702,96.07,19.672356880931623,0.11504424778761062,0.0017699115044247787,65.9766371681416,90.94,5.508517133651906,0.0,0.0035398230088495575,32.60692069632495,3.52899088748225,3.52899088748225
vm_00897,Delay-Insensitive,xlarge_16_32,medium_8_16,16,8,560,14.121678571428571,30.01,4.198557981887124,0.01607142857142857,0.0,76.91328571428572,82.06,0.8363847518367582,0.0,0.0,-0.3113999817115385,2.125101477717896,2.125101477717896
vm_00898,Interactive,xxlarge_32_64,large_16_32,32,16,559,33.81590339892666,100.0,29.572236668451048,0.17173524150268335,0.10912343470483005,24.394293381037567,34.31,1.5690406949164133,0.0,0.0,48.62004929874512,2.9571884808250926,2.9571884808250926
vm_00899,Interactive,large_8_16,large_16_32,8,16,562,34.09859430604982,100.0,29.705565992952874,0.17437722419928825,0.12811387900355872,27.658629893238434,33.73,1.4602764157413484,0.0,0.0,45.30670236606212,2.9326722123045954,2.9326722123045954
vm_00900,Delay-Insensitive,medium_4_8,xxlarge_64_128,4,64,561,14.024367201426026,32.97,4.0405272817940885,0.017825311942959002,0.0,76.74748663101603,79.95,0.8007467007979542,0.0,0.0,-0.7112887312886009,2.3509082104358723,2.3509082104358723
vm_00901,Delay-Insensitive,small_2_4,large_16_32,2,16,556,54.70165467625899,90.74,11.099681975616056,0.0,0.007194244604316547,48.86868705035972,65.91,4.351521705787532,0.0,0.0,-0.7030612054612106,1.6588163655565245,1.6588163655565245
vm_00903,Interactive,large_8_16,small_4_8,8,4,561,35.51475935828877,55.66,6.192057555638939,0.0,0.0,38.58948306595366,47.53,1.0280093020781245,0.0,0.0,1.5214480191508315,1.567235735387562,1.567235735387562
vm_00904,Delay-Insensitive,small_2_4,xxlarge_64_128,2,64,557,54.710520646319566,93.72,11.30884136743299,0.0,0.005385996409335727,50.960520646319566,73.14,5.779288396396876,0.0,0.0,1.309543012886671,1.7130160505300298,1.7130160505300298
vm_00905,Interactive,xlarge_16_32,xlarge_32_64,16,32,559,35.854454382826475,60.56,5.9624718251983815,0.0,0.0,35.30087656529517,41.8,1.1982764432956827,0.0,0.0,1.6675345792418952,1.6890509433886953,1.6890509433886953
vm_00906,Delay-Insensitive,small_2_4,large_16_32,2,16,553,55.3322061482821,92.25,10.950582152192577,0.0,0.0018083182640144665,31.247179023508135,45.82,3.0473348415247714,0.0,0.0,0.3506237243527863,1.6672026369739117,1.6672026369739117
vm_00907,Interactive,medium_4_8,large_16_32,4,16,557,27.458043087971273,86.17,19.781875768829206,0.10951526032315978,0.0,64.07078994614004,76.97,2.586683612016697,0.0,0.0,28.608013166958088,3.1382425806502234,3.1382425806502234
vm_00909,Interactive,large_8_16,medium_8_16,8,8,554,5.000415162454874,12.62,2.528417228039383,0.5054151624548736,0.0,21.40962093862816,26.68,0.8384380341237521,0.0,0.0,-0.408180891035963,2.5237904433927865,2.5237904433927865
vm_00910,Delay-Insensitive,medium_4_8,small_4_8,4,4,569,54.610790861159934,97.67,10.481031822803542,0.0,0.01054481546572935,39.02885764499121,60.63,4.383642641964081,0.0,0.0,0.8910869343920211,1.7884743740172506,1.7884743740172506
vm_00911,Interactive,medium_4_8,xxlarge_64_128,4,64,553,27.062133815551537,99.46,20.116086498578508,0.12296564195298372,0.003616636528028933,62.283761301989145,77.84,6.220464265796452,0.0,0.0,33.86340269905533,3.675246034843131,3.5305158581406437
vm_00912,Delay-Insensitive,xlarge_16_32,xlarge_32_64,16,32,557,54.86610412926391,100.0,11.341034065718393,0.0,0.026929982046678635,35.9081328545781,51.84,2.4850550629253987,0.0,0.0,-1.212487018492034,1.822618929975439,1.822618929975439
vm_00914,Interactive,xxlarge_32_64,xxlarge_64_128,32,64,554,36.00814079422383,58.57,5.958019894050271,0.0,0.0,35.60113718411552,44.54,1.6801482021376783,0.0,0.0,0.8275460270346215,1.626576621512083,1.626576621512083
vm_00915,Interactive,small_2_4,large_16_32,2,16,556,27.450971223021583,82.87,20.83190663837953,0.13848920863309352,0.0,62.54325539568346,82.34,2.5321007223230527,0.0,0.0,34.850007468658305,3.0188367226330266,3.0188367226330266
vm_00916,Delay-Insensitive,medium_4_8,xlarge_32_64,4,32,557,3.8497845601436262,10.18,1.943846116153839,0.7324955116696589,0.0,13.772800718132855,18.1,0.8285751300796649,0.0,0.0,0.0655311661753375,2.644303815177701,2.644303815177701
vm_00917,Interactive,small_2_4,large_16_32,2,16,560,27.306392857142857,83.31,20.56513298419321,0.1375,0.0,61.055642857142864,77.16,2.8743679303863097,0.0,0.0,34.74093566021867,3.050933912649968,3.050933912649968
vm_00918,Delay-Insensitive,xlarge_16_32,xxlarge_64_128,16,64,558,55.69793906810036,100.0,10.075957370386858,0.0,0.043010752688172046,32.26430107526882,48.75,3.8058805197188956,0.0,0.0,0.5467117758784497,1.7953985672204624,1.7953985672204624
vm_00919,Delay-Insensitive,small_2_4,large_16_32,2,16,561,56.052798573975046,96.03,11.233141805949451,0.0,0.016042780748663103,39.717611408199645,52.7,2.3976090766513742,0.0,0.0,1.6065542238040393,1.7132061635292928,1.7132061635292928
vm_00920,Delay-Insensitive,large_8_16,xxlarge_64_128,8,64,555,3.8991891891891894,10.53,1.8936145479480784,0.7153153153153153,0.0,16.9509009009009,20.01,0.8001357618892307,0.0,0.0,0.25860634979873653,2.7005614472863377,2.7005614472863377
vm_00921,Interactive,large_8_16,xxlarge_64_128,8,64,558,5.143261648745519,15.09,2.4486390400898648,0.45340501792114696,0.0,18.689336917562724,23.6,0.8168097667632827,0.0,0.0,0.06003177250883596,2.9339359010989776,2.9339359010989776
vm_00922,Interactive,large_8_16,large_16_32,8,16,558,26.577491039426523,85.84,19.87925211845174,0.13082437275985664,0.0,82.95275985663082,100.0,6.491792657096389,0.0,0.7473118279569892,30.922897401908806,3.229800731478385,3.229800731478385
vm_00923,Interactive,medium_4_8,xxlarge_64_128,4,64,563,27.02829484902309,80.01,19.803993089349834,0.12078152753108348,0.0,69.00342806394316,89.7,2.805850802464015,0.0,0.0,33.045349070100144,2.9602311372924763,2.9602311372924763
vm_00924,Interactive,medium_4_8,small_4_8,4,4,567,36.14040564373898,57.57,6.264696559294692,0.0,0.0,46.44908289241623,54.77,2.922131320500068,0.0,0.0,1.177521367521372,1.5929538967411538,1.5929538967411538
vm_00927,Interactive,small_2_4,xlarge_32_64,2,32,562,36.10583629893238,63.94,6.104669008407373,0.0,0.0,30.23396797153025,39.31,1.6163926581600778,0.0,0.0,0.8619093792242865,1.7709048329643773,1.7709048329643773
vm_00928,Interactive,small_2_4,xlarge_32_64,2,32,567,27.201022927689593,87.56,20.002972765228414,0.11992945326278659,0.0,57.813245149911815,70.99,4.6615997324134435,0.0,0.0,29.26714345991561,3.218996588207986,3.218996588207986
vm_00929,Delay-Insensitive,xlarge_16_32,large_16_32,16,16,565,54.97265486725664,96.72,10.720752991848679,0.0,0.0017699115044247787,33.65819469026549,47.51,3.3560366797862975,0.0,0.0,0.9059350345642869,1.7594202105310606,1.7594202105310606
vm_00930,Interactive,large_8_16,xxlarge_64_128,8,64,555,27.076234234234235,83.98,19.95014923668428,0.13333333333333333,0.0,72.60032432432432,83.88,2.1512164058010903,0.0,0.0,34.1220832334851,3.1016129966041825,3.1016129966041825
vm_00931,Interactive,xxlarge_32_64,xxlarge_64_128,32,64,557,35.4675763016158,54.35,5.6887724251413765,0.0,0.0,34.220305206463195,42.53,1.3709491330412413,0.0,0.0,1.5345486415425071,1.5323855100164816,1.5323855100164816
vm_00932,Delay-Insensitive,small_2_4,xlarge_32_64,2,32,563,13.814262877442275,28.7,3.953045262695833,0.010657193605683837,0.0,80.56397868561278,87.26,1.3952563813334158,0.0,0.0,0.018612480539701437,2.077562896740954,2.077562896740954
vm_00934,Interactive,medium_4_8,small_4_8,4,4,560,36.15105357142857,62.06,6.056793385545936,0.0,0.0,32.87985714285715,42.09,0.9980786448693502,0.0,0.0,1.5218245499181577,1.7166857911175284,1.7166857911175284
vm_00936,Interactive,large_8_16,xlarge_32_64,8,32,563,26.508170515097692,84.59,20.625742726436215,0.152753108348135,0.0,82.00435168738898,100.0,9.330851196650428,0.0,0.33747779751332146,30.77077349709114,3.1910915901126367,3.1910915901126367
vm_00937,Interactive,xlarge_16_32,xxlarge_64_128,16,64,558,27.334856630824373,95.12,19.923382108649925,0.12186379928315412,0.0017921146953405018,62.645573476702516,79.76,3.5453919232666835,0.0,0.0,32.686777029160965,3.4798060690297223,3.4798060690297223
vm_00939,Interactive,xxlarge_32_64,xxlarge_64_128,32,64,565,35.577964601769914,53.48,5.797139634510037,0.0,0.0,41.37297345132743,46.75,1.8705205615763048,0.0,0.0,1.557586353999696,1.503177615656504,1.503177615656504
vm_00940,Interactive,xxlarge_32_64,medium_8_16,32,8,560,35.670625,61.22,5.939736609154989,0.0,0.0,37.777750000000005,46.38,1.564196665228965,0.0,0.0,0.8584818330605586,1.7162581255584952,1.7162581255584952
vm_00941,Interactive,medium_4_8,medium_8_16,4,8,560,36.169714285714285,63.33,6.364331165829334,0.0,0.0,28.726035714285715,34.28,2.0640770218697195,0.0,0.0,1.5987426408746899,1.7509123655149532,1.7509123655149532
vm_00942,Interactive,xxlarge_32_64,large_16_32,32,16,561,27.962869875222818,92.96,19.600470406139888,0.09269162210338681,0.0017825311942959,53.65422459893048,66.31,4.032317414097831,0.0,0.0,30.09962041508942,3.3244084178344466,3.3244084178344466
vm_00943,Interactive,xlarge_16_32,xlarge_32_64,16,32,563,27.10051509769094,81.41,19.812911915208854,0.11367673179396093,0.0,56.20232682060391,84.45,5.031250817619329,0.0,0.0,32.127658925791394,3.0040019426396958,3.0040019426396958
vm_00944,Interactive,xlarge_16_32,small_4_8,16,4,561,35.650213903743314,55.54,6.3844139699644895,0.0,0.0,37.975811051693405,43.69,0.9556912755878794,0.0,0.0,2.0105465380694767,1.5579149160215342,1.5579149160215342
vm_00945,Delay-Insensitive,large_8_16,large_16_32,8,16,563,14.012397868561278,36.63,4.049681913363819,0.017761989342806393,0.0,79.5227353463588,82.84,0.7910054725422724,0.0,0.0,-0.05964637433265807,2.6141136116456125,2.6141136116456125
vm_00946,Interactive,small_2_4,medium_8_16,2,8,560,35.460839285714286,55.83,6.313039534750817,0.0,0.0,22.486625,33.63,4.6991766723102675,0.0,0.0,1.7747526941143974,1.5744128205812549,1.5744128205812549
vm_00947,Interactive,xxlarge_32_64,medium_8_16,32,8,561,35.653743315508024,57.88,5.830752453744933,0.0,0.0,30.27598930481284,38.69,2.1387663650270774,0.0,0.0,1.6458292166548958,1.6233919532040946,1.6233919532040946
vm_00948,Interactive,small_2_4,xxlarge_64_128,2,64,561,35.69939393939394,62.42,6.347707121745867,0.0,0.0,29.513939393939392,36.36,1.145615394464749,0.0,0.0,2.1867388065553186,1.7484890669564035,1.7484890669564035
vm_00949,Interactive,small_2_4,medium_8_16,2,8,564,35.69831560283688,59.29,5.711299619083128,0.0,0.0,34.194804964539,41.25,0.989792915300758,0.0,0.0,2.1347539644464106,1.6608626765372743,1.6608626765372743
vm_00950,Delay-Insensitive,large_8_16,large_16_32,8,16,549,54.99684881602914,96.46,10.497018924094363,0.0,0.029143897996357013,33.278378870673954,53.53,4.68819772562861,0.0,0.0,-0.49197516375545547,1.7539186712800567,1.7539186712800567
vm_00951,Delay-Insensitive,xxlarge_32_64,xlarge_32_64,32,32,558,14.20073476702509,31.67,4.079242501658226,0.016129032258064516,0.0,86.01876344086021,90.89,1.3559603424226627,0.0,0.021505376344086023,0.3990836579729269,2.2301662920667695,2.2301662920667695
vm_00952,Interactive,small_2_4,xlarge_32_64,2,32,552,34.08909420289855,100.0,29.98291432241298,0.1956521739130435,0.04891304347826087,29.641757246376812,41.03,2.6578780598917935,0.0,0.0,51.8874358974359,2.933489502677872,2.933489502677872
vm_00955,Delay-Insensitive,large_8_16,small_4_8,8,4,553,55.040813743218806,100.0,10.751826482332552,0.0,0.039783001808318265,48.63582278481013,66.64,4.134711460288649,0.0,0.0,0.8676570747260328,1.8168336039966397,1.8168336039966397
vm_00956,Interactive,medium_4_8,small_4_8,4,4,563,27.078365896980465,77.77,19.508886336216236,0.11900532859680284,0.0,61.11271758436945,73.33,2.664172583623442,0.0,0.0,26.408366761805915,2.8720344608635413,2.8720344608635413
vm_00958,Interactive,medium_4_8,xxlarge_64_128,4,64,569,36.02912126537785,57.83,6.014850542063984,0.0,0.0,28.999279437609843,37.02,1.024593018283443,0.0,0.0,1.066041507609313,1.6050904926058154,1.6050904926058154
vm_00959,Delay-Insensitive,xxlarge_32_64,xlarge_32_64,32,32,560,4.114928571428572,10.79,1.9583709583812845,0.6428571428571429,0.0,9.035785714285714,12.51,0.7955215144411032,0.0,0.0,0.021253428882675784,2.6221597319863212,2.6221597319863212
vm_00960,Interactive,xxlarge_32_64,medium_8_16,32,8,561,33.718591800356506,100.0,29.3347613697568,0.17825311942959002,0.08199643493761141,27.862103386809267,37.28,1.5366396071132697,0.0,0.0,53.1215191017713,2.9657229042092648,2.9657229042092648
vm_00961,Interactive,xlarge_16_32,large_16_32,16,16,564,5.112641843971631,13.35,2.4448034437560024,0.4645390070921986,0.0,18.844148936170214,22.56,0.8204150181066439,0.0,0.0,0.12135510807411443,2.611174497924419,2.611174497924419
vm_00962,Delay-Insensitive,xxlarge_32_64,small_4_8,32,4,555,4.074000000000001,10.53,1.985622382399877,0.6756756756756757,0.0,13.54437837837838,16.28,0.7795194999454469,0.0,0.0,-0.29676263297872385,2.5846833578792334,2.5846833578792334
vm_00963,Interactive,xlarge_16_32,xxlarge_64_128,16,64,561,5.033992869875223,13.64,2.518199560900705,0.48128342245989303,0.0,13.966755793226381,19.61,1.3608713697111197,0.0,0.0,-0.1645530463420375,2.709578728572592,2.709578728572592
vm_00964,Interactive,xxlarge_32_64,xxlarge_64_128,32,64,555,26.197153153153153,86.22,20.15475203087252,0.14594594594594595,0.0,74.23763963963964,83.72,1.934799874877653,0.0,0.0,33.7985224529213,3.291197310484187,3.291197310484187
vm_00965,Delay-Insensitive,large_8_16,large_16_32,8,16,552,14.254311594202898,30.76,3.68518142547521,0.009057971014492754,0.0,77.53648550724638,80.69,0.896968661765198,0.0,0.0,0.20204968944099377,2.1579435665283073,2.1579435665283073
vm_00966,Interactive,large_8_16,xlarge_32_64,8,32,559,27.064329159212882,82.36,19.5187839739,0.11806797853309481,0.0,63.68828264758497,82.64,5.654802182783999,0.0,0.0,30.383483760683763,3.0431199500824904,3.0431199500824904
vm_00967,Interactive,large_8_16,xxlarge_64_128,8,64,564,5.075070921985816,14.8,2.5489997680151415,0.4875886524822695,0.0,19.515762411347517,24.04,0.8264140389054614,0.0,0.0,-0.03817404817404846,2.916215404179797,2.916215404179797
vm_00968,Interactive,small_2_4,xlarge_32_64,2,32,551,33.804355716878405,100.0,29.46950466765385,0.1869328493647913,0.0852994555353902,23.22589836660617,32.24,1.8483591397917978,0.0,0.0,52.721767285861716,2.9581986663946482,2.9581986663946482
vm_00969,Delay-Insensitive,medium_4_8,xxlarge_64_128,4,64,559,13.906422182468694,38.64,4.044043773707792,0.016100178890876567,0.0,81.85157423971377,88.87,1.5624395126178912,0.0,0.0,-0.20623508605216045,2.7785723382331944,2.7785723382331944
vm_00970,Interactive,xxlarge_32_64,medium_8_16,32,8,554,32.26388086642599,100.0,28.733882342901865,0.16606498194945848,0.04332129963898917,33.13380866425993,39.37,1.514434027165685,0.0,0.0,45.03671475852752,3.0994411495010405,3.0994411495010405
vm_00971,Delay-Insensitive,xlarge_16_32,medium_8_16,16,8,557,54.84177737881508,100.0,10.957153221860542,0.0,0.02872531418312388,44.122405745062835,63.4,2.5128686695055826,0.0,0.0,-0.6381737808907033,1.8234274084382458,1.8234274084382458
vm_00972,Interactive,medium_4_8,medium_8_16,4,8,558,34.56279569892473,100.0,29.281271078560415,0.17383512544802868,0.13978494623655913,24.444551971326163,33.49,1.4534191952971542,0.0,0.0,41.99843354242324,2.893284468973413,2.893284468973413
vm_00973,Interactive,xlarge_16_32,small_4_8,16,4,560,27.237857142857145,77.16,19.597838177508045,0.11785714285714285,0.0,66.16103571428572,84.66,3.1651135002089816,0.0,0.0,30.210271554383063,2.8328219652269686,2.8328219652269686
vm_00974,Interactive,large_8_16,xlarge_32_64,8,32,559,27.599785330948123,90.98,20.358738754683035,0.11091234347048301,0.0017889087656529517,70.81257602862254,89.69,2.9635808194363675,0.0,0.0,30.91281196581197,3.296402450564807,3.296402450564807
vm_00975,Delay-Insensitive,xlarge_16_32,small_4_8,16,4,557,54.8567145421903,100.0,10.956543746866547,0.0,0.03231597845601436,32.52692998204668,43.31,2.4190536567032845,0.0,0.0,0.40560142724990556,1.8229308997914921,1.8229308997914921
vm_00976,Interactive,small_2_4,small_4_8,2,4,555,35.71452252252252,61.4,5.624046994835975,0.0,0.0,28.797513513513515,35.48,1.2620952499488334,0.0,0.0,1.0409081897821935,1.7191886006954045,1.7191886006954045
vm_00977,Interactive,xlarge_16_32,medium_8_16,16,8,562,27.043861209964412,89.47,20.051794676155883,0.1298932384341637,0.0,70.25459074733097,89.53,2.742997942216041,0.0,0.0,34.26791729957806,3.308329358199577,3.308329358199577
vm_00978,Interactive,medium_4_8,medium_8_16,4,8,554,35.84741877256318,62.02,5.850951053098891,0.0,0.0,43.04651624548737,50.89,2.1148080237060816,0.0,0.0,0.6414059829059866,1.7301106222875031,1.7301106222875031
vm_00979,Interactive,large_8_16,medium_8_16,8,8,561,4.95222816399287,15.26,2.4008242315307844,0.5365418894830659,0.0,17.977736185383243,21.77,0.7865673898967555,0.0,0.0,-0.10283602009839932,3.081441220934418,3.081441220934418
vm_00980,Interactive,xxlarge_32_64,large_16_32,32,16,554,27.322292418772562,88.41,20.887891531642538,0.15342960288808663,0.0,67.00054151624549,85.19,4.328259934925,0.0,0.0,35.019697058627365,3.2358192586817998,3.2358192586817998
vm_00981,Interactive,large_8_16,xxlarge_64_128,8,64,556,35.9863309352518,59.71,6.030174891030167,0.0,0.0,39.075809352517986,48.87,1.6831858123521006,0.0,0.0,2.7994965034965063,1.6592411187301332,1.6592411187301332
vm_00982,Delay-Insensitive,xxlarge_32_64,xxlarge_64_128,32,64,553,4.048083182640145,11.04,2.004844842099808,0.6654611211573237,0.0,17.246853526220615,20.64,1.1640875673144713,0.0,0.0,0.42437757437070944,2.7272166855029276,2.7272166855029276
vm_00983,Interactive,large_8_16,small_4_8,8,4,557,5.22592459605027,13.55,2.3606232596837926,0.466786355475763,0.0,16.169335727109516,19.58,0.7125931142223486,0.0,0.0,-0.040214724739045415,2.592842615877204,2.592842615877204
vm_00984,Interactive,xlarge_16_32,large_16_32,16,16,560,4.803589285714286,14.49,2.426239640564165,0.5125,0.0,13.626803571428573,18.6,2.202562574223093,0.0,0.0,-0.02414860883797143,3.016494362474489,3.016494362474489
vm_00985,Interactive,medium_4_8,xlarge_32_64,4,32,564,4.861117021276596,14.61,2.408516268381039,0.5372340425531915,0.0,19.61654255319149,22.39,0.781913622421595,0.0,0.0,-0.3678940457032507,3.005482060204182,3.005482060204182
vm_00986,Interactive,xlarge_16_32,xxlarge_64_128,16,64,559,33.54017889087656,100.0,29.186999265645927,0.19320214669051877,0.07155635062611806,28.62906976744186,35.27,1.5222161948518698,0.0,0.0,43.600132078456184,2.981498707128289,2.981498707128289
vm_00987,Interactive,large_8_16,xxlarge_64_128,8,64,557,27.29174147217235,87.61,20.5454114418363,0.14183123877917414,0.0,65.65967684021544,81.93,3.0934428044799045,0.0,0.0,35.33142586206897,3.2101286057296976,3.2101286057296976
vm_00988,Interactive,xxlarge_32_64,xxlarge_64_128,32,64,565,35.42325663716814,60.18,6.093872344876598,0.0,0.0,30.943663716814157,38.2,2.056357688596692,0.0,0.0,0.8956557059961341,1.6988838890904132,1.6988838890904132
vm_00989,Interactive,medium_4_8,medium_8_16,4,8,561,27.54397504456328,82.09,19.309898323863532,0.10873440285204991,0.0,55.879946524064174,71.47,3.108088152131613,0.0,0.0,28.556632021229547,2.980325093498195,2.980325093498195
vm_00990,Interactive,small_2_4,small_4_8,2,4,558,33.81650537634409,100.0,29.98251275142824,0.17921146953405018,0.04838709677419355,31.8705017921147,41.34,2.0435503742148557,0.0,0.0,43.763825821845174,2.9571358390554967,2.9571358390554967
vm_00991,Delay-Insensitive,large_8_16,medium_8_16,8,8,558,55.11023297491039,97.52,11.19576956441678,0.0,0.008960573476702509,42.34351254480287,52.07,2.41627341725887,0.0,0.0,-0.6615564796294322,1.7695443248152694,1.7695443248152694
vm_00992,Delay-Insensitive,xlarge_16_32,large_16_32,16,16,551,55.87279491833031,92.62,11.093132773012458,0.0,0.0054446460980036296,27.089382940108894,57.78,10.86205336273527,0.0,0.0,1.540402597402604,1.6576940554948678,1.6576940554948678
vm_00993,Interactive,small_2_4,small_4_8,2,4,561,26.803297682709445,90.06,19.929645980982652,0.11942959001782531,0.0017825311942959,69.59155080213904,89.03,2.5055309356081765,0.0,0.0,33.6258594486951,3.360034316154197,3.360034316154197
vm_00994,Interactive,medium_4_8,large_16_32,4,16,560,33.59173214285714,100.0,30.03015744261596,0.2,0.125,16.95905357142857,27.7,2.4155436572158364,0.0,0.0,44.164937984801355,2.976922999228658,2.976922999228658
vm_00995,Interactive,xxlarge_32_64,small_4_8,32,4,548,27.65257299270073,89.55,21.079541849681373,0.14051094890510948,0.0,63.51171532846715,79.92,2.3787339309864826,0.0,0.0,31.730603565399974,3.238396659277888,3.238396659277888
vm_00996,Interactive,large_8_16,large_16_32,8,16,559,26.703846153846154,81.56,19.90822826730983,0.13595706618962433,0.0,55.93389982110912,70.79,2.011913575100531,0.0,0.0,31.096653169247055,3.0542416822699123,3.0542416822699123
vm_00998,Delay-Insensitive,small_2_4,large_16_32,2,16,562,55.71137010676157,100.0,11.400165105366753,0.0,0.012455516014234875,46.02987544483986,61.59,2.489951817959459,0.0,0.0,-0.9450917239941674,1.7949657279719855,1.7949657279719855
vm_00999,Delay-Insensitive,medium_4_8,xxlarge_64_128,4,64,564,55.056755319148934,100.0,10.585008296803538,0.0,0.028368794326241134,47.399946808510634,67.82,4.773177183329098,0.0,0.0,1.0166231863387054,1.816307543376419,1.816307543376419
vm_01000,Delay-Insensitive,small_2_4,large_16_32,2,16,553,54.66397830018083,97.22,10.66422939045677,0.0,0.018083182640144666,50.79245931283906,63.49,3.7454654843485873,0.0,0.0,0.32514542378343947,1.778502096318855,1.778502096318855
vm_01001,Interactive,large_8_16,xlarge_32_64,8,32,558,35.60387096774193,61.42,6.054149761395941,0.0,0.0,41.26964157706093,48.72,0.9987107742585587,0.0,0.0,2.137905803306765,1.7250933207697605,1.7250933207697605
vm_01002,Interactive,medium_4_8,xlarge_32_64,4,32,560,4.9869642857142855,13.86,2.310646913298328,0.5071428571428571,0.0,21.250875,24.99,0.7962138394212117,0.0,0.0,0.27630376432078485,2.7792458910731552,2.7792458910731552
vm_01003,Delay-Insensitive,xlarge_16_32,medium_8_16,16,8,552,4.101920289855073,11.11,1.9293453393005768,0.6902173913043478,0.0,11.493478260869564,15.28,0.8106255809912525,0.0,0.0,0.2907464498118699,2.7084875411834326,2.7084875411834326
vm_01006,Interactive,small_2_4,medium_8_16,2,8,562,26.217224199288257,91.41,19.464767799991275,0.11743772241992882,0.0017793594306049821,60.67348754448398,75.03,3.595243779381031,0.0,0.0,25.736346895803084,3.486639138649987,3.486639138649987
vm_01010,Interactive,xxlarge_32_64,xlarge_32_64,32,32,563,33.53818827708703,100.0,29.70732637724341,0.19538188277087035,0.12255772646536411,30.102184724689163,42.91,2.8126669544084044,0.0,0.0,43.673775913642864,2.9816756699502176,2.9816756699502176
vm_01011,Interactive,xlarge_16_32,xlarge_32_64,16,32,563,33.32246891651865,100.0,29.09326607183088,0.18294849023090587,0.07282415630550622,24.95960923623446,35.57,3.4014140648598303,0.0,0.0,50.3632994291645,3.0009781163132208,3.0009781163132208
vm_01012,Interactive,small_2_4,medium_8_16,2,8,561,4.844741532976827,12.74,2.3772387897375085,0.5133689839572193,0.0,19.651764705882353,24.44,0.816727084314034,0.0,0.0,0.09874915254237315,2.629655248537474,2.629655248537474
vm_01013,Interactive,medium_4_8,small_4_8,4,4,555,26.748756756756755,85.41,19.663304139411395,0.11891891891891893,0.0,70.24607207207207,85.53,4.86507743066317,0.0,0.0,29.17129349046016,3.1930455974715675,3.1930455974715675
vm_01014,Interactive,xlarge_16_32,xlarge_32_64,16,32,552,33.841847826086955,100.0,28.577993675766578,0.17391304347826086,0.030797101449275364,32.22260869565218,41.27,2.8388338405709312,0.0,0.0,41.42471561642354,2.9549213894554276,2.9549213894554276
vm_01015,Delay-Insensitive,large_8_16,medium_8_16,8,8,557,3.9335188509874324,12.43,1.9913180728753066,0.7073608617594255,0.0,10.538366247755835,14.36,1.0218744355468528,0.0,0.0,-0.002751845677542608,3.160020447564321,3.160020447564321
vm_01016,Delay-Insensitive,xlarge_16_32,xlarge_32_64,16,32,557,54.67113105924596,94.64,11.086351092804906,0.0,0.005385996409335727,30.570053859964094,52.06,5.87553571694723,0.0,0.0,-0.9372215130966595,1.7310781424558532,1.7310781424558532
vm_01017,Interactive,xxlarge_32_64,xlarge_32_64,32,32,560,27.875642857142857,79.77,19.80668441985284,0.1125,0.0,63.23167857142857,82.3,2.213456416141726,0.0,0.0,31.292797441140998,2.861638040378313,2.861638040378313
vm_01018,Interactive,xlarge_16_32,small_4_8,16,4,561,34.087575757575756,100.0,30.285870417897804,0.18716577540106952,0.12121212121212122,27.229055258467024,33.91,1.4609683672671814,0.0,0.0,46.71520398805157,2.933620176195006,2.933620176195006
vm_01021,Interactive,medium_4_8,large_16_32,4,16,560,27.158339285714288,77.91,19.61179665604051,0.12857142857142856,0.0,51.721625,75.05,5.563591815020936,0.0,0.0,30.44202726351663,2.8687321113549045,2.8687321113549045
vm_01022,Delay-Insensitive,medium_4_8,large_16_32,4,16,563,54.90658969804618,100.0,10.90678559333774,0.0,0.03019538188277087,38.298454706927174,55.38,2.6703191179052412,0.0,0.0,-0.27230174156429854,1.8212750154387833,1.8212750154387833
vm_01023,Interactive,xlarge_16_32,xlarge_32_64,16,32,557,27.329820466786355,84.98,19.978975603237533,0.10771992818671454,0.0,61.05400359066427,79.36,5.743778237261231,0.0,0.0,32.30652798829943,3.1094240118875023,3.1094240118875023
vm_01024,Delay-Insensitive,large_8_16,xxlarge_64_128,8,64,559,14.164311270125225,34.18,4.175178040081418,0.012522361359570662,0.0,81.10881932021468,89.5,2.077396194177499,0.0,0.0,-0.13292839818623037,2.4131070934660293,2.4131070934660293
vm_01026,Interactive,xlarge_16_32,large_16_32,16,16,563,34.33182948490231,100.0,29.349535114132784,0.1705150976909414,0.07815275310834814,19.24968028419183,29.07,2.795158798527882,0.0,0.0,41.901136741048255,2.9127489417357086,2.9127489417357086
vm_01027,Delay-Insensitive,xxlarge_32_64,large_16_32,32,16,558,54.92017921146953,100.0,11.258203422950276,0.0,0.021505376344086023,33.354408602150535,59.12,5.195991680314801,0.0,0.0,-1.965868783265421,1.8208243570173201,1.8208243570173201
vm_01028,Interactive,medium_4_8,xxlarge_64_128,4,64,569,26.035957820738137,81.92,19.508680268411794,0.13005272407732865,0.0,70.53773286467487,81.84,2.143863735699047,0.0,0.0,33.60656397923347,3.146417756705273,3.146417756705273
vm_01029,Interactive,small_2_4,small_4_8,2,4,558,5.086648745519713,14.09,2.49686210007197,0.4874551971326165,0.0,21.654068100358423,27.17,1.7714636380258342,0.0,0.0,-0.19905508072174705,2.769996652985009,2.769996652985009
vm_01030,Interactive,large_8_16,medium_8_16,8,8,557,5.1021543985637345,13.15,2.499786039305216,0.49730700179533216,0.0,19.195224416517057,23.75,0.7996162489530914,0.0,0.0,0.26976721642365753,2.5773426228931346,2.5773426228931346
vm_01031,Interactive,xxlarge_32_64,xlarge_32_64,32,32,560,34.75407142857143,100.0,29.739326706944215,0.1732142857142857,0.16964285714285715,31.329857142857144,38.89,1.5932479335515926,0.0,0.0,46.321082017561125,2.8773607203267035,2.8773607203267035
vm_01032,Delay-Insensitive,large_8_16,small_4_8,8,4,553,55.05815551537071,100.0,10.638517481322706,0.0,0.04701627486437613,55.307088607594935,77.39,4.606514922702014,0.0,0.0,0.06769998117825082,1.8162613524545475,1.8162613524545475
vm_01033,Interactive,xxlarge_32_64,medium_8_16,32,8,557,36.17518850987433,61.1,6.2070914575090725,0.0,0.0,43.40228007181329,51.49,1.6872056654095073,0.0,0.0,2.2179144810046125,1.6890029469596883,1.6890029469596883
vm_01034,Interactive,medium_4_8,medium_8_16,4,8,560,4.898124999999999,13.16,2.3219828871409254,0.525,0.0,14.306625,18.53,0.7708844457582381,0.0,0.0,0.40521341303549896,2.6867423759091493,2.6867423759091493
vm_01035,Interactive,medium_4_8,xxlarge_64_128,4,64,557,5.036535008976661,16.68,2.5365681698225777,0.5116696588868941,0.0,13.884021543985636,18.77,0.7936274878449455,0.0,0.0,-0.18490917058401735,3.311800666583492,3.311800666583492
vm_01036,Interactive,large_8_16,large_16_32,8,16,567,35.841340388007055,60.19,5.8469732409208435,0.0,0.0,40.58677248677249,49.48,0.9937671425734732,0.0,0.0,1.0684847475006407,1.6793456759262357,1.6793456759262357
vm_01037,Interactive,medium_4_8,large_16_32,4,16,560,5.1380357142857145,14.97,2.3803507052404407,0.4607142857142857,0.0,16.25769642857143,20.88,0.8000265295163509,0.0,0.0,-0.09472078559738151,2.913564800333646,2.913564800333646
vm_01038,Delay-Insensitive,large_8_16,xxlarge_64_128,8,64,557,13.880951526032316,27.05,4.208801756137513,0.017953321364452424,0.0,81.86351885098743,88.55,1.3125331808426954,0.0,0.0,0.10950376635390491,1.9487136706205241,1.9487136706205241
vm_01039,Interactive,medium_4_8,small_4_8,4,4,554,36.24411552346571,62.8,6.177137778381178,0.0,0.0,26.8057761732852,34.36,1.141809670712631,0.0,0.0,1.6685694323144062,1.7326950621637072,1.7326950621637072
vm_01040,Interactive,xxlarge_32_64,medium_8_16,32,8,556,33.30710431654676,100.0,29.18205252578932,0.19784172661870503,0.05575539568345324,31.89613309352518,49.2,4.343052023168473,0.0,0.0,47.77926460389437,3.002362470469119,3.002362470469119
vm_01041,Interactive,xlarge_16_32,xlarge_32_64,16,32,555,34.58336936936937,100.0,29.624404528715992,0.14594594594594595,0.05405405405405406,21.86261261261261,28.98,2.526048380030002,0.0,0.0,47.03619301804206,2.8915632520343837,2.8915632520343837
vm_01042,Delay-Insensitive,medium_4_8,xxlarge_64_128,4,64,558,13.93394265232975,32.99,4.192737314334222,0.010752688172043012,0.0,87.58254480286737,92.7,1.6345137393296167,0.0,0.3960573476702509,-0.3959875866622671,2.3675998117075707,2.3675998117075707
vm_01043,Delay-Insensitive,large_8_16,xxlarge_64_128,8,64,552,14.117608695652175,32.72,3.747394846688048,0.010869565217391304,0.0,76.44677536231885,80.03,0.7913688893027764,0.0,0.0,0.0911781721312579,2.317672964691027,2.317672964691027
vm_01045,Interactive,medium_4_8,small_4_8,4,4,564,35.78790780141844,56.29,5.846104915599956,0.0,0.0,29.665762411347522,39.67,3.9458894168248118,0.0,0.0,1.3387598784194523,1.5728776410273686,1.5728776410273686
vm_01046,Interactive,medium_4_8,xxlarge_64_128,4,64,559,27.760536672629694,93.99,19.286797359842783,0.09302325581395349,0.0035778175313059034,72.2054740608229,91.97,3.379327319908283,0.0,0.005366726296958855,29.286541536050155,3.3857414612833754,3.3857414612833754
vm_01047,Interactive,xlarge_16_32,small_4_8,16,4,563,35.884209591474246,61.23,6.085651832503718,0.0,0.0,29.836287744227356,37.57,2.4735749847765174,0.0,0.0,1.294031384439954,1.706321546359145,1.706321546359145
vm_01048,Interactive,large_8_16,small_4_8,8,4,563,35.68596802841918,66.9,5.90052126104134,0.0,0.0,35.2543161634103,40.7,1.6101501950912949,0.0,0.0,1.7846830456642309,1.8746864298797485,1.8746864298797485
vm_01049,Interactive,xlarge_16_32,xxlarge_64_128,16,64,555,26.81872072072072,78.27,19.80599775109669,0.13873873873873874,0.0,72.45603603603604,84.63,1.984991283560455,0.0,0.0,30.86818911243872,2.9184837269112136,2.9184837269112136
vm_01050,Delay-Insensitive,xlarge_16_32,medium_8_16,16,8,562,13.826316725978648,31.33,4.116900274598032,0.019572953736654804,0.0,76.38704626334518,82.01,1.0877133423592895,0.0,0.0,0.12311054852320602,2.265968632205076,2.265968632205076
vm_01051,Interactive,medium_4_8,medium_8_16,4,8,558,27.080286738351255,84.76,19.605627171650376,0.10752688172043011,0.0,41.22664874551972,68.43,4.710077288824897,0.0,0.0,31.408736348629912,3.129952087248855,3.129952087248855
vm_01052,Interactive,large_8_16,medium_8_16,8,8,559,33.51148479427549,100.0,29.47391069387837,0.20572450805008943,0.05366726296958855,30.749624329159214,41.06,2.780845588731528,0.0,0.0,51.40236581196581,2.9840516054090878,2.9840516054090878
vm_01054,Interactive,large_8_16,xlarge_32_64,8,32,553,5.061030741410488,13.45,2.3217499149416394,0.46835443037974683,0.0,14.51862567811935,19.6,0.7709559700901863,0.0,0.0,0.08857527536467291,2.65756141134435,2.65756141134435
vm_01055,Interactive,xlarge_16_32,xlarge_32_64,16,32,567,35.74772486772487,59.51,6.292809116873985,0.0,0.0,38.75954144620811,43.86,1.0844256273716422,0.0,0.0,1.7154496692293932,1.664721327586615,1.664721327586615
vm_01057,Interactive,medium_4_8,medium_8_16,4,8,562,36.120765124555156,61.31,5.955717780406579,0.0,0.0,32.89631672597865,47.5,4.5433513499974705,0.0,0.0,2.3347386297091575,1.697361608719662,1.697361608719662
vm_01058,Interactive,xxlarge_32_64,medium_8_16,32,8,563,26.69595026642984,88.34,19.82746694593598,0.12078152753108348,0.0,73.91120781527532,87.16,2.175525534204183,0.0,0.0,34.64481951244921,3.3091161437728465,3.3091161437728465
vm_01059,Interactive,large_8_16,xxlarge_64_128,8,64,558,4.972329749103943,14.81,2.3848594730405206,0.5053763440860215,0.0,19.425232974910397,26.04,1.6387190774885927,0.0,0.0,0.24811717022844526,2.978483074793841,2.978483074793841
vm_01060,Interactive,medium_4_8,small_4_8,4,4,554,33.21028880866426,100.0,29.563087846616206,0.22202166064981949,0.12454873646209386,30.543790613718407,39.66,2.033923616994278,0.0,0.0,47.75247496423462,3.011115036551893,3.011115036551893
vm_01061,Interactive,medium_4_8,medium_8_16,4,8,554,35.585342960288806,59.5,6.117147538283774,0.0,0.0,30.534368231046933,35.85,1.0156703741898714,0.0,0.0,1.1360647608325678,1.6720367165323817,1.6720367165323817
vm_01062,Interactive,xxlarge_32_64,large_16_32,32,16,565,27.22992920353982,84.72,20.50333370217587,0.1415929203539823,0.0,67.09745132743362,86.46,2.2363283333930752,0.0,0.0,34.38302047957188,3.1112824189416775,3.1112824189416775
vm_01064,Delay-Insensitive,xlarge_16_32,xlarge_32_64,16,32,563,54.62563055062167,99.81,10.998604202219118,0.0,0.007104795737122558,36.41765541740675,61.05,4.944715987934627,0.0,0.0,-0.11196969696970172,1.8271642632574445,1.8271642632574445
vm_01066,Interactive,small_2_4,xlarge_32_64,2,32,565,26.940654867256637,93.72,19.875632817335333,0.10973451327433628,0.005309734513274336,55.85242477876106,67.8,2.886560008815222,0.0,0.0,28.010778607994204,3.478757307934122,3.478757307934122
vm_01067,Interactive,xxlarge_32_64,xxlarge_64_128,32,64,556,35.850503597122305,57.27,6.162394330946142,0.0,0.0,38.01573741007194,50.74,3.48256998342901,0.0,0.0,1.273476390276393,1.5974670995862112,1.5974670995862112
vm_01069,Interactive,large_8_16,large_16_32,8,16,559,33.70212880143113,100.0,28.93873174350335,0.17889087656529518,0.03041144901610018,21.32865831842576,37.14,6.916776873553776,0.0,0.0,42.802875213675215,2.967171616641427,2.967171616641427
vm_01070,Interactive,large_8_16,small_4_8,8,4,552,27.24001811594203,77.02,20.10855430559377,0.10507246376811594,0.0,74.67603260869565,85.99,3.534076737610487,0.0,0.0,35.03132298136646,2.827457737809821,2.827457737809821
vm_01071,Interactive,medium_4_8,medium_8_16,4,8,559,27.638425760286225,87.72,20.204210091033815,0.10554561717352415,0.0,69.98490161001789,81.23,4.212815439108829,0.0,0.0,28.072078632478632,3.173842126929141,3.173842126929141
vm_01072,Delay-Insensitive,xlarge_16_32,medium_8_16,16,8,555,55.29097297297297,100.0,11.227266310144572,0.0,0.010810810810810811,46.99066666666667,67.16,5.877079362159529,0.0,0.0,-0.9221292836553872,1.8086134973403605,1.8086134973403605
vm_01075,Interactive,large_8_16,medium_8_16,8,8,558,33.74949820788531,100.0,29.446851775028506,0.18996415770609318,0.0931899641577061,24.06673835125448,35.21,3.034957331368981,0.0,0.0,45.63000449545166,2.963007016697978,2.963007016697978
vm_01076,Interactive,xxlarge_32_64,small_4_8,32,4,559,33.81756708407871,100.0,29.526203273251966,0.18425760286225404,0.08050089445438283,22.541985688729874,29.84,1.5945241736319367,0.0,0.0,50.80864517233207,2.9570429993197216,2.9570429993197216
vm_01077,Interactive,small_2_4,medium_8_16,2,8,557,26.842441651705567,81.35,19.447395790193113,0.11669658886894076,0.0,64.92551166965889,75.63,2.2782053785197007,0.0,0.0,25.792578816298423,3.0306482940545396,3.0306482940545396
vm_01078,Interactive,small_2_4,xlarge_32_64,2,32,555,4.9816936936936935,14.46,2.47280421063412,0.5099099099099099,0.0,13.34828828828829,17.87,1.1461164010808371,0.0,0.0,-0.18086354515050207,2.9026272768044445,2.9026272768044445
vm_01079,Interactive,xlarge_16_32,large_16_32,16,16,549,26.592677595628412,82.1,19.905657118910856,0.13114754098360656,0.0,69.18635701275045,92.75,5.510998742730932,0.0,0.014571948998178506,27.038570370370373,3.0873160367084083,3.0873160367084083
vm_01080,Delay-Insensitive,xxlarge_32_64,medium_8_16,32,8,562,3.9090747330960856,11.73,2.019546779807547,0.699288256227758,0.0,17.002935943060496,19.79,0.8047987267272486,0.0,0.0,-0.3044748882187793,3.0007100914925577,3.0007100914925577
vm_01081,Interactive,medium_4_8,medium_8_16,4,8,554,27.047599277978343,79.77,19.481874179136806,0.12274368231046931,0.0,55.89122743682311,78.22,4.783807521616545,0.0,0.0,29.226415458937197,2.9492451134081707,2.9492451134081707
vm_01083,Interactive,xxlarge_32_64,small_4_8,32,4,567,35.66298059964726,57.41,5.855461143178185,0.0,0.0,33.07853615520282,46.35,2.8693490738823373,0.0,0.0,2.5180380651086836,1.6097925365376733,1.6097925365376733
vm_01084,Interactive,large_8_16,xxlarge_64_128,8,64,562,27.50370106761566,90.6,20.24775796227117,0.13167259786476868,0.0017793594306049821,65.84012455516014,83.29,5.587673422844105,0.0,0.0,34.33028855152334,3.2941021201934646,3.2941021201934646
vm_01085,Delay-Insensitive,large_8_16,medium_8_16,8,8,563,3.87955595026643,9.94,1.9696352377353437,0.6891651865008881,0.0,11.251598579040852,14.93,0.8026064759896152,0.0,0.0,-0.08915127140633139,2.5621488973028903,2.5621488973028903
vm_01086,Interactive,medium_4_8,large_16_32,4,16,559,34.22803220035778,100.0,29.83904389495865,0.17531305903398928,0.07871198568872988,36.30296958855099,43.06,1.909950209752337,0.0,0.0,48.92257604412923,2.921581919014167,2.921581919014167
vm_01087,Interactive,large_8_16,medium_8_16,8,8,564,33.54992907801419,100.0,29.43291203448574,0.1702127659574468,0.0673758865248227,35.22257092198581,50.23,4.311890736875774,0.0,0.0,50.0634458936949,2.98063223226101,2.98063223226101
vm_01088,Interactive,large_8_16,large_16_32,8,16,562,5.153861209964412,13.14,2.3291773739176724,0.4626334519572954,0.0,13.425106761565836,18.71,1.0440860049486362,0.0,0.0,-0.25280590799661784,2.5495447907280244,2.5495447907280244
vm_01089,Interactive,medium_4_8,xlarge_32_64,4,32,555,4.95781981981982,13.46,2.374656069333179,0.5027027027027027,0.0,16.211657657657657,20.59,0.808538453832985,0.0,0.0,0.22790006131207896,2.714903019708605,2.714903019708605
vm_01090,Interactive,medium_4_8,medium_8_16,4,8,558,4.933906810035842,16.15,2.445756917548859,0.5286738351254481,0.0,20.730519713261646,25.49,0.8775602188293008,0.0,0.0,-0.04944655001650666,3.2732681466844884,3.2732681466844884
vm_01091,Interactive,small_2_4,xlarge_32_64,2,32,558,34.2076523297491,100.0,29.483662177757406,0.1827956989247312,0.07168458781362007,30.117867383512547,41.25,2.6295496478340925,0.0,0.0,50.04430650379663,2.9233225079592433,2.9233225079592433
vm_01092,Interactive,small_2_4,small_4_8,2,4,557,35.61281867145422,57.83,6.13273679249172,0.0017953321364452424,0.0,33.42014362657092,39.68,1.7771606509638636,0.0,0.0,1.0620514756530426,1.623853493134318,1.623853493134318
vm_01093,Interactive,large_8_16,large_16_32,8,16,563,26.66367673179396,95.2,19.828649771481672,0.12433392539964476,0.0017761989342806395,71.56317939609237,89.94,3.753711143223884,0.0,0.0,27.189944405476318,3.570400322416257,3.5305158581406437
vm_01094,Interactive,xlarge_16_32,small_4_8,16,4,563,35.639626998223804,60.22,5.990522529872233,0.0,0.0,33.42387211367673,41.06,1.1020693563375585,0.0,0.0,1.7902800509183479,1.689692207020046,1.689692207020046
vm_01096,Interactive,medium_4_8,small_4_8,4,4,550,26.88716363636364,83.24,19.876771285828355,0.14909090909090908,0.0,69.67685454545455,85.85,6.107354707815325,0.0,0.0,29.41474174566852,3.095901119425694,3.095901119425694
vm_01097,Interactive,large_8_16,medium_8_16,8,8,560,5.102339285714286,16.38,2.536260765028177,0.48035714285714287,0.0,17.2755,21.64,0.75868054656439,0.0,0.0,0.14005138339920897,3.2102921979064223,3.2102921979064223
vm_01098,Interactive,medium_4_8,medium_8_16,4,8,559,35.69703041144901,61.48,6.2377981925666806,0.0,0.0,41.71703041144902,49.84,0.9903452119631985,0.0,0.0,1.4347658119658036,1.7222721131526302,1.7222721131526302
vm_01099,Interactive,large_8_16,xxlarge_64_128,8,64,565,27.355415929203538,78.69,19.886411021366797,0.11504424778761062,0.0,60.5662831858407,71.84,2.6305287587991315,0.0,0.0,34.15277919797557,2.8765784517278616,2.8765784517278616
vm_01100,Interactive,large_8_16,xxlarge_64_128,8,64,557,5.055421903052064,14.75,2.533406309400883,0.4991023339317774,0.0,20.16915619389587,23.75,1.000341581419278,0.0,0.0,0.0010411209018013068,2.9176595510446153,2.9176595510446153
vm_01101,Interactive,medium_4_8,large_16_32,4,16,565,26.921840707964602,86.3,19.989116705765387,0.13274336283185842,0.0,65.47615929203539,77.47,2.4791750964742967,0.0,0.0,27.72171598626281,3.2055757604445247,3.2055757604445247
vm_01102,Interactive,medium_4_8,medium_8_16,4,8,562,27.690231316725978,84.52,20.081439691640632,0.10498220640569395,0.0,46.07948398576512,70.97,11.37168583679165,0.0,0.0,34.33584714404836,3.052339976262554,3.052339976262554
vm_01103,Interactive,medium_4_8,xlarge_32_64,4,32,562,35.92391459074734,59.52,6.271837996161076,0.0,0.0,45.599145907473314,58.04,4.629336698816381,0.0,0.0,1.9534683135292852,1.6568350269747645,1.6568350269747645
vm_01104,Interactive,xxlarge_32_64,large_16_32,32,16,560,33.262125000000005,100.0,28.973357293632517,0.18571428571428572,0.14285714285714285,31.90944642857143,42.69,1.5001839651010866,0.0,0.0,50.4728702225623,3.0064224700015405,3.0064224700015405
vm_01105,Delay-Insensitive,large_8_16,small_4_8,8,4,560,3.9585535714285713,9.63,1.9246715345503784,0.6660714285714285,0.0,14.48,15.57,0.0,0.0,0.0,-0.0992235424150314,2.4327067516544196,2.4327067516544196
vm_01106,Interactive,medium_4_8,xlarge_32_64,4,32,557,33.62339317773788,100.0,29.365118325268224,0.19030520646319568,0.06463195691202872,24.44876122082585,33.37,1.6798729425030614,0.0,0.0,44.57172693795369,2.9741198180500774,2.9741198180500774
vm_01107,Interactive,xxlarge_32_64,xlarge_32_64,32,32,559,27.483953488372094,88.3,19.753514861808323,0.11627906976744186,0.0,65.82901610017889,84.66,2.5212176891218756,0.0,0.0,31.36463858424726,3.2127837808107897,3.2127837808107897
vm_01108,Interactive,xxlarge_32_64,medium_8_16,32,8,553,27.45591320072333,85.44,20.4453201460997,0.11934900542495479,0.0,73.01862567811935,88.09,2.7397394735960043,0.0,0.0,34.881437041219655,3.1118979498284935,3.1118979498284935
vm_01109,Delay-Insensitive,xxlarge_32_64,xxlarge_64_128,32,64,558,54.73100358422939,100.0,10.693049424406759,0.0,0.03942652329749104,52.75922939068101,68.72,4.115063969092957,0.0,0.0,0.3448062709966422,1.827117966987449,1.827117966987449
vm_01110,Interactive,large_8_16,xlarge_32_64,8,32,564,5.00345744680851,17.15,2.3932715622830076,0.5035460992907801,0.0,17.438794326241133,20.84,0.7892550843509286,0.0,0.0,-0.27377579065536395,3.4276298304364006,3.4276298304364006
vm_01111,Delay-Insensitive,small_2_4,medium_8_16,2,8,554,3.969548736462094,9.67,1.8981045971747077,0.7148014440433214,0.0,17.8414440433213,22.18,0.8104795588465099,0.0,0.0,0.18366036928589624,2.436045163314583,2.436045163314583
vm_01112,Interactive,small_2_4,xxlarge_64_128,2,64,562,27.37599644128114,89.75,19.831048986558827,0.10854092526690391,0.0,68.31040925266903,84.59,5.662484921201765,0.0,0.0,34.07748092998955,3.278419479360507,3.278419479360507
vm_01113,Interactive,xlarge_16_32,medium_8_16,16,8,562,33.617064056939505,100.0,30.33315764152643,0.2099644128113879,0.051601423487544484,26.637313167259787,37.43,2.703958556782262,0.0,0.0,45.68889128626391,2.974679758786288,2.974679758786288
vm_01114,Interactive,xxlarge_32_64,large_16_32,32,16,563,35.93534635879218,60.51,5.90200783247152,0.0,0.0,34.19420959147425,42.83,2.0941631828537903,0.0,0.0,2.216455371043075,1.6838574309496037,1.6838574309496037
vm_01115,Interactive,medium_4_8,small_4_8,4,4,557,27.59448833034111,86.72,19.699053202751795,0.10233393177737882,0.0,71.83874326750448,88.77,4.158190003022499,0.0,0.0,30.36328673740053,3.1426565682918755,3.1426565682918755
vm_01118,Interactive,large_8_16,large_16_32,8,16,553,33.505623869801084,100.0,29.6907176367599,0.18264014466546113,0.07956600361663653,36.88929475587703,47.91,2.9527663966243844,0.0,0.0,44.30888376731899,2.9845735864697893,2.9845735864697893
vm_01120,Interactive,xxlarge_32_64,xlarge_32_64,32,32,561,26.79379679144385,91.23,20.306328430039546,0.13725490196078433,0.0017825311942959,71.6760606060606,91.74,2.698789872311643,0.0,0.0035650623885918,34.609916256673294,3.404892584284015,3.404892584284015
vm_01122,Interactive,medium_4_8,small_4_8,4,4,561,27.627914438502675,87.65,20.73795481977315,0.12121212121212122,0.0,73.02989304812834,88.73,3.2733850962789073,0.0,0.0,32.530101015387835,3.1725159781821843,3.1725159781821843
vm_01123,Delay-Insensitive,large_8_16,small_4_8,8,4,559,3.943989266547406,11.56,2.004648899771259,0.7084078711985689,0.0,13.351556350626119,17.46,1.1819961746741683,0.0,0.0,-0.07489573434695362,2.9310424594841,2.9310424594841
vm_01124,Delay-Insensitive,xxlarge_32_64,small_4_8,32,4,560,54.86801785714286,93.03,10.433604019898656,0.0,0.0017857142857142857,33.16446428571428,47.21,2.489629308817535,0.0,0.0,0.560247436702241,1.6955232507618119,1.6955232507618119
vm_01125,Interactive,xxlarge_32_64,xxlarge_64_128,32,64,560,26.58178571428571,84.06,19.477406534770623,0.12678571428571428,0.0,51.29589285714286,72.62,4.775298462807688,0.0,0.0,33.65890197004896,3.1623157640167143,3.1623157640167143
vm_01126,Delay-Insensitive,medium_4_8,large_16_32,4,16,568,54.984031690140846,100.0,10.859561190707748,0.0,0.017605633802816902,47.25466549295775,66.95,4.741822430084704,0.0,0.0,0.28948041658679813,1.818709849498558,1.818709849498558
vm_01127,Interactive,xxlarge_32_64,medium_8_16,32,8,559,27.074454382826477,87.5,19.825575034873943,0.12343470483005367,0.0,60.402683363148476,79.9,5.796042862017378,0.0,0.0,33.41972991452991,3.2318287475998733,3.2318287475998733
vm_01129,Interactive,xlarge_16_32,large_16_32,16,16,558,27.50679211469534,84.34,20.268011151725585,0.10752688172043011,0.0,72.85394265232975,83.75,2.4410514871573463,0.0,0.0,28.60156122165296,3.066151794375974,3.066151794375974
vm_01132,Interactive,small_2_4,small_4_8,2,4,559,35.785939177101966,60.32,6.095582465594265,0.0,0.0,25.894239713774596,34.09,2.075362408166356,0.0,0.0,0.8444923076923061,1.6855782295241934,1.6855782295241934
vm_01133,Interactive,xxlarge_32_64,xxlarge_64_128,32,64,553,33.65084990958408,100.0,29.62581156781543,0.18806509945750452,0.054249547920433995,22.155406871609404,28.12,1.5134488480544475,0.0,0.0,52.807292577597835,2.9716931450078783,2.9716931450078783
vm_01134,Interactive,small_2_4,large_16_32,2,16,564,26.898120567375884,88.52,19.712283437204988,0.10638297872340426,0.0,78.02421985815603,92.13,6.059185877105718,0.0,0.0070921985815602835,31.974504559270514,3.290936248808546,3.290936248808546
vm_01135,Delay-Insensitive,xlarge_16_32,small_4_8,16,4,553,14.212043399638336,30.99,4.181747864351893,0.012658227848101266,0.0,80.97880650994574,86.57,0.8197569588309376,0.0,0.0,0.3157661865661616,2.1805449876960425,2.1805449876960425
vm_01136,Interactive,medium_4_8,large_16_32,4,16,557,36.211400359066424,70.36,6.160420969761411,0.0,0.0,36.737558348294435,44.89,2.9915685713055655,0.0,0.0,1.5476155950389057,1.9430344947260132,1.9430344947260132
vm_01137,Delay-Insensitive,large_8_16,xlarge_32_64,8,32,553,14.206112115732369,35.16,4.051497249865555,0.014466546112115732,0.0,73.5803074141049,78.3,0.8139993943615794,0.0,0.0,-0.07038000859383509,2.4749910259445667,2.4749910259445667
vm_01139,Delay-Insensitive,small_2_4,medium_8_16,2,8,558,14.243745519713261,33.56,4.165952634133665,0.012544802867383513,0.0,85.39250896057347,90.27,0.7990897957769764,0.0,0.0035842293906810036,-0.13221564872895364,2.356121846852231,2.356121846852231
vm_01140,Interactive,small_2_4,large_16_32,2,16,560,35.686125,58.9,6.179622970368287,0.0,0.0,28.435785714285714,36.02,1.3543631567786967,0.0,0.0,1.0098194713088304,1.6505014203699617,1.6505014203699617
vm_01141,Delay-Insensitive,large_8_16,small_4_8,8,4,559,13.793524150268336,29.41,3.978054214799648,0.014311270125223614,0.0,87.9606976744186,91.84,0.830281538711448,0.0,0.27549194991055453,-0.3259760193104899,2.1321599672138802,2.1321599672138802
vm_01143,Delay-Insensitive,small_2_4,xxlarge_64_128,2,64,559,14.083935599284438,33.8,3.9173187152683986,0.007155635062611807,0.0,74.85216457960644,80.3,0.7693106359497692,0.0,0.0,-0.16671452991453073,2.3998973697179697,2.3998973697179697
vm_01144,Interactive,large_8_16,small_4_8,8,4,558,5.092060931899641,13.99,2.460158119135027,0.496415770609319,0.0,13.805232974910394,18.55,0.7843948366788049,0.0,0.0,0.08316188914745126,2.7474140995364915,2.7474140995364915
vm_01145,Delay-Insensitive,xxlarge_32_64,small_4_8,32,4,554,13.893880866425993,30.75,4.023854583269694,0.016245487364620937,0.0,73.81732851985561,78.6,0.8206792121624406,0.0,0.0,-0.2703135039623046,2.2132045247563727,2.2132045247563727
vm_01146,Interactive,xlarge_16_32,large_16_32,16,16,562,4.92279359430605,16.09,2.4925661003887907,0.5338078291814946,0.0,18.46284697508897,22.6,0.7758503412016425,0.0,0.0,-0.2505485078506817,3.2684693541915917,3.2684693541915917
vm_01147,Interactive,small_2_4,small_4_8,2,4,558,36.148530465949825,58.3,5.952925957843996,0.0,0.0,30.545537634408603,38.28,1.231223201612813,0.0,0.0,1.1825576758005951,1.6127903195101054,1.6127903195101054
vm_01149,Interactive,xlarge_16_32,xxlarge_64_128,16,64,561,27.078449197860962,87.98,20.132298248567892,0.11586452762923351,0.0,74.72099821746882,92.7,2.7922387462515204,0.0,0.017825311942959002,29.253758253851792,3.249078237720863,3.249078237720863
vm_01151,Interactive,medium_4_8,small_4_8,4,4,557,26.78980251346499,86.03,19.8532331907525,0.14542190305206462,0.0,68.55991023339318,87.87,4.812698635630015,0.0,0.0,30.35878269991767,3.211296535566469,3.211296535566469
vm_01152,Interactive,medium_4_8,xxlarge_64_128,4,64,565,4.907309734513275,14.45,2.545479413524018,0.5327433628318584,0.0,12.723911504424779,16.17,0.7882632579194928,0.0,0.0,-0.23339906864258442,2.9445869084587555,2.9445869084587555
vm_01153,Delay-Insensitive,small_2_4,medium_8_16,2,8,554,3.9781949458483754,10.88,2.079111384700804,0.6895306859205776,0.0,10.000216606498194,12.95,0.7791962451397078,0.0,0.0,-0.1985336795887771,2.734908708120077,2.734908708120077
vm_01156,Interactive,xlarge_16_32,xxlarge_64_128,16,64,553,27.517269439421337,79.66,20.669754209678036,0.1410488245931284,0.0,67.15952983725136,90.88,4.8099829155737845,0.0,0.003616636528028933,29.479225063938614,2.8949093286806575,2.8949093286806575
vm_01157,Interactive,medium_4_8,xlarge_32_64,4,32,553,33.07381555153707,100.0,29.25153079263193,0.19710669077757687,0.12477396021699819,31.4798191681736,43.79,2.5101053668616866,0.0,0.0,49.03985336136719,3.023539870813381,3.023539870813381
vm_01159,Interactive,large_8_16,small_4_8,8,4,564,34.24324468085106,100.0,29.154641044380977,0.15780141843971632,0.026595744680851064,26.4820390070922,36.42,1.5141793732314022,0.0,0.0,50.984518638950185,2.920284013153705,2.920284013153705
vm_01160,Delay-Insensitive,small_2_4,small_4_8,2,4,556,4.1272482014388485,10.4,1.9545437428693044,0.6726618705035972,0.0,12.932841726618705,17.01,0.29969567168232714,0.0,0.0,0.012475061095309492,2.5198387623924177,2.5198387623924177
vm_01161,Interactive,xlarge_16_32,medium_8_16,16,8,560,35.26383928571428,63.51,6.128057186069231,0.0,0.0,33.543464285714286,40.53,1.2758897272953247,0.0,0.0,1.4152728012494933,1.8009950500689953,1.8009950500689953
vm_01162,Interactive,large_8_16,medium_8_16,8,8,563,34.152024866785084,100.0,29.07995576965716,0.1669626998223801,0.13676731793960922,19.06747779751332,32.48,3.410300186762153,0.0,0.0,51.76038485461048,2.9280840708585942,2.9280840708585942
vm_01163,Interactive,large_8_16,large_16_32,8,16,552,33.85248188405797,100.0,30.195346611472544,0.19927536231884058,0.16304347826086957,33.8251268115942,44.46,1.5898639871074638,0.0,0.0,49.98113577676531,2.953993161933945,2.953993161933945
vm_01164,Interactive,xlarge_16_32,large_16_32,16,16,561,34.59602495543672,100.0,29.648634497454733,0.15508021390374332,0.06060606060606061,33.17411764705882,43.74,2.045513377856918,0.0,0.0,46.752424250325944,2.8905054880961156,2.8905054880961156
vm_01166,Interactive,large_8_16,small_4_8,8,4,559,27.06334525939177,84.0,19.482286138895166,0.10554561717352415,0.0,62.50372093023256,79.57,4.80675474179693,0.0,0.0,27.78689127913108,3.103829153228925,3.103829153228925
vm_01167,Interactive,xxlarge_32_64,xxlarge_64_128,32,64,557,35.67414721723519,60.86,6.134521012876621,0.0,0.0,39.75655296229803,47.03,1.3177048266700417,0.0,0.0,2.8722513296816743,1.705997332729423,1.705997332729423
vm_01168,Interactive,large_8_16,large_16_32,8,16,554,27.281462093862817,83.8,20.479993365188438,0.12815884476534295,0.0,61.0993321299639,73.68,1.9081161254178745,0.0,0.0,30.814348538797447,3.0716828779807765,3.0716828779807765
vm_01169,Interactive,xxlarge_32_64,xlarge_32_64,32,32,562,35.31104982206406,61.69,6.273626300071599,0.0,0.0,31.527580071174377,36.58,1.0438531638231143,0.0,0.0,1.444608245814706,1.7470451972077334,1.7470451972077334
vm_01170,Delay-Insensitive,xlarge_16_32,xxlarge_64_128,16,64,568,55.125264084507045,96.89,10.795325476090191,0.0,0.01232394366197183,32.35757042253521,49.8,3.21341441180261,0.0,0.0,0.3225786195629894,1.7576333031523914,1.7576333031523914
vm_01172,Delay-Insensitive,xlarge_16_32,xxlarge_64_128,16,64,563,54.43728241563055,100.0,11.478880943983574,0.0,0.017761989342806393,43.206944937833036,59.3,2.7265295244784054,0.0,0.0,-1.1393104750494842,1.8369763434643287,1.8369763434643287
vm_01173,Interactive,medium_4_8,large_16_32,4,16,561,35.87573975044563,63.25,5.936761941797719,0.0,0.0,41.225632798573976,47.68,0.9863753997378727,0.0,0.0,1.4553335604234334,1.7630298480246485,1.7630298480246485
vm_01174,Interactive,medium_4_8,small_4_8,4,4,558,34.375304659498205,100.0,30.352238711342515,0.1881720430107527,0.04838709677419355,32.49268817204301,40.06,1.7458726747117268,0.0,0.0,48.69880910130526,2.909065126565187,2.909065126565187
vm_01175,Interactive,large_8_16,xlarge_32_64,8,32,564,35.86368794326241,54.13,5.74443422481219,0.0,0.0,36.323687943262414,44.61,1.1982240626125973,0.0,0.0,1.6356717325228018,1.5093260928891508,1.5093260928891508
vm_01176,Interactive,medium_4_8,xlarge_32_64,4,32,556,35.988399280575535,61.24,6.338501069768696,0.0,0.0,30.888794964028772,38.22,1.406862391463761,0.0,0.0,2.0033756909756946,1.7016594576089918,1.7016594576089918
vm_01177,Interactive,small_2_4,xlarge_32_64,2,32,563,33.374795737122554,100.0,29.152193475505257,0.16873889875666073,0.10479573712255773,23.08365896980462,34.56,1.5468125086358226,0.0,0.0,40.97738071674133,2.996273019546025,2.996273019546025
vm_01178,Interactive,xlarge_16_32,xxlarge_64_128,16,64,559,35.905867620751344,56.5,6.101234136012511,0.0,0.0,26.373792486583184,36.43,2.686736224695375,0.0,0.0,2.5318802206461797,1.5735589680430542,1.5735589680430542
vm_01179,Interactive,xlarge_16_32,xxlarge_64_128,16,64,562,5.097330960854092,14.75,2.4374915499433145,0.49644128113879005,0.0,15.598238434163699,20.39,1.214129938725749,0.0,0.0,-0.06242573483427094,2.893671239571334,2.893671239571334
vm_01180,Interactive,small_2_4,large_16_32,2,16,560,5.118714285714286,17.57,2.3498871720662144,0.4732142857142857,0.0,16.44955357142857,21.01,0.8135053993011064,0.0,0.0,-0.06642965759530206,3.4325025815634507,3.4325025815634507
vm_01181,Delay-Insensitive,large_8_16,medium_8_16,8,8,560,3.9811249999999996,12.71,1.9436451154912935,0.6910714285714286,0.0,8.024946428571429,10.76,0.7712121332998719,0.0,0.0,-0.30107672469374647,3.192564915695941,3.192564915695941
vm_01182,Interactive,large_8_16,xxlarge_64_128,8,64,555,34.704072072072066,100.0,29.045476623205264,0.14774774774774774,0.16216216216216217,29.9981981981982,40.93,1.5936930060302315,0.0,0.0,49.44591700615065,2.8815062333988903,2.8815062333988903
vm_01183,Delay-Insensitive,large_8_16,large_16_32,8,16,562,55.37998220640569,95.11,11.126826033305298,0.0,0.005338078291814947,51.814750889679715,69.29,4.580256205446415,0.0,0.0,0.1163083698144689,1.7174075579424584,1.7174075579424584
vm_01184,Delay-Insensitive,xlarge_16_32,medium_8_16,16,8,566,54.93787985865725,94.54,10.994827106765456,0.0,0.007067137809187279,46.10386925795053,63.95,2.51384014189098,0.0,0.0,-0.08997021058038257,1.7208527202584094,1.7208527202584094
vm_01185,Delay-Insensitive,medium_4_8,large_16_32,4,16,557,13.896678635547575,32.91,3.8217185471634862,0.01436265709156194,0.0,76.03382405745062,82.56,0.7941140880351404,0.0,0.0,-0.1738379411999027,2.3681917717962135,2.3681917717962135
vm_01186,Interactive,xlarge_16_32,large_16_32,16,16,560,26.9325,76.66,19.443324504817642,0.10535714285714286,0.0,61.64726785714286,78.26,2.4737389660092473,0.0,0.0,28.206538723716637,2.84637519725239,2.84637519725239
vm_01187,Interactive,xxlarge_32_64,medium_8_16,32,8,558,35.678655913978496,56.45,6.006438241136582,0.0,0.0,38.839283154121865,44.18,1.2093408989219994,0.0,0.0,2.0136155612482014,1.5821784356479507,1.5821784356479507
vm_01188,Interactive,xxlarge_32_64,medium_8_16,32,8,555,27.911207207207205,86.73,19.945923522026213,0.10990990990990991,0.0,74.45394594594595,87.87,2.310300611184697,0.0,0.0,28.140698689956334,3.1073539512688892,3.1073539512688892
vm_01189,Interactive,small_2_4,medium_8_16,2,8,559,5.001967799642218,14.64,2.4546424581856288,0.5134168157423972,0.0,15.423166368515204,18.53,1.2381002729552961,0.0,0.0,-0.071746650906225,2.9268481098673154,2.9268481098673154
vm_01190,Delay-Insensitive,small_2_4,xlarge_32_64,2,32,561,54.383351158645276,93.86,10.992472448698514,0.0,0.0035650623885918,47.39901960784314,68.1,3.477526563723209,0.0,0.0,1.476295392246449,1.7258958486429932,1.7258958486429932
vm_01191,Interactive,xxlarge_32_64,small_4_8,32,4,559,34.961037567084084,100.0,29.430809259830937,0.1806797853309481,0.16457960644007155,31.94352415026834,43.11,1.9880970879777864,0.0,0.0,51.06555648535564,2.8603270085482326,2.8603270085482326
vm_01192,Interactive,medium_4_8,small_4_8,4,4,554,27.39759927797834,81.63,20.466471090336317,0.12815884476534295,0.0,71.67657039711192,84.92,3.8534254937292305,0.0,0.0,32.56283064949007,2.9794581332391634,2.9794581332391634
vm_01193,Interactive,xxlarge_32_64,medium_8_16,32,8,565,35.19081415929204,56.76,5.9713229323927655,0.0,0.0,31.650070796460177,40.95,1.3563408986227758,0.0,0.0,1.024110451520059,1.61292091007257,1.61292091007257
vm_01195,Interactive,large_8_16,medium_8_16,8,8,553,4.980632911392405,16.27,2.4241972668395957,0.5207956600361664,0.0,14.14249547920434,18.72,0.9739030955710408,0.0,0.0,-0.044455902889676935,3.266653112054286,3.266653112054286
vm_01197,Interactive,large_8_16,small_4_8,8,4,560,27.192,75.33,19.41235040915632,0.10714285714285714,0.0,71.95060714285714,86.91,2.18077811586748,0.0,0.0,29.8809629941127,2.770300088261253,2.770300088261253
vm_01198,Interactive,xlarge_16_32,xlarge_32_64,16,32,561,26.80040998217469,77.27,19.75382846282608,0.12299465240641712,0.0,68.15197860962567,77.75,2.1898205665824233,0.0,0.0,27.811631504922637,2.8831648490225823,2.8831648490225823
vm_01199,Interactive,xlarge_16_32,xlarge_32_64,16,32,562,26.673024911032027,80.01,20.106908163514138,0.1298932384341637,0.0,73.73412811387901,96.89,3.8666777512539796,0.0,0.03202846975088968,27.911819376667317,2.999659778629295,2.999659778629295
vm_01201,Interactive,xxlarge_32_64,small_4_8,32,4,557,35.61709156193896,63.71,6.0857304333226026,0.0,0.0,31.154560143626572,39.99,2.025195797104581,0.0,0.0,1.151656201981666,1.7887479635782952,1.7887479635782952
vm_01202,Interactive,xxlarge_32_64,small_4_8,32,4,547,28.083053016453384,91.85,19.72325307154705,0.1170018281535649,0.0018281535648994515,70.99605118829982,81.93,2.8416835380999803,0.0,0.0,27.718415848336058,3.2706557918110484,3.2706557918110484
vm_01203,Interactive,medium_4_8,large_16_32,4,16,553,4.909529837251356,14.01,2.52626596107432,0.515370705244123,0.0,17.110488245931286,21.62,0.7837317459372513,0.0,0.0,0.04848238264045435,2.853633741809302,2.853633741809302
vm_01204,Interactive,xlarge_16_32,xlarge_32_64,16,32,555,35.66077477477477,63.64,6.281027728520103,0.0,0.0,42.946,50.13,1.7244437809886901,0.0,0.0,2.0286688614613624,1.7845938682469902,1.7845938682469902
vm_01205,Interactive,medium_4_8,xlarge_32_64,4,32,556,5.053345323741007,14.36,2.4905246662037066,0.5017985611510791,0.0,18.903489208633093,23.75,0.8674016608957914,0.0,0.0,-0.1994984408857885,2.8416819116903826,2.8416819116903826
vm_01206,Interactive,small_2_4,large_16_32,2,16,559,34.03261180679785,100.0,29.775973324670236,0.1556350626118068,0.057245080500894455,22.807602862254026,33.73,1.5060760974049698,0.0,0.0,51.49581518602089,2.938358083349497,2.938358083349497
vm_01208,Interactive,large_8_16,xxlarge_64_128,8,64,560,35.215607142857145,58.18,5.968384743501421,0.0,0.0,39.797821428571424,46.18,1.1272879276439913,0.0,0.0,1.409493944353514,1.6521083894417754,1.6521083894417754
vm_01209,Interactive,medium_4_8,small_4_8,4,4,564,35.601453900709224,62.36,6.072598796375665,0.0,0.0,34.64851063829787,42.17,1.1861488565989349,0.0,0.0,1.1106334037835737,1.751613857510401,1.751613857510401
vm_01210,Interactive,small_2_4,small_4_8,2,4,562,5.098665480427046,15.31,2.6151037031240785,0.4786476868327402,0.0,19.230302491103203,23.93,0.8090901214061773,0.0,0.0,0.033171178188899475,3.0027465145090653,3.0027465145090653
vm_01211,Interactive,xlarge_16_32,medium_8_16,16,8,561,27.454973262032084,88.38,19.997855957603793,0.12299465240641712,0.0,81.93780748663102,100.0,8.95562680298266,0.0,0.36363636363636365,30.391742122893326,3.2190889117427077,3.2190889117427077
vm_01213,Delay-Insensitive,xlarge_16_32,xxlarge_64_128,16,64,560,55.27505357142857,98.19,10.964498214977668,0.0,0.02857142857142857,45.05307142857143,57.96,4.4214506635090105,0.0,0.0,-1.2525410008410347,1.7763890517648266,1.7763890517648266
vm_01214,Delay-Insensitive,small_2_4,medium_8_16,2,8,551,54.48753176043557,91.32,11.225237866942692,0.0,0.0018148820326678765,39.60747731397459,57.89,2.504666551374716,0.0,0.0,-0.4332585139318965,1.675979752606617,1.675979752606617
vm_01215,Delay-Insensitive,large_8_16,xxlarge_64_128,8,64,558,13.80310035842294,38.76,3.974558303741222,0.021505376344086023,0.0,82.63148745519713,86.42,0.7680459308576394,0.0,0.0,-0.016962150998848458,2.808064782079762,2.808064782079762
vm_01218,Interactive,xlarge_16_32,xlarge_32_64,16,32,558,33.817849462365594,100.0,29.520435249869717,0.18100358422939067,0.02867383512544803,37.90881720430107,46.77,2.200808411677402,0.0,0.0,53.28776734715465,2.957018308076793,2.957018308076793
vm_01219,Delay-Insensitive,medium_4_8,xxlarge_64_128,4,64,559,54.433076923076925,99.3,10.938178960611259,0.0,0.012522361359570662,51.736422182468694,70.56,6.257167595331474,0.0,0.0,0.10004531126871541,1.8242584401452735,1.8242584401452735
vm_01221,Interactive,large_8_16,large_16_32,8,16,556,5.032877697841727,13.16,2.449326730688226,0.5053956834532374,0.0,21.321708633093525,26.57,0.8983100016678528,0.0,0.0,0.5213566284342486,2.614806238117701,2.614806238117701
vm_01222,Interactive,xxlarge_32_64,small_4_8,32,4,552,5.070778985507246,14.23,2.4217785177041864,0.47282608695652173,0.0,19.180851449275362,22.64,0.8192643105619264,0.0,0.0,-0.06148004066418178,2.8062749413197956,2.8062749413197956
vm_01223,Interactive,large_8_16,xlarge_32_64,8,32,559,27.39633273703041,92.0,20.289397666614796,0.11627906976744186,0.0035778175313059034,69.76339892665473,81.81,2.229587832604115,0.0,0.0,33.58878506274385,3.3581136892693553,3.3581136892693553
vm_01224,Interactive,large_8_16,xlarge_32_64,8,32,553,35.92795660036166,67.51,6.03516344515269,0.0,0.0,37.36461121157324,51.87,1.9836158342576184,0.0,0.0,1.3910276679841829,1.8790381192823093,1.8790381192823093
vm_01225,Interactive,small_2_4,large_16_32,2,16,558,35.473118279569896,62.52,6.024289967502869,0.0,0.0,39.24014336917563,46.99,1.0923352913570512,0.0,0.0,1.0869187190491871,1.7624613519248256,1.7624613519248256
vm_01226,Interactive,large_8_16,medium_8_16,8,8,557,27.02685816876122,83.69,20.11441384300904,0.12926391382405744,0.0,47.915206463195695,72.09,6.4100138751767295,0.0,0.0,31.96878410957452,3.0965493464842475,3.0965493464842475
vm_01227,Interactive,xlarge_16_32,medium_8_16,16,8,557,34.40140035906643,100.0,29.084680598512367,0.1651705565529623,0.12746858168761221,26.21346499102334,35.43,1.815510616763648,0.0,0.0,51.234805603277394,2.9068584114671125,2.9068584114671125
vm_01228,Interactive,xlarge_16_32,xxlarge_64_128,16,64,555,5.085297297297298,13.0,2.4442339227693624,0.4846846846846847,0.0,20.973837837837838,27.59,1.0091683724636238,0.0,0.0,0.3307077546450561,2.5563893790259145,2.5563893790259145
vm_01230,Interactive,large_8_16,medium_8_16,8,8,559,34.33577817531306,100.0,29.43129154977103,0.1735241502683363,0.1556350626118068,22.347352415026833,35.09,4.586630462467734,0.0,0.0,47.74252440048276,2.912413969166966,2.912413969166966
vm_01231,Delay-Insensitive,small_2_4,large_16_32,2,16,560,13.70675,34.16,4.027518153607583,0.0125,0.0,73.55208928571429,79.1,0.8085531762866373,0.0,0.0,-0.26940751197245305,2.492202746821821,2.492202746821821
vm_01233,Interactive,xlarge_16_32,small_4_8,16,4,556,35.86334532374101,65.65,6.025439399729777,0.0,0.0,30.623417266187047,39.83,0.9959538930627007,0.0,0.0,1.6041822576552818,1.8305598489871124,1.8305598489871124
vm_01234,Interactive,large_8_16,xlarge_32_64,8,32,557,26.82084380610413,81.95,19.571742730154195,0.118491921005386,0.0,68.81407540394973,79.88,1.998292998529754,0.0,0.0,33.65229384390374,3.0554594252306515,3.0554594252306515
vm_01235,Delay-Insensitive,xxlarge_32_64,large_16_32,32,16,555,54.83055855855856,99.3,11.061337889099832,0.0,0.016216216216216217,46.91142342342342,70.88,5.018974318012164,0.0,0.0,-0.8968983277592031,1.8110338944285689,1.8110338944285689
vm_01236,Interactive,small_2_4,medium_8_16,2,8,558,4.997921146953405,14.49,2.527413573002141,0.5197132616487455,0.0,15.516021505376346,20.64,0.7726902428437165,0.0,0.0,-0.22087529088216673,2.8992054043975273,2.8992054043975273
vm_01237,Interactive,large_8_16,medium_8_16,8,8,554,5.010595667870036,13.85,2.431663605532116,0.4855595667870036,0.0,20.379223826714803,27.73,2.087286222010728,0.0,0.0,-0.22241035963499645,2.764142413009255,2.764142413009255
vm_01238,Delay-Insensitive,small_2_4,xlarge_32_64,2,32,559,13.79865831842576,30.68,4.008475495151598,0.008944543828264758,0.0,83.16415026833631,86.73,0.8482991325229446,0.0,0.0,-0.6312641196450688,2.2234045725323948,2.2234045725323948
vm_01239,Interactive,xxlarge_32_64,small_4_8,32,4,542,4.897084870848708,12.91,2.408955332328375,0.5129151291512916,0.0,13.31970479704797,17.72,0.6144951984542634,0.0,0.0,-0.034520202370226905,2.6362622540708758,2.6362622540708758
vm_01241,Interactive,medium_4_8,large_16_32,4,16,557,36.26265709156194,59.74,5.685933082045311,0.0,0.0,32.80876122082585,40.14,1.8080165437236337,0.0,0.0,0.2960190256939441,1.6474247832738398,1.6474247832738398
vm_01242,Interactive,medium_4_8,xlarge_32_64,4,32,564,27.661187943262412,91.79,20.724566681309053,0.14184397163120568,0.0017730496453900709,82.76693262411348,97.25,2.862183144156266,0.0,0.4574468085106383,31.0509829059829,3.318367966996797,3.318367966996797
vm_01243,Interactive,xxlarge_32_64,small_4_8,32,4,558,33.954910394265234,100.0,29.92231336120308,0.17921146953405018,0.05197132616487455,34.6318458781362,46.0,1.997316511547183,0.0,0.0,52.214524207891436,2.9450821350684335,2.9450821350684335
vm_01244,Interactive,xxlarge_32_64,medium_8_16,32,8,559,33.488479427549194,100.0,28.518932006811966,0.17531305903398928,0.055456171735241505,27.582558139534882,34.75,1.56398571908411,0.0,0.0,51.03839159548666,2.9861015402728412,2.9861015402728412
vm_01245,Interactive,small_2_4,medium_8_16,2,8,561,35.9558110516934,55.31,5.783555051049528,0.0,0.0,35.70053475935829,44.84,1.059353609832256,0.0,0.0,0.8201152669959981,1.5382770790646672,1.5382770790646672
vm_01247,Interactive,xxlarge_32_64,xxlarge_64_128,32,64,561,26.98638146167558,87.33,19.80513210699832,0.1140819964349376,0.0,60.33557932263815,78.29,3.179382250397562,0.0,0.0,33.29395280312907,3.236076690163917,3.236076690163917
vm_01248,Interactive,medium_4_8,xxlarge_64_128,4,64,560,5.062678571428571,14.09,2.4934564747893235,0.4714285714285714,0.0,11.757214285714285,17.06,0.9578675763862957,0.0,0.0,-0.3508022652194427,2.7831117068181017,2.7831117068181017
vm_01249,Interactive,large_8_16,xlarge_32_64,8,32,561,35.47217468805704,65.28,6.178460907933148,0.0,0.0,43.997486631016045,48.52,1.4133331652450791,0.0,0.0,2.277086386475453,1.8403157002375392,1.8403157002375392
vm_01250,Delay-Insensitive,small_2_4,small_4_8,2,4,557,4.113034111310593,11.04,1.9337868561321416,0.6912028725314183,0.0,11.621310592459604,12.83,0.08248766277389728,0.0,0.0,-0.0026501794974072013,2.6841498760345006,2.6841498760345006
vm_01251,Interactive,small_2_4,xxlarge_64_128,2,64,559,27.037084078711985,80.94,20.704564175149443,0.1413237924865832,0.0,63.73504472271914,79.88,5.038026896212105,0.0,0.0,33.466991100344934,2.9936660242044817,2.9936660242044817
vm_01253,Interactive,medium_4_8,medium_8_16,4,8,554,4.862039711191336,13.05,2.4733816178897525,0.5252707581227437,0.0,14.685433212996388,19.12,0.7884094203883589,0.0,0.0,-0.07842485238862018,2.6840587027625045,2.6840587027625045
vm_01254,Delay-Insensitive,large_8_16,xxlarge_64_128,8,64,562,55.04642348754449,100.0,11.091195727158015,0.0,0.017793594306049824,31.623754448398575,57.2,5.854966442820045,0.0,0.0,-1.0461605593748828,1.8166484516950914,1.8166484516950914
vm_01256,Delay-Insensitive,medium_4_8,xxlarge_64_128,4,64,560,13.991964285714285,28.43,3.864656103274328,0.007142857142857143,0.0,86.22923214285714,92.12,2.03495806562195,0.0,0.19464285714285715,0.11444863929526505,2.031880543679408,2.031880543679408
vm_01259,Interactive,small_2_4,small_4_8,2,4,560,33.99542857142857,100.0,29.48993681478732,0.1732142857142857,0.12142857142857143,31.497571428571426,40.66,1.42044835141553,0.0,0.0,42.076344187509825,2.941571976064009,2.941571976064009
vm_01260,Interactive,large_8_16,medium_8_16,8,8,558,35.92489247311828,59.43,6.054610710043764,0.0,0.0,36.59417562724014,43.9,1.109139905495002,0.0,0.0,1.8913472958642643,1.6542847009067605,1.6542847009067605
vm_01261,Delay-Insensitive,xlarge_16_32,xxlarge_64_128,16,64,553,3.9051175406871614,11.22,2.0496448160666088,0.7034358047016275,0.0,16.06969258589512,19.91,0.8019677427414584,0.0,0.0,0.11715320910973093,2.8731529545780794,2.8731529545780794
vm_01262,Interactive,xlarge_16_32,xlarge_32_64,16,32,565,33.45467256637168,100.0,29.589561475986407,0.1911504424778761,0.0920353982300885,25.798442477876108,35.09,1.4661670425889373,0.0,0.0,50.48101182637436,2.9891190775102388,2.9891190775102388
vm_01263,Delay-Insensitive,xlarge_16_32,large_16_32,16,16,555,55.17695495495495,100.0,11.066701473573216,0.0,0.043243243243243246,45.919693693693695,57.22,3.0503273328308573,0.0,0.0,0.3996294060840171,1.8123508280157437,1.8123508280157437
vm_01265,Delay-Insensitive,xlarge_16_32,xlarge_32_64,16,32,559,13.937441860465116,30.71,3.9572640529406375,0.016100178890876567,0.0,70.02180679785332,83.85,3.2002188755606693,0.0,0.0,-0.1755342401132154,2.2034172631859974,2.2034172631859974
vm_01266,Interactive,small_2_4,medium_8_16,2,8,562,27.06526690391459,87.0,20.59121640135999,0.1512455516014235,0.0,64.47962633451958,76.64,4.76007100516446,0.0,0.0,34.71851831609083,3.214451950866102,3.214451950866102
vm_01267,Interactive,large_8_16,large_16_32,8,16,561,27.759251336898398,83.81,19.782108839878227,0.10873440285204991,0.0,49.11787878787879,72.32,6.0705878415870425,0.0,0.0,32.01486336375489,3.0191736435124,3.0191736435124
vm_01268,Delay-Insensitive,medium_4_8,small_4_8,4,4,557,55.38698384201077,97.93,10.754825045054828,0.0,0.00718132854578097,33.028850987432676,47.73,2.5766045725797277,0.0,0.0,-1.5239967598863302,1.768104944644423,1.768104944644423
vm_01269,Delay-Insensitive,xxlarge_32_64,xlarge_32_64,32,32,570,55.167508771929825,91.65,10.666106121421278,0.0,0.0035087719298245615,39.746315789473684,57.64,3.1095889632696543,0.0,0.0,0.38900216672369226,1.661303945749914,1.661303945749914
vm_01270,Delay-Insensitive,xlarge_16_32,medium_8_16,16,8,561,4.088413547237076,11.2,2.0074083718890945,0.6702317290552585,0.0,18.91221033868093,23.65,1.736943055228703,0.0,0.0,-0.12378589770464288,2.739448901290548,2.739448901290548
vm_01271,Interactive,large_8_16,xxlarge_64_128,8,64,562,5.012419928825623,14.19,2.5291323323503154,0.505338078291815,0.0,18.63300711743772,23.29,0.8427046877050641,0.0,0.0,-0.042700761272691956,2.8309679159951435,2.8309679159951435
vm_01272,Delay-Insensitive,small_2_4,large_16_32,2,16,559,54.9844007155635,100.0,11.029363526988558,0.0,0.017889087656529516,43.167513416815744,55.68,2.507429192119592,0.0,0.0,1.1885126966529356,1.8186976433062167,1.8186976433062167
vm_01273,Interactive,xlarge_16_32,medium_8_16,16,8,560,34.062910714285714,100.0,28.951450106131603,0.18392857142857144,0.05,34.52683928571428,43.88,1.5741451412827767,0.0,0.0,45.73079252981795,2.9357444182848647,2.9357444182848647
vm_01274,Interactive,large_8_16,xxlarge_64_128,8,64,559,33.27855098389982,100.0,30.284605039142846,0.22003577817531306,0.10196779964221825,31.304293381037564,40.9,1.6190572591471164,0.0,0.0,48.210633569739954,3.004938527773642,3.004938527773642
vm_01275,Interactive,xlarge_16_32,large_16_32,16,16,561,27.288092691622104,90.67,19.714770544078835,0.11229946524064172,0.0017825311942959,58.4785026737968,76.76,2.8916662096957975,0.0,0.0,33.80433231396535,3.3226946648358897,3.3226946648358897
vm_01277,Interactive,medium_4_8,large_16_32,4,16,560,35.898857142857146,59.17,6.303582941821356,0.0,0.0,35.33351785714286,45.44,1.107133456201891,0.0,0.0,0.6402800036842606,1.6482418859334955,1.6482418859334955
vm_01278,Interactive,small_2_4,xxlarge_64_128,2,64,558,5.025931899641576,15.11,2.426990462015635,0.5089605734767025,0.0,16.553405017921147,20.03,0.8146781043841332,0.0,0.0,-0.37970885339538896,3.006407627822726,3.006407627822726
vm_01279,Interactive,large_8_16,large_16_32,8,16,553,27.67819168173599,85.06,20.559132336961564,0.11392405063291139,0.0,67.62173598553345,83.26,2.0108756535246557,0.0,0.0,34.69366647844909,3.073177647516928,3.073177647516928
vm_01280,Interactive,small_2_4,xlarge_32_64,2,32,557,35.79578096947935,57.92,6.195141747247286,0.0,0.0,36.51075403949731,44.86,1.3298205938008199,0.0,0.0,2.2831440465177764,1.6180677842839768,1.6180677842839768
vm_01283,Delay-Insensitive,xlarge_16_32,xxlarge_64_128,16,64,562,13.785142348754448,31.84,3.6561856941309876,0.0071174377224199285,0.0,87.45046263345196,91.21,0.9223724348566722,0.0,0.0711743772241993,0.26614081717740135,2.3097331311110394,2.3097331311110394
vm_01285,Delay-Insensitive,xlarge_16_32,xxlarge_64_128,16,64,564,14.209539007092198,28.6,3.9711649127198823,0.008865248226950355,0.0,81.65898936170213,88.34,2.1287381179985307,0.0,0.0,0.17014284055277962,2.012732431764697,2.012732431764697
vm_01286,Delay-Insensitive,medium_4_8,small_4_8,4,4,558,13.946075268817204,28.63,3.887336089899164,0.007168458781362007,0.0,81.7370788530466,85.91,0.7817507150528066,0.0,0.0,-0.17661108165429518,2.0529073196683076,2.0529073196683076
vm_01287,Interactive,medium_4_8,large_16_32,4,16,554,5.046732851985559,14.46,2.4944940404848914,0.5018050541516246,0.0,13.118628158844766,18.11,0.8023730146337908,0.0,0.0,0.05512832884349894,2.865220019385599,2.865220019385599
vm_01289,Interactive,xlarge_16_32,xxlarge_64_128,16,64,565,4.936424778761062,14.92,2.481646522902316,0.5150442477876106,0.0,14.47187610619469,17.69,0.7940320519454657,0.0,0.0,0.08618130595862894,3.0224303354511166,3.0224303354511166
vm_01291,Interactive,xxlarge_32_64,medium_8_16,32,8,560,4.849303571428572,13.95,2.4447504375610642,0.5142857142857142,0.0,18.24075,21.52,0.840906407849337,0.0,0.0,-0.1590362378758643,2.8767017355216686,2.8767017355216686
vm_01292,Interactive,xlarge_16_32,medium_8_16,16,8,559,35.74359570661896,64.73,5.88533096437815,0.0,0.0,29.161466905187837,39.31,1.6397616517166063,0.0,0.0,2.25539487179487,1.810953786834976,1.810953786834976
vm_01293,Interactive,small_2_4,large_16_32,2,16,558,27.373028673835126,87.61,19.9886349208538,0.12186379928315412,0.0,66.35741935483871,79.98,3.4221486535959533,0.0,0.0,31.394795821462488,3.200595777833791,3.200595777833791
vm_01294,Interactive,large_8_16,xxlarge_64_128,8,64,557,27.355709156193896,95.74,20.12226323698621,0.12208258527827648,0.0017953321364452424,56.696947935368044,67.05,2.235500608433371,0.0,0.0,31.521551934772795,3.4998178790887784,3.4998178790887784
vm_01295,Interactive,xxlarge_32_64,small_4_8,32,4,562,4.964715302491103,11.54,2.463204948345768,0.5231316725978647,0.0,13.805284697508895,16.85,0.8044852036346107,0.0,0.0,0.12576765103462684,2.3244031725665457,2.3244031725665457
vm_01296,Delay-Insensitive,xlarge_16_32,large_16_32,16,16,556,13.889784172661871,28.97,4.000896245111267,0.008992805755395683,0.0,84.39796762589927,88.07,0.8885147069889286,0.0,0.0,0.6433496932515315,2.085705554519651,2.085705554519651
vm_01297,Interactive,small_2_4,xlarge_32_64,2,32,552,4.941539855072464,15.79,2.3952720335196056,0.5054347826086957,0.0,15.520815217391304,20.3,0.8033780010788041,0.0,0.0,0.07667887931034478,3.1953602445989886,3.1953602445989886
vm_01298,Interactive,medium_4_8,xxlarge_64_128,4,64,558,27.01847670250896,85.03,19.747255283005863,0.1111111111111111,0.0,60.203046594982084,82.06,4.22057153650698,0.0,0.0,30.579835180110408,3.1471056246521862,3.1471056246521862
vm_01301,Delay-Insensitive,xxlarge_32_64,xxlarge_64_128,32,64,562,14.178896797153024,35.95,4.01208604486468,0.005338078291814947,0.0,90.0400177935943,96.8,1.1511938310986158,0.0,0.9857651245551602,0.4407014119331141,2.5354581893295385,2.5354581893295385
vm_01302,Interactive,small_2_4,xlarge_32_64,2,32,559,33.36184257602862,100.0,28.86478546237255,0.18425760286225404,0.03756708407871199,18.65577817531306,30.36,3.1803900249123926,0.0,0.0,49.741717528107635,2.9974363607798056,2.9974363607798056
vm_01303,Interactive,small_2_4,large_16_32,2,16,565,27.59525663716814,83.67,20.174982246988236,0.12035398230088495,0.0,55.73930973451327,64.45,1.9098598361164492,0.0,0.0,28.748092962753073,3.032042828958677,3.032042828958677
vm_01304,Interactive,xxlarge_32_64,large_16_32,32,16,557,5.242818671454219,13.94,2.4415563185454414,0.4614003590664273,0.0,17.591184919210054,21.68,0.8318547988626777,0.0,0.0,-0.0449927315977261,2.6588750963102474,2.6588750963102474
vm_01305,Delay-Insensitive,xlarge_16_32,medium_8_16,16,8,561,14.331800356506239,32.01,4.065715119324012,0.0142602495543672,0.0,74.09003565062389,77.59,1.103925300985215,0.0,0.0,-0.5791099073228043,2.2334946903909634,2.2334946903909634
vm_01306,Interactive,xxlarge_32_64,medium_8_16,32,8,557,33.72046678635547,100.0,29.490686917900586,0.19030520646319568,0.1059245960502693,28.78640933572711,37.43,1.548921194933469,0.0,0.0,50.06928117805827,2.9655579987541465,2.9655579987541465
vm_01307,Interactive,large_8_16,xxlarge_64_128,8,64,561,33.69488413547237,100.0,28.858469016213693,0.17647058823529413,0.053475935828877004,32.246702317290556,43.16,1.9907740774126568,0.0,0.0,45.93912017167382,2.9678095819514856,2.9678095819514856
vm_01310,Interactive,medium_4_8,large_16_32,4,16,563,26.740674955595026,85.1,20.01203909641127,0.14031971580817051,0.0,68.77575488454707,86.88,4.172109213829924,0.0,0.0,27.414049039958485,3.182417801394885,3.182417801394885
vm_01311,Delay-Insensitive,small_2_4,medium_8_16,2,8,554,13.837418772563177,30.81,4.070221015109009,0.019855595667870037,0.0,84.99617328519855,91.11,0.816156350661101,0.0,0.036101083032490974,-0.37149947060163946,2.22657133576748,2.22657133576748
vm_01312,Interactive,xxlarge_32_64,large_16_32,32,16,562,35.76097864768683,57.61,6.2343101832695895,0.0,0.0,39.37565836298932,46.27,0.9701456295900339,0.0,0.0,2.0181021992912207,1.6109738094017867,1.6109738094017867
vm_01313,Interactive,xlarge_16_32,small_4_8,16,4,558,27.374408602150538,88.99,20.32461161404638,0.1111111111111111,0.0,74.68614695340503,95.66,2.621291435505791,0.0,0.05555555555555555,31.737262269938647,3.2508464856117083,3.2508464856117083
vm_01314,Interactive,xxlarge_32_64,small_4_8,32,4,557,4.908204667863554,15.54,2.3872185903941627,0.5170556552962298,0.0,16.88608617594255,20.61,0.8175930500181913,0.0,0.0,-0.10957891246684426,3.1661271384520844,3.1661271384520844
vm_01315,Interactive,xlarge_16_32,small_4_8,16,4,559,4.8922003577817526,12.77,2.5558067253085643,0.5366726296958855,0.0,17.546368515205724,21.0,0.8295541490315091,0.0,0.0,0.05390977147360143,2.61027739382903,2.61027739382903
vm_01317,Interactive,large_8_16,xxlarge_64_128,8,64,559,27.522558139534883,89.55,19.937982710277016,0.11806797853309481,0.0,81.24867620751343,97.93,5.821843433865887,0.0,0.17531305903398928,30.086504559270516,3.2536946437172043,3.2536946437172043
vm_01318,Interactive,small_2_4,small_4_8,2,4,561,35.95914438502674,59.61,5.862282068642724,0.0,0.0,28.957450980392156,35.87,1.0925829936619063,0.0,0.0,0.7493805680746206,1.6577146375268426,1.6577146375268426
vm_01319,Interactive,xlarge_16_32,xlarge_32_64,16,32,560,35.71178571428571,60.6,6.171887765864575,0.0,0.0,40.03998214285714,49.29,2.0837810084729864,0.0,0.0,1.3437962375819055,1.6969187843149023,1.6969187843149023
vm_01320,Delay-Insensitive,medium_4_8,large_16_32,4,16,560,3.9972678571428566,11.72,1.904941469772332,0.7,0.0,17.49448214285714,21.38,0.8249096549669271,0.0,0.0,0.17148052016150173,2.9320026625328914,2.9320026625328914
vm_01321,Interactive,xxlarge_32_64,large_16_32,32,16,564,35.78737588652483,57.77,6.130700416394599,0.0,0.0,31.44494680851064,39.04,1.022621833608294,0.0,0.0,1.832516884054236,1.61425638423946,1.61425638423946
vm_01322,Interactive,xxlarge_32_64,large_16_32,32,16,562,4.9665658362989324,14.24,2.543037775313985,0.49466192170818507,0.0,13.758754448398577,18.5,1.0282017323181432,0.0,0.0,-0.15117886178861806,2.8671723016182944,2.8671723016182944
vm_01323,Interactive,xlarge_16_32,xxlarge_64_128,16,64,559,27.268783542039355,82.89,19.88163593025226,0.11806797853309481,0.0,66.99910554561717,88.98,5.624444401517151,0.0,0.0,33.47334974591221,3.0397395568530334,3.0397395568530334
vm_01324,Interactive,xlarge_16_32,xlarge_32_64,16,32,562,5.051975088967971,12.68,2.5165835383036033,0.47686832740213525,0.0,17.815658362989325,21.38,0.8032658455010235,0.0,0.0,0.08931597873671038,2.5099094466418475,2.5099094466418475
vm_01326,Interactive,small_2_4,small_4_8,2,4,556,27.336888489208633,83.61,19.722018778904726,0.12050359712230216,0.0,71.37035971223021,87.77,2.4422468343932184,0.0,0.0,33.590064817284606,3.05850462948647,3.05850462948647
vm_01327,Interactive,small_2_4,medium_8_16,2,8,559,27.292486583184257,87.54,20.696607796249445,0.13059033989266547,0.0,69.78776386404293,87.52,2.0320552588362983,0.0,0.0,33.35255042735043,3.207476157703274,3.207476157703274
vm_01330,Interactive,xxlarge_32_64,small_4_8,32,4,556,35.4663309352518,59.27,5.926626513373629,0.0,0.0,34.63654676258992,43.3,1.0135778834096805,0.0,0.0,1.4353262729995677,1.6711624359510084,1.6711624359510084
vm_01331,Interactive,xlarge_16_32,xxlarge_64_128,16,64,561,33.52299465240642,100.0,29.233033460483657,0.1836007130124777,0.0748663101604278,27.50998217468806,37.53,1.902793763607756,0.0,0.0,51.38997723228306,2.9830270546197037,2.9830270546197037
vm_01332,Interactive,large_8_16,medium_8_16,8,8,558,36.03616487455197,68.53,6.03876617655176,0.0,0.0,31.8705376344086,40.91,2.2991200559767893,0.0,0.0,0.6423619676460888,1.9017007009087845,1.9017007009087845
vm_01333,Interactive,large_8_16,xlarge_32_64,8,32,560,5.080410714285715,13.88,2.4716559257448463,0.48928571428571427,0.0,18.824946428571426,22.79,0.7680626353325741,0.0,0.0,-0.017204568481163918,2.7320625793049635,2.7320625793049635
vm_01334,Interactive,xlarge_16_32,large_16_32,16,16,560,35.943732142857144,62.79,5.9339243757396485,0.0,0.0,26.016035714285714,34.82,3.132023184698907,0.0,0.0,1.323802417608384,1.7468970598390638,1.7468970598390638
vm_01335,Interactive,large_8_16,xxlarge_64_128,8,64,558,35.804802867383515,62.15,6.231492861460516,0.0,0.0,38.40037634408602,52.83,2.003224429922566,0.0,0.0,1.9781527896995712,1.7358006474772611,1.7358006474772611
vm_01337,Interactive,xlarge_16_32,large_16_32,16,16,567,35.335449735449735,61.79,6.064757904961305,0.0,0.0,38.438342151675485,46.56,1.0147868247501692,0.0,0.0,1.0377262213769853,1.7486688428366075,1.7486688428366075
vm_01338,Interactive,small_2_4,large_16_32,2,16,557,34.15078994614004,100.0,30.1197313447736,0.17773788150807898,0.13824057450628366,33.10138240574506,38.77,1.922183745562387,0.0,0.0,48.637531153477475,2.9281899527862225,2.9281899527862225
vm_01339,Interactive,medium_4_8,xxlarge_64_128,4,64,556,4.919766187050359,14.36,2.5152593295289765,0.5107913669064749,0.0,14.921061151079138,19.9,0.8063939013793044,0.0,0.0,0.04054396662387738,2.918837898800537,2.918837898800537
vm_01340,Interactive,xxlarge_32_64,small_4_8,32,4,555,4.926036036036035,15.01,2.560089573991095,0.5369369369369369,0.0,15.45789189189189,18.86,0.6909766978385017,0.0,0.0,0.1671579748051677,3.0470747453318463,3.0470747453318463
vm_01341,Delay-Insensitive,medium_4_8,xxlarge_64_128,4,64,560,3.825089285714286,10.75,1.987304426324857,0.7,0.0,9.496571428571428,13.15,0.8449162052035021,0.0,0.0,-0.13339232342299834,2.8103919142877145,2.8103919142877145
vm_01342,Interactive,large_8_16,medium_8_16,8,8,553,5.121699819168174,15.2,2.3803444832636287,0.47920433996383366,0.0,15.816473779385172,20.89,0.7842540347798544,0.0,0.0,-0.12364867411495428,2.967764714189881,2.967764714189881
vm_01343,Interactive,medium_4_8,xlarge_32_64,4,32,559,27.511359570661895,82.19,20.456736398997666,0.13059033989266547,0.0,58.954704830053664,78.76,2.624526694417078,0.0,0.0,34.95827863247864,2.9874932130816023,2.9874932130816023
vm_01344,Delay-Insensitive,xxlarge_32_64,medium_8_16,32,8,554,3.9587906137184117,10.25,1.9625248018894141,0.6967509025270758,0.0,18.31490974729242,22.83,1.0156926439594964,0.0,0.0,-0.13072226010455523,2.5891745737904492,2.5891745737904492
vm_01345,Interactive,large_8_16,xlarge_32_64,8,32,561,33.45071301247771,100.0,29.073361282734744,0.1836007130124777,0.0338680926916221,35.00388591800357,48.08,3.0992680382110116,0.0,0.0,52.741398382707004,2.9894728989094554,2.9894728989094554
vm_01346,Interactive,large_8_16,xxlarge_64_128,8,64,559,5.159856887298748,15.93,2.4445487553891985,0.4776386404293381,0.0,19.51339892665474,23.95,0.8043425397288667,0.0,0.0,-0.029232324567200152,3.087294928511004,3.087294928511004
vm_01347,Interactive,small_2_4,small_4_8,2,4,559,33.71865831842576,100.0,29.74424033561625,0.17889087656529518,0.08228980322003578,29.754418604651164,39.08,2.0244735525459214,0.0,0.0,50.1486291108244,2.9657170536158137,2.9657170536158137
vm_01348,Interactive,medium_4_8,medium_8_16,4,8,565,4.957628318584071,15.28,2.4427454550283962,0.5026548672566372,0.0,15.036424778761061,20.31,0.9080047665747772,0.0,0.0,0.08888514473106657,3.0821189121261234,3.0821189121261234
vm_01349,Interactive,xxlarge_32_64,large_16_32,32,16,559,27.004847942754918,89.91,19.82527559106766,0.13416815742397137,0.0,62.83509838998211,77.27,1.915459259522342,0.0,0.0,28.686820109185348,3.329402194398276,3.329402194398276
vm_01350,Delay-Insensitive,large_8_16,medium_8_16,8,8,557,4.114829443447038,12.1,1.8913898570526755,0.6768402154398564,0.0,8.871220825852783,12.11,0.7053869924104836,0.0,0.0,-0.17664708528485562,2.9405836052985217,2.9405836052985217
vm_01352,Interactive,medium_4_8,large_16_32,4,16,557,33.97425493716337,100.0,28.58754109369693,0.1741472172351885,0.11669658886894076,27.341364452423697,37.25,2.0215893041805657,0.0,0.0,46.43904655172414,2.943405239789766,2.943405239789766
vm_01353,Interactive,large_8_16,xlarge_32_64,8,32,558,35.462706093189965,61.76,6.318212030026542,0.0,0.0,42.1773835125448,48.17,1.4134323426694253,0.0,0.0,1.1739025809181314,1.7415478626392813,1.7415478626392813
vm_01354,Interactive,xxlarge_32_64,xxlarge_64_128,32,64,562,26.952544483985765,92.43,20.33850197281053,0.13523131672597866,0.0035587188612099642,76.86389679715303,97.35,5.503302681379364,0.0,0.18505338078291814,30.710699059561126,3.429360818045161,3.429360818045161
vm_01355,Delay-Insensitive,xlarge_16_32,small_4_8,16,4,561,13.935508021390374,33.53,3.9574354701475496,0.024955436720142603,0.0,78.4995008912656,83.46,0.9403210510336755,0.0,0.0,0.6684860776719361,2.406083793180196,2.406083793180196
vm_01356,Interactive,large_8_16,small_4_8,8,4,554,4.98754512635379,15.12,2.4142966513551594,0.5216606498194946,0.0,15.09115523465704,19.67,0.80504788604422,0.0,0.0,0.11933920053745428,3.0315515182222863,3.0315515182222863
vm_01357,Interactive,medium_4_8,large_16_32,4,16,553,27.152929475587705,91.56,20.163563154457226,0.11392405063291139,0.003616636528028933,70.0606329113924,86.92,2.734584486917319,0.0,0.0,26.05015742088522,3.3720118516979376,3.3720118516979376
vm_01358,Interactive,small_2_4,xlarge_32_64,2,32,560,34.081607142857145,100.0,29.890932194666306,0.2017857142857143,0.09642857142857143,36.06071428571428,48.65,2.405380564613106,0.0,0.0,45.654104815529394,2.9341339327349796,2.9341339327349796
vm_01359,Delay-Insensitive,large_8_16,xlarge_32_64,8,32,563,14.225790408525755,30.36,3.8435339988246966,0.0017761989342806395,0.0,74.92543516873889,81.94,1.802370704729256,0.0,0.0,0.06139311043566309,2.1341520666440257,2.1341520666440257
vm_01360,Interactive,xxlarge_32_64,medium_8_16,32,8,564,35.44377659574468,55.84,6.134246593632661,0.0,0.0,36.561028368794325,42.04,1.9224574468822404,0.0,0.0,2.309204258390473,1.575452882374393,1.575452882374393
vm_01361,Interactive,xlarge_16_32,medium_8_16,16,8,561,5.125383244206774,14.81,2.4781556875608475,0.47058823529411764,0.0,20.610926916221032,23.69,0.8093519431393917,0.0,0.0,0.0027579032764570854,2.8895400196150716,2.8895400196150716
vm_01362,Interactive,xxlarge_32_64,medium_8_16,32,8,556,34.20929856115108,100.0,29.911842555962394,0.18345323741007194,0.13489208633093525,29.40435251798561,42.15,2.749909963114592,0.0,0.0,50.48264261387825,2.923181830847665,2.923181830847665
vm_01364,Interactive,xxlarge_32_64,medium_8_16,32,8,553,26.576726943942134,85.1,19.796582131432118,0.12477396021699819,0.0,75.64793851717901,97.29,3.487162442733342,0.0,0.039783001808318265,31.253949932523614,3.202049679763052,3.202049679763052
vm_01365,Interactive,medium_4_8,large_16_32,4,16,563,5.027921847246891,16.2,2.531157608853381,0.4866785079928952,0.0,13.994831261101243,19.18,0.8033504783402289,0.0,0.0,0.09337865753209673,3.222007121862989,3.222007121862989
vm_01366,Delay-Insensitive,medium_4_8,xlarge_32_64,4,32,565,13.806761061946903,32.98,3.9266394626198022,0.007079646017699115,0.0,71.11440707964601,85.47,3.598891408892426,0.0,0.0,0.1306505332028216,2.3886847792924333,2.3886847792924333
vm_01367,Interactive,xxlarge_32_64,medium_8_16,32,8,557,26.05669658886894,78.09,20.219253375272288,0.15439856373429084,0.0,67.27464991023339,82.51,2.887897674734173,0.0,0.0,31.059002519893898,2.9969263269296755,2.9969263269296755
vm_01368,Interactive,small_2_4,xlarge_32_64,2,32,554,27.58350180505415,89.72,19.966450957678617,0.1263537906137184,0.0,55.76220216606498,70.65,2.1783166657135657,0.0,0.0,32.52087387857152,3.252668955308659,3.252668955308659
vm_01369,Delay-Insensitive,small_2_4,medium_8_16,2,8,558,55.27568100358423,96.73,10.960458610228518,0.0,0.017921146953405017,33.910448028673834,50.18,2.528417302157042,0.0,0.0,0.061165716999056485,1.7499558258491243,1.7499558258491243
vm_01370,Interactive,xlarge_16_32,xxlarge_64_128,16,64,560,35.90458928571429,57.22,6.139395835614513,0.0,0.0,40.835767857142855,46.23,1.529654204508096,0.0,0.0,1.0201459901800263,1.5936681393196352,1.5936681393196352
vm_01371,Interactive,xxlarge_32_64,xxlarge_64_128,32,64,561,27.350623885918004,88.85,20.599393649261,0.1354723707664884,0.0,72.37422459893048,88.77,1.9387913612151162,0.0,0.0,35.85898955749902,3.2485547814412428,3.2485547814412428
vm_01374,Interactive,xxlarge_32_64,large_16_32,32,16,559,27.316422182468692,80.63,19.998776720849776,0.11449016100178891,0.0,66.87652951699464,79.74,2.6433554580366536,0.0,0.0,27.26737089571841,2.9517042701055938,2.9517042701055938
vm_01375,Delay-Insensitive,xlarge_16_32,medium_8_16,16,8,555,55.17077477477477,100.0,10.749794588487235,0.0,0.012612612612612612,54.27958558558558,78.23,5.122209129101086,0.0,0.0,-2.0030309928907997,1.8125538459126749,1.8125538459126749
vm_01378,Interactive,xxlarge_32_64,medium_8_16,32,8,559,33.81815742397138,100.0,28.60510250376947,0.16279069767441862,0.08765652951699464,17.403792486583182,33.54,5.4113783547998615,0.0,0.0,48.345820958178095,2.9569913802907797,2.9569913802907797
vm_01379,Interactive,xxlarge_32_64,small_4_8,32,4,559,27.334096601073345,84.71,20.146368675823265,0.10912343470483005,0.0,51.64057245080501,72.02,5.9936097417357015,0.0,0.0,28.776442186017086,3.0990598019864186,3.0990598019864186
vm_01381,Interactive,large_8_16,xlarge_32_64,8,32,560,34.226660714285714,100.0,29.391412490474433,0.16785714285714284,0.1125,25.23617857142857,35.18,2.5075259964346883,0.0,0.0,49.59081301452468,2.921698988831284,2.921698988831284
vm_01383,Interactive,medium_4_8,medium_8_16,4,8,560,5.073732142857143,13.42,2.4800164823668296,0.49107142857142855,0.0,16.719714285714286,20.52,0.851650354366456,0.0,0.0,0.15773813420621874,2.6449957589686375,2.6449957589686375
vm_01384,Interactive,medium_4_8,small_4_8,4,4,558,5.144121863799283,17.09,2.5528716255012736,0.5017921146953405,0.0,15.076146953405017,19.42,0.7891790793600008,0.0,0.0,-0.12095679012345695,3.3222385574236526,3.3222385574236526
vm_01385,Interactive,xxlarge_32_64,medium_8_16,32,8,558,27.235698924731185,81.8,19.72773340072338,0.12365591397849462,0.0,81.51539426523297,100.0,5.103929816815254,0.0,0.5376344086021505,32.58969027073315,3.0034110828608873,3.0034110828608873
vm_01386,Interactive,medium_4_8,large_16_32,4,16,560,27.349785714285712,87.51,20.204493565546873,0.10892857142857143,0.0,71.485125,92.18,4.7160348007569075,0.0,0.0035714285714285713,34.12153910849453,3.1996594384390584,3.1996594384390584
vm_01387,Interactive,medium_4_8,small_4_8,4,4,566,35.49208480565371,58.22,6.130037627095725,0.0,0.0,35.92478798586573,44.9,1.487179741419648,0.0,0.0,0.751950633155495,1.6403657412293189,1.6403657412293189
vm_01388,Interactive,large_8_16,medium_8_16,8,8,553,36.12074141048825,61.39,5.989893026678669,0.0,0.0,39.004520795660035,48.41,0.9927497112314313,0.0,0.0,1.2348530918108835,1.699577517037743,1.699577517037743
vm_01389,Interactive,xxlarge_32_64,xlarge_32_64,32,32,565,5.103769911504425,15.47,2.357053647526935,0.49911504424778763,0.0,21.714601769911503,25.98,0.7404082104366272,0.0,0.0,-0.2820999561029769,3.031092754618311,3.031092754618311
vm_01390,Delay-Insensitive,medium_4_8,xlarge_32_64,4,32,554,54.82657039711191,100.0,10.569217568334436,0.0,0.02707581227436823,48.68319494584838,63.4,2.51608900453556,0.0,0.0,-0.6193368494324218,1.8239331637141338,1.8239331637141338
vm_01391,Interactive,xxlarge_32_64,xlarge_32_64,32,32,561,35.73723707664884,61.64,5.896506746956928,0.0,0.0,34.75839572192513,43.19,2.4160102723253596,0.0,0.0,1.6478513294253077,1.7248115702899807,1.7248115702899807
vm_01392,Interactive,xxlarge_32_64,large_16_32,32,16,566,33.49922261484099,100.0,29.35117247082818,0.19964664310954064,0.03180212014134275,30.437243816254416,37.44,1.4772950049326163,0.0,0.0,47.069887519260405,2.985143898703414,2.985143898703414
vm_01394,Interactive,xlarge_16_32,medium_8_16,16,8,556,4.826564748201439,13.97,2.524635854098589,0.5431654676258992,0.0,12.40913669064748,16.83,0.7584186792225733,0.0,0.0,-0.5288310356310362,2.89439813382919,2.89439813382919
vm_01395,Interactive,medium_4_8,xxlarge_64_128,4,64,564,27.347712765957446,78.26,20.036731073080997,0.12234042553191489,0.0,64.63872340425532,73.83,2.6212047183650444,0.0,0.0,33.265366362823016,2.8616652759867507,2.8616652759867507
vm_01396,Interactive,medium_4_8,medium_8_16,4,8,550,27.901254545454545,81.07,19.76733876032652,0.09272727272727273,0.0,48.21096363636364,65.38,3.496065597453657,0.0,0.0,28.411770380434778,2.9056041142496687,2.9056041142496687
vm_01397,Interactive,xxlarge_32_64,medium_8_16,32,8,562,27.443807829181495,88.79,19.63420100969755,0.10676156583629894,0.0,72.3062099644128,88.65,2.779494185515762,0.0,0.0,32.85003884333189,3.2353382064418916,3.2353382064418916
vm_01398,Interactive,medium_4_8,large_16_32,4,16,562,35.90153024911032,60.86,5.993414401865431,0.0,0.0,37.79419928825623,43.27,1.0552706943188837,0.0,0.0,1.6350920245398797,1.6951923658326005,1.6951923658326005
vm_01399,Interactive,small_2_4,medium_8_16,2,8,553,26.595768535262206,79.67,19.940857222607406,0.14647377938517178,0.0,48.77388788426763,64.0,4.7761915466515665,0.0,0.0,29.846062412718872,2.9955893131784825,2.9955893131784825
vm_01400,Delay-Insensitive,small_2_4,large_16_32,2,16,564,14.028244680851063,31.7,3.9472930586221513,0.005319148936170213,0.0,88.25537234042552,94.88,1.6159875213895833,0.0,0.7109929078014184,0.42672881179891853,2.259726767046726,2.259726767046726
vm_01402,Interactive,xlarge_16_32,large_16_32,16,16,554,4.934007220216607,14.51,2.4581089572102774,0.5072202166064982,0.0,13.799945848375451,18.87,0.8121189866137458,0.0,0.0,0.2834436358275374,2.940814504799812,2.940814504799812
vm_01403,Interactive,large_8_16,medium_8_16,8,8,557,36.06635547576302,63.6,6.018354584882887,0.0,0.0,32.00393177737881,39.15,1.154513732861621,0.0,0.0,1.430952607763757,1.7634163241900027,1.7634163241900027
vm_01404,Delay-Insensitive,medium_4_8,medium_8_16,4,8,562,14.072686832740214,29.28,3.884200879939978,0.012455516014234875,0.0,80.8802846975089,86.18,0.7843072655007675,0.0,0.0,-0.5232100134364757,2.0806261340144268,2.0806261340144268
vm_01405,Interactive,large_8_16,small_4_8,8,4,561,5.0347237076648845,14.77,2.3957101475400204,0.46345811051693403,0.0,17.298003565062388,21.73,0.9685288586238703,0.0,0.0,0.3001248558851275,2.9336267206707074,2.9336267206707074
vm_01406,Interactive,xxlarge_32_64,xxlarge_64_128,32,64,550,5.073218181818182,14.78,2.522098688001431,0.49272727272727274,0.0,13.441781818181818,16.58,0.8001061562288496,0.0,0.0,-0.05271943244743493,2.9133381357359682,2.9133381357359682
vm_01407,Interactive,xxlarge_32_64,small_4_8,32,4,556,27.3638309352518,89.72,19.758122605680317,0.09892086330935251,0.0,59.00312949640288,70.89,2.441856535867543,0.0,0.0,30.115944988344992,3.2787806726439417,3.2787806726439417
vm_01408,Interactive,medium_4_8,medium_8_16,4,8,560,4.945696428571429,13.45,2.383602348993379,0.4875,0.0,13.01394642857143,18.3,0.8240933418752873,0.0,0.0,-0.011886837027994979,2.7195361046219833,2.7195361046219833
vm_01409,Interactive,xxlarge_32_64,medium_8_16,32,8,555,26.923747747747747,90.79,19.769243351224542,0.11711711711711711,0.0018018018018018018,69.94156756756756,84.36,5.641469189325472,0.0,0.0,27.682551306717976,3.372115979195165,3.372115979195165
vm_01410,Interactive,large_8_16,small_4_8,8,4,562,36.09539145907473,59.94,6.109226995379019,0.0,0.0,44.45008896797153,54.92,2.235654484141672,0.0,0.0,1.4656167917448428,1.6605998044919525,1.6605998044919525
vm_01411,Interactive,large_8_16,small_4_8,8,4,551,5.076352087114338,12.89,2.4240355411792502,0.49727767695099817,0.0,20.04856624319419,24.74,0.7550744302049407,0.0,0.0,0.2531407287010703,2.539224974705674,2.539224974705674
vm_01412,Delay-Insensitive,small_2_4,medium_8_16,2,8,560,3.944375,10.86,1.9200681922008005,0.7142857142857143,0.0,15.377107142857144,19.44,0.8335495512155919,0.0,0.0,0.10829055139710775,2.7532879099984156,2.7532879099984156
vm_01413,Delay-Insensitive,large_8_16,xlarge_32_64,8,32,556,55.44485611510791,100.0,10.39525866354284,0.0,0.00539568345323741,36.56278776978417,54.41,2.8438953677984036,0.0,0.0,-2.0088622818220543,1.803593822885789,1.803593822885789
vm_01414,Interactive,large_8_16,xxlarge_64_128,8,64,557,34.245870736086175,100.0,29.881039147667067,0.1813285457809695,0.1615798922800718,21.889479353680432,28.82,1.5264200541388613,0.0,0.0,53.540692523711115,2.9200600787944397,2.9200600787944397
vm_01416,Delay-Insensitive,xxlarge_32_64,large_16_32,32,16,563,4.087175843694494,10.5,1.9000429895827118,0.6767317939609236,0.0,10.773552397868562,13.45,0.7819975052570344,0.0,0.0,-0.12255994596420194,2.569011073061345,2.569011073061345
vm_01417,Delay-Insensitive,xxlarge_32_64,large_16_32,32,16,561,14.053832442067735,29.81,4.201692826419904,0.0213903743315508,0.0,75.70032085561496,80.3,1.1380521754342825,0.0,0.0,0.22592197556810767,2.1211296009741,2.1211296009741
vm_01418,Interactive,xlarge_16_32,large_16_32,16,16,565,27.10626548672566,86.09,20.043906858779657,0.12743362831858407,0.0,73.41653097345132,91.63,8.797359190385462,0.0,0.005309734513274336,30.071320514141462,3.1760184759556624,3.1760184759556624
vm_01420,Delay-Insensitive,large_8_16,medium_8_16,8,8,561,4.067789661319074,10.7,1.9823749551539154,0.6631016042780749,0.0,13.66126559714795,17.59,0.8383987729872182,0.0,0.0,0.22850584176272282,2.630421160107448,2.630421160107448
vm_01422,Interactive,small_2_4,medium_8_16,2,8,557,4.953518850987433,14.9,2.4428510819055314,0.5278276481149012,0.0,12.398797127468582,18.23,1.631950599475494,0.0,0.0,0.3307684257934618,3.0079627126138497,3.0079627126138497
vm_01423,Interactive,large_8_16,large_16_32,8,16,553,27.992947558770343,79.92,19.629284490099465,0.10849909584086799,0.0,66.41567811934901,85.89,3.4913417157183333,0.0,0.0,31.66571522680219,2.8550048126304093,2.8550048126304093
vm_01424,Interactive,medium_4_8,xlarge_32_64,4,32,566,4.967844522968198,16.33,2.51303151215695,0.5229681978798587,0.0,18.7334628975265,23.86,0.8332656862794153,0.0,0.0,-0.12789606658715158,3.2871399103776935,3.2871399103776935
vm_01425,Interactive,large_8_16,xxlarge_64_128,8,64,562,27.120711743772244,86.7,19.42391947112786,0.09786476868327403,0.0,56.777330960854094,74.72,3.5033676175771507,0.0,0.0,31.993905914503216,3.1968187567905186,3.1968187567905186
vm_01426,Interactive,medium_4_8,xxlarge_64_128,4,64,556,36.1211690647482,62.2,6.241973691690954,0.0,0.0,39.35717625899281,45.08,1.0091058094385135,0.0,0.0,0.6828122537825578,1.7219819183732612,1.7219819183732612
vm_01427,Interactive,large_8_16,medium_8_16,8,8,551,4.987350272232305,16.31,2.311948383899079,0.4863883847549909,0.0,15.513121597096188,20.16,0.8179618026789566,0.0,0.0,-0.08896424217797616,3.270273614189073,3.270273614189073
vm_01428,Interactive,xlarge_16_32,medium_8_16,16,8,558,26.722455197132614,90.52,19.71359724208911,0.12186379928315412,0.0017921146953405018,70.59768817204302,84.12,2.18486597978606,0.0,0.0,33.404303189165574,3.3874132946329354,3.3874132946329354
vm_01429,Interactive,xlarge_16_32,large_16_32,16,16,562,5.035498220640569,12.65,2.4763635256255325,0.4928825622775801,0.0,16.394804270462632,19.95,0.7666105092232979,0.0,0.0,0.17356316447779818,2.5121645258750154,2.5121645258750154
vm_01430,Interactive,small_2_4,xxlarge_64_128,2,64,555,5.049171171171171,12.51,2.503147556029019,0.4882882882882883,0.0,22.099297297297298,25.54,0.9427850917066444,0.0,0.0,-0.25147157190635383,2.4776343633242814,2.4776343633242814
vm_01431,Interactive,small_2_4,xxlarge_64_128,2,64,564,27.68528368794326,84.24,19.922528491193923,0.1099290780141844,0.0,76.34125886524824,97.89,4.560588407046001,0.0,0.22340425531914893,34.68376515436381,3.042771782637933,3.042771782637933
vm_01433,Delay-Insensitive,small_2_4,medium_8_16,2,8,561,14.039019607843137,31.09,3.894141286412632,0.0053475935828877,0.0,87.9461853832442,95.68,2.950798329241987,0.0,0.7023172905525846,-0.5053438193447324,2.2145421025433314,2.2145421025433314
vm_01434,Delay-Insensitive,xxlarge_32_64,small_4_8,32,4,560,13.832303571428572,32.03,3.9425440894105517,0.010714285714285714,0.0,75.58019642857144,79.18,0.7489927385152547,0.0,0.0,-0.3045464532328932,2.3155940610036807,2.3155940610036807
vm_01435,Interactive,xlarge_16_32,large_16_32,16,16,558,4.887652329749104,13.23,2.4661524210817,0.532258064516129,0.0,12.980591397849462,17.97,0.8029345916186394,0.0,0.0,0.047211753053813865,2.7068210067795744,2.7068210067795744
vm_01436,Interactive,medium_4_8,xlarge_32_64,4,32,563,26.553783303730018,86.1,20.02282561542095,0.14031971580817051,0.0,65.3353463587922,79.02,3.6918075136578583,0.0,0.0,27.011324396643545,3.2424758090085604,3.2424758090085604
vm_01437,Interactive,large_8_16,xxlarge_64_128,8,64,558,35.75114695340502,62.04,6.249809600826937,0.0,0.0,40.5681899641577,49.41,1.6060002346808673,0.0,0.0,2.6214759448363054,1.7353289414982298,1.7353289414982298
vm_01438,Interactive,medium_4_8,large_16_32,4,16,563,4.879822380106572,13.33,2.433040356765113,0.5133214920071048,0.0,14.908650088809946,18.34,0.7660533116413522,0.0,0.0,0.19366452824284153,2.73165680257995,2.73165680257995
vm_01439,Interactive,xlarge_16_32,large_16_32,16,16,557,27.65552962298025,88.24,19.917182423706695,0.10771992818671454,0.0,60.2132854578097,78.43,2.0498595703841116,0.0,0.0,32.86256626537832,3.190681979443175,3.190681979443175
vm_01440,Interactive,medium_4_8,large_16_32,4,16,559,35.74254025044723,60.57,6.319852232864377,0.0,0.0,38.329481216457964,46.82,1.1677084055300206,0.0,0.0,2.857427107959026,1.6946193408635,1.6946193408635
vm_01441,Interactive,medium_4_8,medium_8_16,4,8,567,5.02005291005291,13.87,2.3946287430379596,0.5291005291005291,0.0,19.192857142857143,23.64,0.8109746039042696,0.0,0.0,-0.36566181566181566,2.762919086415329,2.762919086415329
vm_01442,Delay-Insensitive,medium_4_8,xlarge_32_64,4,32,559,55.1060465116279,96.97,11.404088083793567,0.0,0.01073345259391771,47.80561717352415,66.73,3.360148102768098,0.0,0.0,0.04534203112247326,1.7596980030047773,1.7596980030047773
vm_01444,Interactive,medium_4_8,medium_8_16,4,8,561,33.33274509803921,100.0,29.8765694737935,0.19429590017825313,0.11942959001782531,24.093582887700535,34.84,1.993697255637173,0.0,0.0,48.38386199821119,3.0000529421107434,3.0000529421107434
vm_01445,Interactive,medium_4_8,small_4_8,4,4,561,27.40085561497326,82.02,20.000954021411474,0.11051693404634581,0.0,73.99415329768271,90.39,3.147732637157941,0.0,0.0071301247771836,31.78601630377891,2.993337184521347,2.993337184521347
vm_01446,Interactive,xlarge_16_32,medium_8_16,16,8,555,4.974432432432432,13.79,2.4029814123834417,0.5027027027027027,0.0,16.214756756756756,21.53,1.0524894351598195,0.0,0.0,-0.21587756244501932,2.7721755571734383,2.7721755571734383
vm_01447,Interactive,xxlarge_32_64,xxlarge_64_128,32,64,558,5.058888888888889,15.14,2.5163759209988794,0.482078853046595,0.0,14.434551971326165,19.93,1.7832371457885179,0.0,0.0,0.2630303030303027,2.9927520316274983,2.9927520316274983
vm_01449,Interactive,xlarge_16_32,xxlarge_64_128,16,64,560,27.254892857142856,82.11,20.206338278061722,0.13035714285714287,0.0,61.46260714285714,76.96,2.8933961554361,0.0,0.0,34.87793780687397,3.012670071035738,3.012670071035738
vm_01450,Interactive,xlarge_16_32,xxlarge_64_128,16,64,556,35.51652877697841,61.99,6.193233855309983,0.0,0.0,29.750971223021583,35.85,1.1024453372811371,0.0,0.0,1.899454555129843,1.7453845331918114,1.7453845331918114
vm_01451,Interactive,medium_4_8,large_16_32,4,16,563,35.797495559502664,56.95,5.917650023016659,0.0,0.0,33.07611012433392,44.35,2.051666530820109,0.0,0.0,0.3205404208771796,1.5908934161424115,1.5908934161424115
vm_01452,Delay-Insensitive,xxlarge_32_64,medium_8_16,32,8,561,55.590124777183604,100.0,11.221714909946572,0.0,0.030303030303030304,47.75575757575758,61.1,4.088605967247427,0.0,0.0,2.084733977287563,1.7988806537279796,1.7988806537279796
vm_01455,Delay-Insensitive,medium_4_8,medium_8_16,4,8,561,55.02101604278075,90.72,10.614450739512048,0.0,0.0035650623885918,42.76383244206773,59.89,4.148391568739434,0.0,0.0,0.16603415906127594,1.6488245133361776,1.6488245133361776
vm_01456,Interactive,small_2_4,large_16_32,2,16,554,35.51113718411552,56.94,6.078777415799914,0.0,0.0,39.42861010830325,48.87,1.0359266363945219,0.0,0.0,1.0816510527656078,1.6034406249729964,1.6034406249729964
vm_01457,Interactive,large_8_16,medium_8_16,8,8,543,34.93889502762431,100.0,29.561394595608984,0.15653775322283608,0.10497237569060773,27.917495395948436,38.59,2.2351776610907916,0.0,0.0,52.27434957773778,2.862139741996287,2.862139741996287
vm_01458,Interactive,small_2_4,small_4_8,2,4,560,5.098357142857143,14.46,2.4359551390173193,0.5,0.0,14.271375,17.77,0.7962216693735255,0.0,0.0,0.23786483967922667,2.8362077419897167,2.8362077419897167
vm_01459,Interactive,xxlarge_32_64,xlarge_32_64,32,32,564,4.813333333333333,13.05,2.4096586778532982,0.5372340425531915,0.0,11.94287234042553,15.56,1.1415873050924898,0.0,0.0,0.09656469615543717,2.7112188365650973,2.7112188365650973
vm_01460,Interactive,small_2_4,small_4_8,2,4,563,27.26746003552398,78.96,20.06544020230281,0.11545293072824156,0.0,58.79575488454707,72.27,4.170632489599023,0.0,0.0,35.16086767221272,2.895759263867302,2.895759263867302
vm_01461,Interactive,small_2_4,xlarge_32_64,2,32,559,27.35622540250447,82.56,20.6293315440969,0.12701252236135957,0.0,57.59350626118068,78.39,2.561124909562225,0.0,0.0,34.578173496191226,3.017960218753045,3.017960218753045
vm_01462,Interactive,small_2_4,xxlarge_64_128,2,64,567,33.33820105820106,100.0,29.99253303319827,0.20105820105820105,0.03880070546737213,24.262010582010582,37.97,4.921738594379761,0.0,0.0,47.18124393624394,2.999561968728376,2.999561968728376
vm_01463,Interactive,xlarge_16_32,xlarge_32_64,16,32,560,26.803964285714283,82.49,20.121657215209172,0.1357142857142857,0.0,72.93175,91.24,4.119390702336625,0.0,0.014285714285714285,28.02739919249121,3.0775298430003026,3.0775298430003026
vm_01464,Interactive,large_8_16,xxlarge_64_128,8,64,567,27.30010582010582,86.29,19.616740236728518,0.1111111111111111,0.0,55.15663139329806,68.63,2.045731514893109,0.0,0.0,27.17848216340622,3.160793608955525,3.160793608955525
vm_01465,Interactive,xxlarge_32_64,medium_8_16,32,8,561,5.147040998217468,14.03,2.3483985759513715,0.47237076648841353,0.0,12.149411764705881,15.72,0.8237688930007195,0.0,0.0,-0.06400000000000006,2.725838011560213,2.725838011560213
vm_01466,Delay-Insensitive,large_8_16,xlarge_32_64,8,32,561,55.24684491978609,100.0,11.178445483185486,0.0,0.0338680926916221,38.620552584670236,52.48,4.058022153863619,0.0,0.0,-1.5680946351651244,1.8100581154487978,1.8100581154487978
vm_01467,Interactive,small_2_4,small_4_8,2,4,562,35.44508896797153,64.72,6.2569736987854885,0.0,0.0,39.794145907473315,49.05,1.3041851186058118,0.0,0.0,1.7996600440925192,1.8259229101803502,1.8259229101803502
vm_01468,Interactive,small_2_4,xxlarge_64_128,2,64,557,33.48477558348294,100.0,29.37158976062503,0.17773788150807898,0.03231597845601436,22.12096947935368,32.62,2.2740136119513874,0.0,0.0,50.88595437665782,2.9864318412612287,2.9864318412612287
vm_01469,Interactive,large_8_16,xlarge_32_64,8,32,560,33.69826785714285,100.0,30.026998561486085,0.18571428571428572,0.14821428571428572,26.269232142857145,32.85,1.4884527329217048,0.0,0.0,52.66478861563969,2.9675115772694975,2.9675115772694975
vm_01470,Interactive,medium_4_8,xxlarge_64_128,4,64,562,28.033985765124555,82.09,20.30246390884246,0.11209964412811388,0.0,72.34893238434164,89.82,2.1062853733175224,0.0,0.0,31.31467973380472,2.928231493294235,2.928231493294235
vm_01471,Interactive,xxlarge_32_64,xxlarge_64_128,32,64,556,27.788741007194247,84.32,19.74383143803459,0.10611510791366907,0.0,57.98205035971223,74.95,3.314901779309346,0.0,0.0,33.192011997664174,3.0343224249767315,3.0343224249767315
vm_01472,Interactive,large_8_16,small_4_8,8,4,569,27.389789103690685,85.98,20.0435179177415,0.12478031634446397,0.0,56.34451669595782,72.21,4.538868579176338,0.0,0.0,28.11648505414061,3.1391260324970696,3.1391260324970696
vm_01473,Interactive,large_8_16,xxlarge_64_128,8,64,563,33.183836589698046,100.0,29.595116040310465,0.19715808170515098,0.10124333925399645,31.448099467140317,41.54,3.624769833515047,0.0,0.0,47.469039699014004,3.0135153218252375,3.0135153218252375
vm_01474,Interactive,medium_4_8,large_16_32,4,16,558,4.995250896057348,14.65,2.4684887020092128,0.5053763440860215,0.0,18.243512544802865,22.92,0.7913970958988309,0.0,0.0,0.06267742572953061,2.9327856207508924,2.9327856207508924
vm_01475,Delay-Insensitive,xxlarge_32_64,xxlarge_64_128,32,64,567,4.007548500881835,11.56,1.9497647282262107,0.6825396825396826,0.0,8.173950617283952,12.39,0.8268121233446504,0.0,0.0,0.06358726505561929,2.8845564807154047,2.8845564807154047
vm_01476,Interactive,large_8_16,small_4_8,8,4,562,35.902882562277576,56.59,6.345166466458945,0.0,0.0,35.847313167259784,43.38,1.5325938557578924,0.0,0.0,2.3913518865957926,1.5761965603134596,1.5761965603134596
vm_01477,Interactive,large_8_16,xxlarge_64_128,8,64,561,26.672745098039215,87.08,19.45110877176364,0.11586452762923351,0.0,58.04884135472371,73.0,4.06381452290486,0.0,0.0,28.979986784256255,3.2647558277157414,3.2647558277157414
vm_01478,Delay-Insensitive,large_8_16,small_4_8,8,4,561,4.129732620320856,11.57,1.9715780752868683,0.6809269162210339,0.0,13.580766488413548,17.67,0.7808925415487056,0.0,0.0,0.15665552799895544,2.8016341646595704,2.8016341646595704
vm_01479,Interactive,xlarge_16_32,medium_8_16,16,8,562,35.35982206405694,57.74,6.177824291832853,0.0,0.0,35.63580071174377,46.21,0.9376833531263802,0.0,0.0,1.8294047510338274,1.6329267691279585,1.6329267691279585
vm_01480,Interactive,xlarge_16_32,small_4_8,16,4,553,27.551591320072333,87.25,20.11502046202664,0.11211573236889692,0.0,55.89056057866184,69.4,2.075388791156402,0.0,0.0,28.493863642446136,3.1667862297462004,3.1667862297462004
vm_01481,Interactive,small_2_4,xlarge_32_64,2,32,562,33.33350533807829,100.0,29.305822427534093,0.20284697508896798,0.04448398576512456,23.295160142348752,35.76,1.8229561287624318,0.0,0.0,43.466632265779346,2.9999845196528345,2.9999845196528345
vm_01483,Interactive,xxlarge_32_64,xxlarge_64_128,32,64,555,5.1163783783783785,14.73,2.396019796955297,0.4774774774774775,0.0,20.936990990990992,25.73,0.7907592144880472,0.0,0.0,0.03167904784727238,2.8789895724382744,2.8789895724382744
vm_01485,Delay-Insensitive,small_2_4,small_4_8,2,4,553,54.62066907775768,100.0,11.227895454041526,0.0,0.05244122965641953,40.210036166365285,54.41,2.464133368866059,0.0,0.0,-0.5126219152360463,1.8308087705341096,1.8308087705341096
vm_01486,Interactive,xlarge_16_32,large_16_32,16,16,561,35.64349376114082,59.31,6.069241531842015,0.0,0.0,27.411729055258466,36.16,2.4498309062698613,0.0,0.0,1.3461379219755685,1.663978295659132,1.663978295659132
vm_01487,Delay-Insensitive,xxlarge_32_64,xxlarge_64_128,32,64,568,13.80786971830986,31.45,4.252890400540654,0.017605633802816902,0.0,73.82531690140844,78.35,0.7824140085028504,0.0,0.0,-0.36024675324675215,2.2776866121713097,2.2776866121713097
vm_01488,Interactive,xxlarge_32_64,xxlarge_64_128,32,64,560,27.272017857142856,75.77,19.995439677752962,0.11785714285714285,0.0,69.91558928571429,96.51,7.1132156484548466,0.0,0.10714285714285714,32.87557521891878,2.7783056023540613,2.7783056023540613
vm_01489,Interactive,large_8_16,xxlarge_64_128,8,64,566,27.020035335689045,93.52,19.901416990476775,0.10424028268551237,0.0035335689045936395,57.90051236749117,74.0,2.9943570974886273,0.0,0.0,27.59233939953574,3.461135370036892,3.461135370036892
vm_01490,Interactive,large_8_16,xxlarge_64_128,8,64,556,27.857248201438846,86.42,20.261063581633756,0.12410071942446044,0.0,64.705845323741,80.27,2.5943319029913994,0.0,0.0,32.706683919944794,3.1022446788386064,3.1022446788386064
vm_01491,Interactive,xlarge_16_32,large_16_32,16,16,554,35.825216606498195,59.01,6.204698596443463,0.0,0.0,27.538375451263537,36.21,1.859404976820003,0.0,0.0,1.9419556643001386,1.647163802194469,1.647163802194469
vm_01492,Interactive,large_8_16,small_4_8,8,4,562,34.210017793594304,100.0,29.627103537007336,0.17793594306049823,0.05693950177935943,25.96758007117438,35.37,1.5028406310660092,0.0,0.0,53.17486757955036,2.923120373784916,2.923120373784916
vm_01493,Interactive,large_8_16,large_16_32,8,16,563,26.70792184724689,90.12,20.04779848176382,0.1172291296625222,0.0017761989342806395,52.540373001776196,80.04,9.73148357838736,0.0,0.0,27.38903992716869,3.3742797554759867,3.3742797554759867
vm_01495,Interactive,medium_4_8,small_4_8,4,4,564,35.45920212765958,61.32,6.0870088990736795,0.0,0.0,30.088138297872337,37.2,0.9984374517016622,0.0,0.0,0.6618104749738762,1.7293113302221759,1.7293113302221759
vm_01496,Delay-Insensitive,medium_4_8,medium_8_16,4,8,549,13.850182149362476,30.77,3.9755155708854035,0.01092896174863388,0.0,91.41267759562841,100.0,3.960962742389244,0.0,0.8105646630236795,0.13360836730785053,2.2216314318592802,2.2216314318592802
vm_01499,Interactive,medium_4_8,large_16_32,4,16,559,33.49511627906977,100.0,28.98082681499479,0.17173524150268335,0.06440071556350627,29.62792486583184,40.83,1.7558856442771067,0.0,0.0,48.518868376068376,2.9855098625971155,2.9855098625971155
