vm_id,subscription_id,deployment_id,vm_created_ts,vm_deleted_ts,vm_category,core_count_bucket,memory_bucket,provisioned_vcpu,provisioned_memory_gb
vm_00000,sub_004,dep_0147,1726010323,,Interactive,large_8_16,xxlarge_64_128,8,64
vm_00001,sub_035,dep_0128,1710955859,,Delay-Insensitive,xlarge_16_32,xxlarge_64_128,16,64
vm_00002,sub_002,dep_0055,1684495623,,Delay-Insensitive,large_8_16,medium_8_16,8,8
vm_00003,sub_034,dep_0038,1740954936,,Interactive,xlarge_16_32,small_4_8,16,4
vm_00004,sub_033,dep_0082,1682400717,,Interactive,large_8_16,small_4_8,8,4
vm_00005,sub_014,dep_0045,1726735973,,Interactive,medium_4_8,xlarge_32_64,4,32
vm_00006,sub_014,dep_0087,1732314934,,Interactive,small_2_4,xxlarge_64_128,2,64
vm_00007,sub_036,dep_0001,1696917872,,Interactive,xxlarge_32_64,medium_8_16,32,8
vm_00008,sub_020,dep_0007,1704589672,,Delay-Insensitive,large_8_16,xlarge_32_64,8,32
vm_00009,sub_025,dep_0126,1709703302,,Interactive,small_2_4,xlarge_32_64,2,32
vm_00010,sub_019,dep_0055,1717178449,,Interactive,xlarge_16_32,medium_8_16,16,8
vm_00011,sub_019,dep_0132,1734669051,,Delay-Insensitive,large_8_16,xxlarge_64_128,8,64
vm_00012,sub_036,dep_0066,1712917056,,Interactive,xxlarge_32_64,xlarge_32_64,32,32
vm_00013,sub_042,dep_0030,1710260866,,Interactive,small_2_4,xlarge_32_64,2,32
vm_00014,sub_028,dep_0191,1696844984,,Interactive,small_2_4,medium_8_16,2,8
vm_00015,sub_034,dep_0193,1683244240,,Interactive,small_2_4,medium_8_16,2,8
vm_00016,sub_004,dep_0025,1733401948,,Delay-Insensitive,xlarge_16_32,large_16_32,16,16
vm_00017,sub_000,dep_0151,1703164001,,Interactive,large_8_16,xxlarge_64_128,8,64
vm_00018,sub_034,dep_0083,1732468066,1740955640.0,Interactive,medium_4_8,xlarge_32_64,4,32
vm_00019,sub_004,dep_0158,1697207727,,Interactive,small_2_4,medium_8_16,2,8
vm_00020,sub_043,dep_0083,1717216515,1740826468.0,Delay-Insensitive,small_2_4,large_16_32,2,16
vm_00021,sub_007,dep_0114,1708762105,,Delay-Insensitive,large_8_16,medium_8_16,8,8
vm_00022,sub_016,dep_0165,1686800633,1740900965.0,Interactive,xxlarge_32_64,medium_8_16,32,8
vm_00023,sub_030,dep_0048,1697916193,,Delay-Insensitive,medium_4_8,large_16_32,4,16
vm_00024,sub_010,dep_0007,1740805817,,Interactive,xlarge_16_32,medium_8_16,16,8
vm_00025,sub_014,dep_0126,1679940147,,Interactive,medium_4_8,xxlarge_64_128,4,64
vm_00026,sub_019,dep_0193,1681583285,1740864648.0,Interactive,medium_4_8,xxlarge_64_128,4,64
vm_00027,sub_021,dep_0063,1740941128,,Delay-Insensitive,xxlarge_32_64,xxlarge_64_128,32,64
vm_00028,sub_033,dep_0001,1693644583,,Interactive,large_8_16,medium_8_16,8,8
vm_00029,sub_016,dep_0119,1687929506,,Interactive,xxlarge_32_64,small_4_8,32,4
vm_00030,sub_043,dep_0086,1718816367,,Delay-Insensitive,medium_4_8,medium_8_16,4,8
vm_00031,sub_013,dep_0101,1730222593,,Interactive,small_2_4,medium_8_16,2,8
vm_00032,sub_032,dep_0165,1736677072,,Interactive,large_8_16,small_4_8,8,4
vm_00033,sub_022,dep_0132,1714149671,,Interactive,small_2_4,small_4_8,2,4
vm_00034,sub_024,dep_0168,1702092505,,Delay-Insensitive,xxlarge_32_64,xxlarge_64_128,32,64
vm_00035,sub_033,dep_0160,1679757494,,Interactive,small_2_4,small_4_8,2,4
vm_00036,sub_037,dep_0092,1720781088,,Interactive,xxlarge_32_64,small_4_8,32,4
vm_00037,sub_005,dep_0074,1685714349,,Interactive,medium_4_8,xxlarge_64_128,4,64
vm_00038,sub_011,dep_0198,1706079322,,Interactive,xxlarge_32_64,xxlarge_64_128,32,64
vm_00039,sub_008,dep_0164,1734169721,,Delay-Insensitive,xlarge_16_32,xxlarge_64_128,16,64
vm_00040,sub_012,dep_0091,1728768735,,Interactive,xxlarge_32_64,xxlarge_64_128,32,64
vm_00041,sub_023,dep_0136,1727632884,,Interactive,small_2_4,small_4_8,2,4
vm_00042,sub_022,dep_0036,1690255653,1741007813.0,Interactive,xxlarge_32_64,large_16_32,32,16
vm_00043,sub_002,dep_0185,1721123017,,Interactive,xlarge_16_32,large_16_32,16,16
vm_00044,sub_037,dep_0160,1740796179,1741004184.0,Interactive,large_8_16,small_4_8,8,4
vm_00045,sub_033,dep_0026,1691052399,,Delay-Insensitive,xxlarge_32_64,large_16_32,32,16
vm_00046,sub_017,dep_0049,1690770544,,Interactive,xxlarge_32_64,xxlarge_64_128,32,64
vm_00047,sub_022,dep_0073,1712981731,,Interactive,medium_4_8,small_4_8,4,4
vm_00048,sub_042,dep_0170,1690249562,,Interactive,small_2_4,xlarge_32_64,2,32
vm_00049,sub_024,dep_0106,1686874262,,Interactive,large_8_16,xxlarge_64_128,8,64
vm_00050,sub_031,dep_0183,1702061725,,Interactive,small_2_4,xlarge_32_64,2,32
vm_00051,sub_032,dep_0027,1694303919,,Interactive,small_2_4,xlarge_32_64,2,32
vm_00052,sub_035,dep_0018,1677917212,,Delay-Insensitive,large_8_16,large_16_32,8,16
vm_00053,sub_000,dep_0114,1700929499,,Interactive,medium_4_8,large_16_32,4,16
vm_00054,sub_022,dep_0027,1706884330,,Interactive,xlarge_16_32,xlarge_32_64,16,32
vm_00055,sub_041,dep_0154,1732890559,,Interactive,xxlarge_32_64,xlarge_32_64,32,32
vm_00056,sub_012,dep_0106,1699820795,,Interactive,xlarge_16_32,xxlarge_64_128,16,64
vm_00057,sub_005,dep_0145,1681578212,,Interactive,medium_4_8,small_4_8,4,4
vm_00058,sub_016,dep_0000,1729732348,,Interactive,medium_4_8,xlarge_32_64,4,32
vm_00059,sub_021,dep_0117,1686754924,,Delay-Insensitive,xlarge_16_32,medium_8_16,16,8
vm_00060,sub_013,dep_0063,1712110080,,Interactive,small_2_4,large_16_32,2,16
vm_00061,sub_001,dep_0175,1690942537,,Interactive,large_8_16,xlarge_32_64,8,32
vm_00062,sub_029,dep_0124,1740791341,,Interactive,small_2_4,small_4_8,2,4
vm_00063,sub_036,dep_0039,1723629920,,Delay-Insensitive,small_2_4,medium_8_16,2,8
vm_00064,sub_002,dep_0196,1728740620,,Delay-Insensitive,xxlarge_32_64,small_4_8,32,4
vm_00065,sub_005,dep_0154,1734733813,,Interactive,xxlarge_32_64,medium_8_16,32,8
vm_00066,sub_005,dep_0107,1731316846,,Interactive,large_8_16,small_4_8,8,4
vm_00067,sub_000,dep_0054,1728807919,,Interactive,xlarge_16_32,large_16_32,16,16
vm_00068,sub_009,dep_0176,1733949430,1740946947.0,Interactive,xlarge_16_32,xlarge_32_64,16,32
vm_00069,sub_044,dep_0108,1715431930,,Interactive,medium_4_8,small_4_8,4,4
vm_00070,sub_018,dep_0115,1740812278,,Interactive,xlarge_16_32,large_16_32,16,16
vm_00071,sub_022,dep_0182,1710274097,,Interactive,large_8_16,xxlarge_64_128,8,64
vm_00072,sub_035,dep_0122,1721377192,,Interactive,large_8_16,xxlarge_64_128,8,64
vm_00073,sub_026,dep_0184,1680791050,,Interactive,small_2_4,large_16_32,2,16
vm_00074,sub_026,dep_0140,1724551344,,Interactive,small_2_4,small_4_8,2,4
vm_00075,sub_024,dep_0105,1717468585,,Interactive,xlarge_16_32,medium_8_16,16,8
vm_00076,sub_038,dep_0100,1740914502,,Interactive,xlarge_16_32,xxlarge_64_128,16,64
vm_00077,sub_022,dep_0011,1714975350,,Interactive,medium_4_8,medium_8_16,4,8
vm_00078,sub_032,dep_0062,1721223821,,Delay-Insensitive,small_2_4,small_4_8,2,4
vm_00079,sub_016,dep_0047,1713083298,,Interactive,large_8_16,xxlarge_64_128,8,64
vm_00080,sub_019,dep_0062,1740952816,,Interactive,xlarge_16_32,large_16_32,16,16
vm_00081,sub_000,dep_0151,1718017357,,Interactive,xlarge_16_32,medium_8_16,16,8
vm_00082,sub_009,dep_0167,1740931713,,Interactive,large_8_16,large_16_32,8,16
vm_00083,sub_003,dep_0008,1718321914,,Delay-Insensitive,large_8_16,large_16_32,8,16
vm_00084,sub_010,dep_0038,1740818464,1740951038.0,Interactive,large_8_16,medium_8_16,8,8
vm_00085,sub_037,dep_0168,1708361023,,Interactive,medium_4_8,xlarge_32_64,4,32
vm_00086,sub_002,dep_0148,1701070742,,Interactive,large_8_16,xlarge_32_64,8,32
vm_00087,sub_016,dep_0100,1709009215,,Interactive,large_8_16,medium_8_16,8,8
vm_00088,sub_022,dep_0103,1702940367,,Delay-Insensitive,small_2_4,xxlarge_64_128,2,64
vm_00089,sub_014,dep_0038,1700042467,,Interactive,small_2_4,xlarge_32_64,2,32
vm_00090,sub_018,dep_0055,1729582480,1740942325.0,Interactive,xlarge_16_32,large_16_32,16,16
vm_00091,sub_021,dep_0130,1685031977,,Interactive,xlarge_16_32,xxlarge_64_128,16,64
vm_00092,sub_022,dep_0146,1690899528,,Interactive,xxlarge_32_64,xlarge_32_64,32,32
vm_00093,sub_044,dep_0164,1740805733,,Interactive,xxlarge_32_64,xlarge_32_64,32,32
vm_00094,sub_043,dep_0097,1730703557,,Interactive,xlarge_16_32,small_4_8,16,4
vm_00095,sub_009,dep_0111,1733717836,1740992922.0,Delay-Insensitive,medium_4_8,xxlarge_64_128,4,64
vm_00096,sub_016,dep_0021,1734865553,1740883804.0,Delay-Insensitive,large_8_16,xxlarge_64_128,8,64
vm_00097,sub_033,dep_0076,1693448171,,Interactive,xlarge_16_32,xlarge_32_64,16,32
vm_00098,sub_011,dep_0135,1686295782,,Interactive,small_2_4,medium_8_16,2,8
vm_00099,sub_010,dep_0104,1722793957,,Interactive,xlarge_16_32,xxlarge_64_128,16,64
vm_00100,sub_024,dep_0177,1702492632,,Delay-Insensitive,medium_4_8,xlarge_32_64,4,32
vm_00101,sub_036,dep_0127,1712497950,,Interactive,xlarge_16_32,medium_8_16,16,8
vm_00102,sub_033,dep_0119,1740886537,,Interactive,medium_4_8,small_4_8,4,4
vm_00103,sub_015,dep_0040,1731964674,1740881906.0,Interactive,medium_4_8,large_16_32,4,16
vm_00104,sub_018,dep_0192,1710996742,,Interactive,xxlarge_32_64,xlarge_32_64,32,32
vm_00105,sub_040,dep_0181,1683944834,,Interactive,xlarge_16_32,medium_8_16,16,8
vm_00106,sub_013,dep_0059,1736682569,,Interactive,medium_4_8,large_16_32,4,16
vm_00107,sub_026,dep_0156,1721064426,,Interactive,medium_4_8,small_4_8,4,4
vm_00108,sub_036,dep_0053,1722732729,,Interactive,xxlarge_32_64,xxlarge_64_128,32,64
vm_00109,sub_035,dep_0102,1732032642,,Interactive,xlarge_16_32,medium_8_16,16,8
vm_00110,sub_001,dep_0114,1720435218,,Interactive,xxlarge_32_64,xxlarge_64_128,32,64
vm_00111,sub_017,dep_0155,1719290970,1740951938.0,Interactive,small_2_4,xlarge_32_64,2,32
vm_00112,sub_006,dep_0000,1719925912,,Interactive,small_2_4,xxlarge_64_128,2,64
vm_00113,sub_022,dep_0082,1721572988,,Interactive,small_2_4,small_4_8,2,4
vm_00114,sub_041,dep_0095,1722449321,,Delay-Insensitive,large_8_16,large_16_32,8,16
vm_00115,sub_002,dep_0172,1740870598,,Interactive,xlarge_16_32,medium_8_16,16,8
vm_00116,sub_008,dep_0163,1740811081,1741029005.0,Interactive,xlarge_16_32,medium_8_16,16,8
vm_00117,sub_030,dep_0169,1723580879,,Interactive,small_2_4,large_16_32,2,16
vm_00118,sub_034,dep_0058,1683962560,,Interactive,large_8_16,xlarge_32_64,8,32
vm_00119,sub_033,dep_0162,1740891471,,Delay-Insensitive,medium_4_8,xxlarge_64_128,4,64
vm_00120,sub_018,dep_0164,1707023860,,Interactive,small_2_4,xlarge_32_64,2,32
vm_00121,sub_038,dep_0141,1737044015,,Interactive,small_2_4,medium_8_16,2,8
vm_00122,sub_005,dep_0134,1723904958,,Interactive,small_2_4,xxlarge_64_128,2,64
vm_00123,sub_044,dep_0115,1678212680,1740930630.0,Interactive,xlarge_16_32,small_4_8,16,4
vm_00124,sub_008,dep_0054,1684949800,,Interactive,large_8_16,small_4_8,8,4
vm_00125,sub_002,dep_0119,1679123840,1741003954.0,Interactive,small_2_4,medium_8_16,2,8
vm_00126,sub_024,dep_0150,1726991437,,Interactive,xxlarge_32_64,medium_8_16,32,8
vm_00127,sub_041,dep_0102,1740918255,,Interactive,xlarge_16_32,medium_8_16,16,8
vm_00128,sub_004,dep_0131,1681375795,,Interactive,medium_4_8,large_16_32,4,16
vm_00129,sub_041,dep_0171,1680040679,,Interactive,medium_4_8,medium_8_16,4,8
vm_00130,sub_039,dep_0082,1699219790,,Delay-Insensitive,medium_4_8,large_16_32,4,16
vm_00131,sub_040,dep_0139,1690841772,1740989033.0,Interactive,large_8_16,large_16_32,8,16
vm_00132,sub_044,dep_0197,1725833248,1740841721.0,Delay-Insensitive,xxlarge_32_64,small_4_8,32,4
vm_00133,sub_025,dep_0116,1714327985,,Interactive,medium_4_8,xlarge_32_64,4,32
vm_00134,sub_008,dep_0072,1734101768,,Interactive,large_8_16,xxlarge_64_128,8,64
vm_00135,sub_032,dep_0048,1696792886,,Interactive,medium_4_8,medium_8_16,4,8
vm_00136,sub_009,dep_0095,1709282635,,Interactive,large_8_16,xxlarge_64_128,8,64
vm_00137,sub_011,dep_0130,1735463130,,Interactive,large_8_16,small_4_8,8,4
vm_00138,sub_034,dep_0154,1719283877,,Interactive,medium_4_8,medium_8_16,4,8
vm_00139,sub_042,dep_0060,1680557813,,Delay-Insensitive,xxlarge_32_64,medium_8_16,32,8
vm_00140,sub_024,dep_0016,1713848511,,Interactive,xxlarge_32_64,xxlarge_64_128,32,64
vm_00141,sub_038,dep_0074,1702861100,,Interactive,medium_4_8,medium_8_16,4,8
vm_00142,sub_042,dep_0046,1701703706,,Interactive,small_2_4,xlarge_32_64,2,32
vm_00143,sub_002,dep_0089,1687000179,,Interactive,xxlarge_32_64,small_4_8,32,4
vm_00144,sub_015,dep_0143,1693012080,,Interactive,small_2_4,xxlarge_64_128,2,64
vm_00145,sub_014,dep_0103,1740949635,,Interactive,medium_4_8,small_4_8,4,4
vm_00146,sub_005,dep_0036,1716339226,,Interactive,medium_4_8,large_16_32,4,16
vm_00147,sub_007,dep_0050,1728302071,,Interactive,xxlarge_32_64,small_4_8,32,4
vm_00148,sub_027,dep_0194,1682830329,,Interactive,small_2_4,xxlarge_64_128,2,64
vm_00149,sub_016,dep_0093,1678404437,,Interactive,large_8_16,xxlarge_64_128,8,64
vm_00150,sub_015,dep_0131,1681839710,,Interactive,xlarge_16_32,medium_8_16,16,8
vm_00151,sub_012,dep_0127,1740823825,,Interactive,xlarge_16_32,xxlarge_64_128,16,64
vm_00152,sub_020,dep_0086,1714153121,,Interactive,medium_4_8,medium_8_16,4,8
vm_00153,sub_032,dep_0092,1682441564,,Interactive,small_2_4,small_4_8,2,4
vm_00154,sub_015,dep_0018,1740878017,,Interactive,small_2_4,large_16_32,2,16
vm_00155,sub_012,dep_0198,1740864896,,Delay-Insensitive,xlarge_16_32,xxlarge_64_128,16,64
vm_00156,sub_016,dep_0078,1740910666,,Interactive,small_2_4,medium_8_16,2,8
vm_00157,sub_008,dep_0129,1740875143,,Interactive,large_8_16,large_16_32,8,16
vm_00158,sub_004,dep_0026,1688164101,,Interactive,large_8_16,large_16_32,8,16
vm_00159,sub_042,dep_0172,1718445647,,Interactive,xlarge_16_32,xxlarge_64_128,16,64
vm_00160,sub_006,dep_0056,1691874029,,Interactive,small_2_4,small_4_8,2,4
vm_00161,sub_026,dep_0122,1705410260,,Delay-Insensitive,xlarge_16_32,xxlarge_64_128,16,64
vm_00162,sub_017,dep_0108,1740876968,,Interactive,small_2_4,medium_8_16,2,8
vm_00163,sub_038,dep_0170,1701288645,,Interactive,small_2_4,xxlarge_64_128,2,64
vm_00164,sub_015,dep_0080,1689026104,,Interactive,xlarge_16_32,large_16_32,16,16
vm_00165,sub_010,dep_0152,1679033397,,Delay-Insensitive,xxlarge_32_64,xxlarge_64_128,32,64
vm_00166,sub_013,dep_0092,1699863211,,Interactive,xlarge_16_32,medium_8_16,16,8
vm_00167,sub_016,dep_0001,1688840133,,Interactive,large_8_16,xlarge_32_64,8,32
vm_00168,sub_034,dep_0023,1695865689,,Interactive,small_2_4,xxlarge_64_128,2,64
vm_00169,sub_039,dep_0186,1728883483,,Delay-Insensitive,medium_4_8,xxlarge_64_128,4,64
vm_00170,sub_012,dep_0044,1723109180,,Delay-Insensitive,xxlarge_32_64,small_4_8,32,4
vm_00171,sub_010,dep_0100,1727529167,,Interactive,xlarge_16_32,large_16_32,16,16
vm_00172,sub_030,dep_0145,1740792690,1740921066.0,Interactive,small_2_4,xxlarge_64_128,2,64
vm_00173,sub_002,dep_0152,1725495528,,Delay-Insensitive,medium_4_8,large_16_32,4,16
vm_00174,sub_010,dep_0149,1688527163,,Delay-Insensitive,medium_4_8,xxlarge_64_128,4,64
vm_00175,sub_014,dep_0030,1703729813,1741015054.0,Delay-Insensitive,medium_4_8,xxlarge_64_128,4,64
vm_00176,sub_019,dep_0019,1732944227,,Interactive,large_8_16,small_4_8,8,4
vm_00177,sub_012,dep_0164,1728034509,,Interactive,small_2_4,medium_8_16,2,8
vm_00178,sub_033,dep_0065,1705197502,,Interactive,small_2_4,small_4_8,2,4
vm_00179,sub_028,dep_0041,1710091376,,Interactive,xlarge_16_32,xlarge_32_64,16,32
vm_00180,sub_007,dep_0012,1728380253,,Interactive,xlarge_16_32,small_4_8,16,4
vm_00181,sub_008,dep_0175,1698669112,,Delay-Insensitive,medium_4_8,xxlarge_64_128,4,64
vm_00182,sub_029,dep_0050,1709578758,,Delay-Insensitive,large_8_16,small_4_8,8,4
vm_00183,sub_002,dep_0186,1688084682,1740924709.0,Interactive,xlarge_16_32,medium_8_16,16,8
vm_00184,sub_015,dep_0112,1712874880,,Interactive,xlarge_16_32,medium_8_16,16,8
vm_00185,sub_025,dep_0168,1710951330,,Interactive,small_2_4,large_16_32,2,16
vm_00186,sub_037,dep_0178,1684095145,,Interactive,small_2_4,large_16_32,2,16
vm_00187,sub_009,dep_0092,1717628816,,Interactive,xxlarge_32_64,xxlarge_64_128,32,64
vm_00188,sub_023,dep_0035,1732198187,,Interactive,small_2_4,xxlarge_64_128,2,64
vm_00189,sub_002,dep_0068,1723419908,,Interactive,small_2_4,medium_8_16,2,8
vm_00190,sub_004,dep_0010,1740940709,1740982418.0,Interactive,medium_4_8,xxlarge_64_128,4,64
vm_00191,sub_031,dep_0105,1686643118,,Interactive,small_2_4,small_4_8,2,4
vm_00192,sub_042,dep_0183,1709866148,,Delay-Insensitive,medium_4_8,large_16_32,4,16
vm_00193,sub_043,dep_0076,1708037481,,Interactive,xxlarge_32_64,medium_8_16,32,8
vm_00194,sub_035,dep_0173,1725079590,1740837279.0,Interactive,large_8_16,small_4_8,8,4
vm_00195,sub_028,dep_0160,1689770417,,Interactive,xlarge_16_32,large_16_32,16,16
vm_00196,sub_013,dep_0131,1710915908,,Interactive,xxlarge_32_64,medium_8_16,32,8
vm_00197,sub_004,dep_0100,1706011131,,Interactive,xxlarge_32_64,medium_8_16,32,8
vm_00198,sub_023,dep_0165,1704164773,,Interactive,xlarge_16_32,xlarge_32_64,16,32
vm_00199,sub_042,dep_0020,1698485688,,Delay-Insensitive,small_2_4,xlarge_32_64,2,32
vm_00200,sub_003,dep_0005,1735864180,,Interactive,xxlarge_32_64,xlarge_32_64,32,32
vm_00201,sub_000,dep_0187,1710847711,,Interactive,medium_4_8,large_16_32,4,16
vm_00202,sub_019,dep_0154,1704019288,,Delay-Insensitive,medium_4_8,xxlarge_64_128,4,64
vm_00203,sub_038,dep_0186,1740924035,,Interactive,medium_4_8,xxlarge_64_128,4,64
vm_00204,sub_011,dep_0112,1732080300,,Delay-Insensitive,large_8_16,small_4_8,8,4
vm_00205,sub_018,dep_0176,1730467115,,Delay-Insensitive,xxlarge_32_64,large_16_32,32,16
vm_00206,sub_023,dep_0101,1719821581,1741030848.0,Delay-Insensitive,xlarge_16_32,xlarge_32_64,16,32
vm_00207,sub_006,dep_0008,1697774557,,Interactive,large_8_16,xlarge_32_64,8,32
vm_00208,sub_008,dep_0037,1703465822,,Interactive,xxlarge_32_64,medium_8_16,32,8
vm_00209,sub_029,dep_0198,1740926989,1740938189.0,Delay-Insensitive,small_2_4,medium_8_16,2,8
vm_00210,sub_016,dep_0198,1712123702,,Interactive,xxlarge_32_64,small_4_8,32,4
vm_00211,sub_013,dep_0187,1706619521,1741021254.0,Delay-Insensitive,medium_4_8,xlarge_32_64,4,32
vm_00212,sub_007,dep_0013,1681528637,,Delay-Insensitive,medium_4_8,small_4_8,4,4
vm_00213,sub_012,dep_0062,1711280630,,Interactive,xxlarge_32_64,xlarge_32_64,32,32
vm_00214,sub_039,dep_0108,1697435448,,Interactive,small_2_4,xxlarge_64_128,2,64
vm_00215,sub_013,dep_0109,1681139436,,Delay-Insensitive,xxlarge_32_64,medium_8_16,32,8
vm_00216,sub_021,dep_0172,1691974988,,Interactive,medium_4_8,xxlarge_64_128,4,64
vm_00217,sub_032,dep_0089,1732766925,,Interactive,medium_4_8,small_4_8,4,4
vm_00218,sub_009,dep_0163,1686160814,,Delay-Insensitive,small_2_4,small_4_8,2,4
vm_00219,sub_006,dep_0186,1679094584,1740879304.0,Interactive,medium_4_8,xxlarge_64_128,4,64
vm_00220,sub_035,dep_0040,1683010297,,Interactive,small_2_4,medium_8_16,2,8
vm_00221,sub_021,dep_0045,1740809248,1740877375.0,Delay-Insensitive,xlarge_16_32,xxlarge_64_128,16,64
vm_00222,sub_024,dep_0123,1730716710,,Interactive,xxlarge_32_64,medium_8_16,32,8
vm_00223,sub_040,dep_0033,1711900931,,Interactive,medium_4_8,small_4_8,4,4
vm_00224,sub_023,dep_0187,1706075516,,Delay-Insensitive,xxlarge_32_64,small_4_8,32,4
vm_00225,sub_026,dep_0048,1709288991,1740977436.0,Delay-Insensitive,large_8_16,large_16_32,8,16
vm_00226,sub_012,dep_0095,1678840909,,Interactive,medium_4_8,large_16_32,4,16
vm_00227,sub_019,dep_0038,1683557871,,Interactive,xlarge_16_32,xlarge_32_64,16,32
vm_00228,sub_031,dep_0074,1698125411,,Interactive,xxlarge_32_64,large_16_32,32,16
vm_00229,sub_020,dep_0119,1708568898,,Interactive,medium_4_8,large_16_32,4,16
vm_00230,sub_032,dep_0054,1700284826,,Interactive,xlarge_16_32,medium_8_16,16,8
vm_00231,sub_013,dep_0037,1714295853,,Interactive,xxlarge_32_64,small_4_8,32,4
vm_00232,sub_036,dep_0029,1727600280,,Interactive,xxlarge_32_64,xxlarge_64_128,32,64
vm_00233,sub_019,dep_0096,1688040974,1740969943.0,Interactive,medium_4_8,small_4_8,4,4
vm_00234,sub_036,dep_0067,1711622010,,Delay-Insensitive,small_2_4,xxlarge_64_128,2,64
vm_00235,sub_007,dep_0062,1714483410,,Interactive,medium_4_8,medium_8_16,4,8
vm_00236,sub_016,dep_0107,1686154758,,Interactive,small_2_4,large_16_32,2,16
vm_00237,sub_021,dep_0122,1699306656,,Delay-Insensitive,xlarge_16_32,xlarge_32_64,16,32
vm_00238,sub_026,dep_0095,1692217219,1740808235.0,Delay-Insensitive,large_8_16,xlarge_32_64,8,32
vm_00239,sub_032,dep_0045,1699335422,1741004050.0,Interactive,large_8_16,large_16_32,8,16
vm_00240,sub_040,dep_0025,1731026216,,Delay-Insensitive,xlarge_16_32,xxlarge_64_128,16,64
vm_00241,sub_027,dep_0059,1681416253,,Interactive,large_8_16,xlarge_32_64,8,32
vm_00242,sub_018,dep_0000,1740919487,,Interactive,xlarge_16_32,small_4_8,16,4
vm_00243,sub_034,dep_0028,1689086154,,Interactive,xlarge_16_32,medium_8_16,16,8
vm_00244,sub_043,dep_0001,1717497790,,Interactive,large_8_16,medium_8_16,8,8
vm_00245,sub_033,dep_0167,1691275356,,Interactive,large_8_16,xlarge_32_64,8,32
vm_00246,sub_001,dep_0179,1740939775,,Interactive,large_8_16,large_16_32,8,16
vm_00247,sub_010,dep_0037,1714291409,,Delay-Insensitive,large_8_16,small_4_8,8,4
vm_00248,sub_028,dep_0026,1706356377,,Interactive,large_8_16,large_16_32,8,16
vm_00249,sub_003,dep_0150,1682351176,,Interactive,xxlarge_32_64,medium_8_16,32,8
vm_00250,sub_020,dep_0038,1713789776,,Interactive,small_2_4,medium_8_16,2,8
vm_00251,sub_012,dep_0027,1722105653,,Delay-Insensitive,xlarge_16_32,xlarge_32_64,16,32
vm_00252,sub_003,dep_0032,1699969908,1740890671.0,Delay-Insensitive,xxlarge_32_64,medium_8_16,32,8
vm_00253,sub_038,dep_0014,1740893339,,Interactive,small_2_4,medium_8_16,2,8
vm_00254,sub_027,dep_0025,1719700403,,Interactive,medium_4_8,large_16_32,4,16
vm_00255,sub_039,dep_0196,1734765127,,Delay-Insensitive,small_2_4,xlarge_32_64,2,32
vm_00256,sub_013,dep_0100,1720785738,,Delay-Insensitive,xlarge_16_32,xlarge_32_64,16,32
vm_00257,sub_041,dep_0154,1680073535,,Interactive,xxlarge_32_64,medium_8_16,32,8
vm_00258,sub_000,dep_0144,1726792892,,Interactive,xlarge_16_32,xlarge_32_64,16,32
vm_00259,sub_021,dep_0044,1698321132,,Delay-Insensitive,medium_4_8,medium_8_16,4,8
vm_00260,sub_027,dep_0195,1721015777,,Interactive,small_2_4,small_4_8,2,4
vm_00261,sub_027,dep_0186,1723958397,,Delay-Insensitive,medium_4_8,xlarge_32_64,4,32
vm_00262,sub_021,dep_0011,1695138411,,Interactive,xxlarge_32_64,xxlarge_64_128,32,64
vm_00263,sub_016,dep_0149,1713013211,1741032182.0,Interactive,xlarge_16_32,small_4_8,16,4
vm_00264,sub_009,dep_0081,1740838684,,Interactive,medium_4_8,xlarge_32_64,4,32
vm_00265,sub_004,dep_0127,1740791897,,Interactive,xlarge_16_32,large_16_32,16,16
vm_00266,sub_028,dep_0003,1734497029,,Interactive,small_2_4,large_16_32,2,16
vm_00267,sub_007,dep_0180,1703200910,,Delay-Insensitive,xxlarge_32_64,xxlarge_64_128,32,64
vm_00268,sub_004,dep_0076,1730141170,,Delay-Insensitive,xxlarge_32_64,small_4_8,32,4
vm_00269,sub_003,dep_0154,1730179055,,Delay-Insensitive,small_2_4,small_4_8,2,4
vm_00270,sub_032,dep_0140,1681416701,,Interactive,medium_4_8,xlarge_32_64,4,32
vm_00271,sub_033,dep_0049,1690018542,,Interactive,medium_4_8,large_16_32,4,16
vm_00272,sub_003,dep_0041,1684883943,,Delay-Insensitive,xxlarge_32_64,xlarge_32_64,32,32
vm_00273,sub_011,dep_0057,1683170701,,Interactive,medium_4_8,xlarge_32_64,4,32
vm_00274,sub_006,dep_0123,1682266826,,Interactive,large_8_16,xlarge_32_64,8,32
vm_00275,sub_010,dep_0066,1711170387,1741045386.0,Interactive,xlarge_16_32,xlarge_32_64,16,32
vm_00276,sub_043,dep_0094,1688011926,,Interactive,large_8_16,xxlarge_64_128,8,64
vm_00277,sub_023,dep_0199,1680195868,,Interactive,xlarge_16_32,xxlarge_64_128,16,64
vm_00278,sub_025,dep_0093,1740870419,,Interactive,xlarge_16_32,xlarge_32_64,16,32
vm_00279,sub_029,dep_0086,1729483043,1740811872.0,Delay-Insensitive,large_8_16,small_4_8,8,4
vm_00280,sub_006,dep_0193,1679194174,,Interactive,xlarge_16_32,small_4_8,16,4
vm_00281,sub_006,dep_0046,1699393572,,Interactive,small_2_4,medium_8_16,2,8
vm_00282,sub_044,dep_0145,1716422732,,Delay-Insensitive,small_2_4,xlarge_32_64,2,32
vm_00283,sub_004,dep_0105,1740887846,,Interactive,medium_4_8,xlarge_32_64,4,32
vm_00284,sub_023,dep_0044,1715265292,,Interactive,large_8_16,xxlarge_64_128,8,64
vm_00285,sub_043,dep_0053,1740957416,,Interactive,medium_4_8,large_16_32,4,16
vm_00286,sub_028,dep_0135,1703376837,,Interactive,small_2_4,large_16_32,2,16
vm_00287,sub_044,dep_0089,1730500574,,Interactive,xlarge_16_32,large_16_32,16,16
vm_00288,sub_014,dep_0051,1679161207,,Interactive,xxlarge_32_64,large_16_32,32,16
vm_00289,sub_038,dep_0020,1734872732,1740792962.0,Interactive,xlarge_16_32,small_4_8,16,4
vm_00290,sub_028,dep_0178,1711411541,,Interactive,small_2_4,xlarge_32_64,2,32
vm_00291,sub_006,dep_0161,1696966244,,Interactive,large_8_16,xxlarge_64_128,8,64
vm_00292,sub_041,dep_0095,1680548786,,Interactive,xlarge_16_32,xxlarge_64_128,16,64
vm_00293,sub_014,dep_0087,1709041681,1740971597.0,Interactive,xlarge_16_32,small_4_8,16,4
vm_00294,sub_038,dep_0095,1724792605,1740971674.0,Interactive,xlarge_16_32,xlarge_32_64,16,32
vm_00295,sub_020,dep_0016,1703408931,,Interactive,small_2_4,small_4_8,2,4
vm_00296,sub_041,dep_0103,1740821992,1740865899.0,Delay-Insensitive,small_2_4,large_16_32,2,16
vm_00297,sub_008,dep_0110,1740954850,,Interactive,xxlarge_32_64,xlarge_32_64,32,32
vm_00298,sub_018,dep_0100,1709104282,,Interactive,small_2_4,xlarge_32_64,2,32
vm_00299,sub_032,dep_0101,1694058060,,Interactive,small_2_4,xlarge_32_64,2,32
vm_00300,sub_007,dep_0145,1679529741,,Interactive,small_2_4,xlarge_32_64,2,32
vm_00301,sub_008,dep_0170,1725177259,,Delay-Insensitive,large_8_16,small_4_8,8,4
vm_00302,sub_031,dep_0108,1732447869,,Interactive,large_8_16,xxlarge_64_128,8,64
vm_00303,sub_033,dep_0150,1717647970,,Interactive,small_2_4,xxlarge_64_128,2,64
vm_00304,sub_037,dep_0160,1718993409,,Interactive,small_2_4,xxlarge_64_128,2,64
vm_00305,sub_012,dep_0030,1684664777,,Interactive,xxlarge_32_64,medium_8_16,32,8
vm_00306,sub_019,dep_0108,1725495742,,Interactive,large_8_16,medium_8_16,8,8
vm_00307,sub_034,dep_0021,1701037129,,Interactive,large_8_16,xlarge_32_64,8,32
vm_00308,sub_036,dep_0169,1691941868,,Interactive,medium_4_8,large_16_32,4,16
vm_00309,sub_033,dep_0020,1707039934,,Interactive,large_8_16,xlarge_32_64,8,32
vm_00310,sub_034,dep_0153,1723249287,,Delay-Insensitive,medium_4_8,small_4_8,4,4
vm_00311,sub_043,dep_0109,1678864030,,Interactive,xlarge_16_32,xxlarge_64_128,16,64
vm_00312,sub_020,dep_0102,1733487592,,Interactive,small_2_4,xxlarge_64_128,2,64
vm_00313,sub_042,dep_0197,1709474649,1740975377.0,Interactive,medium_4_8,medium_8_16,4,8
vm_00314,sub_044,dep_0194,1740860407,,Interactive,medium_4_8,large_16_32,4,16
vm_00315,sub_012,dep_0172,1730399380,,Interactive,xlarge_16_32,xxlarge_64_128,16,64
vm_00316,sub_017,dep_0112,1726916691,1740891712.0,Interactive,medium_4_8,medium_8_16,4,8
vm_00317,sub_018,dep_0069,1697382525,,Interactive,medium_4_8,large_16_32,4,16
vm_00318,sub_025,dep_0008,1734826164,,Interactive,xlarge_16_32,medium_8_16,16,8
vm_00319,sub_030,dep_0149,1708281779,,Interactive,xxlarge_32_64,large_16_32,32,16
vm_00320,sub_031,dep_0137,1729060552,,Interactive,xxlarge_32_64,xxlarge_64_128,32,64
vm_00321,sub_020,dep_0122,1706795966,,Interactive,xxlarge_32_64,small_4_8,32,4
vm_00322,sub_004,dep_0067,1681055067,,Interactive,xlarge_16_32,medium_8_16,16,8
vm_00323,sub_044,dep_0067,1726526084,,Interactive,medium_4_8,medium_8_16,4,8
vm_00324,sub_034,dep_0070,1720565949,,Interactive,xlarge_16_32,small_4_8,16,4
vm_00325,sub_033,dep_0168,1719169307,,Interactive,xxlarge_32_64,xxlarge_64_128,32,64
vm_00326,sub_013,dep_0098,1691967725,,Delay-Insensitive,small_2_4,xlarge_32_64,2,32
vm_00327,sub_034,dep_0147,1732554176,1740960545.0,Delay-Insensitive,small_2_4,small_4_8,2,4
vm_00328,sub_038,dep_0008,1732275220,,Interactive,xlarge_16_32,medium_8_16,16,8
vm_00329,sub_039,dep_0172,1735275476,,Interactive,xxlarge_32_64,medium_8_16,32,8
vm_00330,sub_016,dep_0100,1707803272,,Interactive,xxlarge_32_64,xlarge_32_64,32,32
vm_00331,sub_037,dep_0133,1708964308,,Interactive,xlarge_16_32,large_16_32,16,16
vm_00332,sub_025,dep_0033,1687504702,,Delay-Insensitive,xxlarge_32_64,large_16_32,32,16
vm_00333,sub_005,dep_0076,1740949642,,Delay-Insensitive,medium_4_8,medium_8_16,4,8
vm_00334,sub_013,dep_0051,1688849495,,Interactive,xlarge_16_32,small_4_8,16,4
vm_00335,sub_008,dep_0024,1740831910,,Interactive,medium_4_8,xxlarge_64_128,4,64
vm_00336,sub_034,dep_0091,1728742701,,Interactive,large_8_16,large_16_32,8,16
vm_00337,sub_005,dep_0130,1683868238,,Delay-Insensitive,xlarge_16_32,xxlarge_64_128,16,64
vm_00338,sub_024,dep_0179,1710831010,,Interactive,xxlarge_32_64,xlarge_32_64,32,32
vm_00339,sub_029,dep_0117,1731149339,,Interactive,xlarge_16_32,small_4_8,16,4
vm_00340,sub_038,dep_0064,1692925046,,Interactive,xlarge_16_32,xxlarge_64_128,16,64
vm_00341,sub_016,dep_0132,1709837756,,Interactive,large_8_16,medium_8_16,8,8
vm_00342,sub_031,dep_0106,1700277123,,Interactive,medium_4_8,medium_8_16,4,8
vm_00343,sub_023,dep_0182,1740838932,,Interactive,medium_4_8,large_16_32,4,16
vm_00344,sub_000,dep_0018,1740907869,,Interactive,xlarge_16_32,xxlarge_64_128,16,64
vm_00345,sub_032,dep_0119,1733297861,,Interactive,xlarge_16_32,xlarge_32_64,16,32
vm_00346,sub_025,dep_0141,1687243522,1740812870.0,Interactive,xlarge_16_32,large_16_32,16,16
vm_00347,sub_031,dep_0140,1712780145,,Delay-Insensitive,medium_4_8,large_16_32,4,16
vm_00348,sub_008,dep_0038,1733159180,,Interactive,large_8_16,xxlarge_64_128,8,64
vm_00349,sub_032,dep_0123,1719589830,1740806075.0,Interactive,xxlarge_32_64,medium_8_16,32,8
vm_00350,sub_010,dep_0097,1680807316,,Interactive,small_2_4,xxlarge_64_128,2,64
vm_00351,sub_026,dep_0123,1720487934,,Interactive,xlarge_16_32,large_16_32,16,16
vm_00352,sub_012,dep_0034,1727266090,,Interactive,xxlarge_32_64,small_4_8,32,4
vm_00353,sub_003,dep_0149,1680560454,,Interactive,xlarge_16_32,xxlarge_64_128,16,64
vm_00354,sub_018,dep_0099,1725557323,,Interactive,small_2_4,medium_8_16,2,8
vm_00355,sub_019,dep_0042,1693681577,,Interactive,medium_4_8,xxlarge_64_128,4,64
vm_00356,sub_032,dep_0189,1734013617,1740921196.0,Interactive,xxlarge_32_64,xlarge_32_64,32,32
vm_00357,sub_001,dep_0177,1686028310,1740865174.0,Interactive,medium_4_8,xxlarge_64_128,4,64
vm_00358,sub_039,dep_0097,1705035630,,Delay-Insensitive,small_2_4,large_16_32,2,16
vm_00359,sub_002,dep_0019,1681041301,,Interactive,large_8_16,small_4_8,8,4
vm_00360,sub_015,dep_0104,1722269771,,Interactive,xxlarge_32_64,xlarge_32_64,32,32
vm_00361,sub_016,dep_0161,1685887520,,Interactive,xlarge_16_32,medium_8_16,16,8
vm_00362,sub_019,dep_0030,1696230588,,Interactive,xxlarge_32_64,large_16_32,32,16
vm_00363,sub_002,dep_0021,1740833776,,Interactive,medium_4_8,xlarge_32_64,4,32
vm_00364,sub_008,dep_0198,1716470519,,Interactive,small_2_4,xxlarge_64_128,2,64
vm_00365,sub_026,dep_0138,1701190828,,Interactive,large_8_16,small_4_8,8,4
vm_00366,sub_039,dep_0065,1723240487,,Delay-Insensitive,xlarge_16_32,medium_8_16,16,8
vm_00367,sub_024,dep_0069,1726284826,,Delay-Insensitive,xxlarge_32_64,xxlarge_64_128,32,64
vm_00368,sub_004,dep_0039,1740798842,,Interactive,small_2_4,small_4_8,2,4
vm_00369,sub_003,dep_0169,1731782009,,Interactive,small_2_4,xxlarge_64_128,2,64
vm_00370,sub_041,dep_0139,1694749358,,Interactive,xlarge_16_32,xxlarge_64_128,16,64
vm_00371,sub_034,dep_0099,1697580290,,Delay-Insensitive,small_2_4,xlarge_32_64,2,32
vm_00372,sub_018,dep_0170,1709081616,1740912147.0,Interactive,small_2_4,medium_8_16,2,8
vm_00373,sub_035,dep_0124,1694636535,,Interactive,large_8_16,xlarge_32_64,8,32
vm_00374,sub_023,dep_0110,1687135145,,Interactive,xlarge_16_32,small_4_8,16,4
vm_00375,sub_017,dep_0118,1724784487,,Interactive,xlarge_16_32,small_4_8,16,4
vm_00376,sub_032,dep_0052,1736027978,,Interactive,xlarge_16_32,large_16_32,16,16
vm_00377,sub_017,dep_0101,1726521037,,Interactive,medium_4_8,medium_8_16,4,8
vm_00378,sub_017,dep_0160,1686459643,,Interactive,medium_4_8,medium_8_16,4,8
vm_00379,sub_041,dep_0186,1680189071,1741037692.0,Interactive,xxlarge_32_64,xxlarge_64_128,32,64
vm_00380,sub_008,dep_0006,1725389099,,Interactive,xxlarge_32_64,xlarge_32_64,32,32
vm_00381,sub_002,dep_0131,1687082305,,Interactive,large_8_16,xxlarge_64_128,8,64
vm_00382,sub_011,dep_0019,1710217149,,Interactive,xxlarge_32_64,xxlarge_64_128,32,64
vm_00383,sub_024,dep_0070,1682875031,,Interactive,medium_4_8,small_4_8,4,4
vm_00384,sub_043,dep_0182,1740895400,,Interactive,small_2_4,xlarge_32_64,2,32
vm_00385,sub_028,dep_0105,1700912673,,Delay-Insensitive,medium_4_8,xlarge_32_64,4,32
vm_00386,sub_022,dep_0063,1690932147,1740996377.0,Delay-Insensitive,small_2_4,small_4_8,2,4
vm_00387,sub_002,dep_0193,1723085719,,Interactive,large_8_16,xxlarge_64_128,8,64
vm_00388,sub_022,dep_0151,1723532348,,Interactive,xxlarge_32_64,medium_8_16,32,8
vm_00389,sub_039,dep_0006,1736680769,,Interactive,xxlarge_32_64,xxlarge_64_128,32,64
vm_00390,sub_027,dep_0095,1697257612,,Interactive,small_2_4,xlarge_32_64,2,32
vm_00391,sub_028,dep_0150,1677984016,,Interactive,small_2_4,small_4_8,2,4
vm_00392,sub_038,dep_0027,1689747423,,Delay-Insensitive,small_2_4,xlarge_32_64,2,32
vm_00393,sub_020,dep_0173,1733553940,1740943237.0,Interactive,xxlarge_32_64,medium_8_16,32,8
vm_00394,sub_035,dep_0130,1713859809,,Interactive,medium_4_8,small_4_8,4,4
vm_00395,sub_018,dep_0113,1715803783,,Interactive,xlarge_16_32,xxlarge_64_128,16,64
vm_00396,sub_006,dep_0092,1710571227,1740813596.0,Interactive,xxlarge_32_64,large_16_32,32,16
vm_00397,sub_023,dep_0098,1740847891,,Interactive,xlarge_16_32,small_4_8,16,4
vm_00398,sub_038,dep_0182,1715429698,,Interactive,small_2_4,large_16_32,2,16
vm_00399,sub_006,dep_0084,1740826656,,Delay-Insensitive,xxlarge_32_64,medium_8_16,32,8
vm_00400,sub_003,dep_0166,1678114823,,Interactive,small_2_4,medium_8_16,2,8
vm_00401,sub_011,dep_0164,1712273901,,Interactive,xxlarge_32_64,small_4_8,32,4
vm_00402,sub_038,dep_0165,1720848208,,Interactive,xxlarge_32_64,xlarge_32_64,32,32
vm_00403,sub_007,dep_0084,1698001420,,Interactive,xxlarge_32_64,small_4_8,32,4
vm_00404,sub_017,dep_0107,1740823262,,Delay-Insensitive,small_2_4,large_16_32,2,16
vm_00405,sub_008,dep_0098,1714211692,,Interactive,small_2_4,xlarge_32_64,2,32
vm_00406,sub_021,dep_0113,1714647101,,Delay-Insensitive,xlarge_16_32,small_4_8,16,4
vm_00407,sub_035,dep_0163,1702995893,,Interactive,large_8_16,medium_8_16,8,8
vm_00408,sub_006,dep_0133,1721680295,,Interactive,xlarge_16_32,xxlarge_64_128,16,64
vm_00409,sub_007,dep_0189,1697588715,,Interactive,medium_4_8,xlarge_32_64,4,32
vm_00410,sub_007,dep_0108,1727361908,,Interactive,medium_4_8,xxlarge_64_128,4,64
vm_00411,sub_032,dep_0162,1696539467,,Interactive,small_2_4,xxlarge_64_128,2,64
vm_00412,sub_007,dep_0160,1716883330,,Interactive,large_8_16,xxlarge_64_128,8,64
vm_00413,sub_014,dep_0100,1729758310,,Interactive,xxlarge_32_64,xxlarge_64_128,32,64
vm_00414,sub_036,dep_0133,1682395348,,Delay-Insensitive,large_8_16,large_16_32,8,16
vm_00415,sub_023,dep_0178,1690736006,,Interactive,large_8_16,xxlarge_64_128,8,64
vm_00416,sub_012,dep_0159,1704796712,,Interactive,small_2_4,large_16_32,2,16
vm_00417,sub_024,dep_0034,1703401362,,Interactive,small_2_4,small_4_8,2,4
vm_00418,sub_008,dep_0198,1691357557,,Interactive,large_8_16,xlarge_32_64,8,32
vm_00419,sub_018,dep_0159,1687550248,,Interactive,small_2_4,large_16_32,2,16
vm_00420,sub_029,dep_0122,1711777037,,Delay-Insensitive,large_8_16,xlarge_32_64,8,32
vm_00421,sub_002,dep_0168,1681053384,,Interactive,small_2_4,large_16_32,2,16
vm_00422,sub_002,dep_0120,1740813843,,Delay-Insensitive,medium_4_8,xlarge_32_64,4,32
vm_00423,sub_035,dep_0020,1722485989,,Interactive,medium_4_8,small_4_8,4,4
vm_00424,sub_030,dep_0115,1723753989,,Interactive,medium_4_8,medium_8_16,4,8
vm_00425,sub_036,dep_0169,1733650769,,Interactive,xxlarge_32_64,xlarge_32_64,32,32
vm_00426,sub_034,dep_0001,1692642377,,Interactive,xxlarge_32_64,medium_8_16,32,8
vm_00427,sub_025,dep_0146,1730996620,,Interactive,large_8_16,xlarge_32_64,8,32
vm_00428,sub_019,dep_0005,1725622452,1740966956.0,Interactive,small_2_4,small_4_8,2,4
vm_00429,sub_041,dep_0134,1731632751,,Interactive,xlarge_16_32,large_16_32,16,16
vm_00430,sub_011,dep_0043,1678878989,,Interactive,xlarge_16_32,xxlarge_64_128,16,64
vm_00431,sub_020,dep_0151,1705135045,,Delay-Insensitive,small_2_4,medium_8_16,2,8
vm_00432,sub_035,dep_0076,1721837170,1740836491.0,Interactive,xlarge_16_32,large_16_32,16,16
vm_00433,sub_026,dep_0012,1725529039,,Interactive,large_8_16,xlarge_32_64,8,32
vm_00434,sub_036,dep_0107,1719333999,,Interactive,xlarge_16_32,medium_8_16,16,8
vm_00435,sub_044,dep_0082,1712087129,,Delay-Insensitive,xlarge_16_32,xxlarge_64_128,16,64
vm_00436,sub_005,dep_0130,1687699762,,Interactive,large_8_16,small_4_8,8,4
vm_00437,sub_011,dep_0184,1700609396,1740899500.0,Delay-Insensitive,large_8_16,xlarge_32_64,8,32
vm_00438,sub_007,dep_0038,1713924193,1740819566.0,Interactive,small_2_4,small_4_8,2,4
vm_00439,sub_042,dep_0079,1705028105,1740914874.0,Interactive,small_2_4,large_16_32,2,16
vm_00440,sub_024,dep_0197,1678847596,,Interactive,small_2_4,xxlarge_64_128,2,64
vm_00441,sub_018,dep_0087,1704170924,,Interactive,large_8_16,medium_8_16,8,8
vm_00442,sub_026,dep_0011,1715265717,,Interactive,xxlarge_32_64,large_16_32,32,16
vm_00443,sub_024,dep_0023,1706942415,,Delay-Insensitive,xlarge_16_32,xlarge_32_64,16,32
vm_00444,sub_035,dep_0199,1686521525,,Interactive,large_8_16,medium_8_16,8,8
vm_00445,sub_026,dep_0082,1727957000,,Interactive,small_2_4,xlarge_32_64,2,32
vm_00446,sub_032,dep_0176,1702252274,,Interactive,large_8_16,large_16_32,8,16
vm_00447,sub_007,dep_0197,1682899630,1740850607.0,Interactive,xlarge_16_32,medium_8_16,16,8
vm_00448,sub_018,dep_0107,1693174665,,Interactive,xxlarge_32_64,small_4_8,32,4
vm_00449,sub_021,dep_0182,1728906811,,Delay-Insensitive,xlarge_16_32,xxlarge_64_128,16,64
vm_00450,sub_011,dep_0029,1718534061,,Interactive,xlarge_16_32,small_4_8,16,4
vm_00451,sub_015,dep_0064,1702380230,,Delay-Insensitive,xlarge_16_32,xlarge_32_64,16,32
vm_00452,sub_029,dep_0052,1726110475,,Interactive,xxlarge_32_64,small_4_8,32,4
vm_00453,sub_027,dep_0175,1698647000,,Interactive,xxlarge_32_64,small_4_8,32,4
vm_00454,sub_002,dep_0099,1726549683,,Interactive,xlarge_16_32,small_4_8,16,4
vm_00455,sub_006,dep_0061,1701277766,,Interactive,small_2_4,medium_8_16,2,8
vm_00456,sub_009,dep_0150,1730164708,,Interactive,small_2_4,large_16_32,2,16
vm_00457,sub_034,dep_0131,1723386385,1740890015.0,Delay-Insensitive,small_2_4,large_16_32,2,16
vm_00458,sub_021,dep_0152,1692784619,,Interactive,large_8_16,xlarge_32_64,8,32
vm_00459,sub_004,dep_0087,1740830187,,Interactive,xxlarge_32_64,xlarge_32_64,32,32
vm_00460,sub_018,dep_0028,1709513009,,Interactive,medium_4_8,large_16_32,4,16
vm_00461,sub_016,dep_0050,1709822691,1740991943.0,Interactive,small_2_4,xlarge_32_64,2,32
vm_00462,sub_000,dep_0115,1683070317,,Interactive,small_2_4,xlarge_32_64,2,32
vm_00463,sub_009,dep_0195,1691944680,,Interactive,xlarge_16_32,xlarge_32_64,16,32
vm_00464,sub_037,dep_0129,1725696571,1741016995.0,Interactive,xlarge_16_32,xxlarge_64_128,16,64
vm_00465,sub_006,dep_0100,1726233306,,Delay-Insensitive,xxlarge_32_64,large_16_32,32,16
vm_00466,sub_003,dep_0089,1740829445,,Interactive,medium_4_8,small_4_8,4,4
vm_00467,sub_000,dep_0013,1719040934,,Interactive,small_2_4,xlarge_32_64,2,32
vm_00468,sub_003,dep_0121,1683351498,,Interactive,xxlarge_32_64,small_4_8,32,4
vm_00469,sub_035,dep_0107,1719898970,,Interactive,medium_4_8,small_4_8,4,4
vm_00470,sub_007,dep_0183,1740881689,,Interactive,medium_4_8,xlarge_32_64,4,32
vm_00471,sub_003,dep_0123,1722167103,,Delay-Insensitive,small_2_4,large_16_32,2,16
vm_00472,sub_013,dep_0128,1740820968,,Interactive,medium_4_8,medium_8_16,4,8
vm_00473,sub_042,dep_0136,1736769906,,Interactive,xlarge_16_32,xlarge_32_64,16,32
vm_00474,sub_034,dep_0134,1710900642,,Interactive,medium_4_8,small_4_8,4,4
vm_00475,sub_014,dep_0012,1689661332,,Interactive,xlarge_16_32,small_4_8,16,4
vm_00476,sub_005,dep_0085,1730400695,,Interactive,small_2_4,medium_8_16,2,8
vm_00477,sub_034,dep_0112,1707592005,,Delay-Insensitive,xlarge_16_32,small_4_8,16,4
vm_00478,sub_003,dep_0012,1719849340,,Interactive,small_2_4,small_4_8,2,4
vm_00479,sub_038,dep_0067,1729249040,,Delay-Insensitive,small_2_4,xlarge_32_64,2,32
vm_00480,sub_002,dep_0014,1730708543,,Interactive,small_2_4,xxlarge_64_128,2,64
vm_00481,sub_043,dep_0010,1740808009,,Interactive,large_8_16,medium_8_16,8,8
vm_00482,sub_027,dep_0059,1732377569,1740995149.0,Interactive,xlarge_16_32,medium_8_16,16,8
vm_00483,sub_039,dep_0147,1678647497,1740820356.0,Interactive,xxlarge_32_64,large_16_32,32,16
vm_00484,sub_037,dep_0034,1681524533,,Interactive,medium_4_8,xlarge_32_64,4,32
vm_00485,sub_006,dep_0058,1729473357,,Interactive,xxlarge_32_64,xlarge_32_64,32,32
vm_00486,sub_011,dep_0111,1695863908,,Interactive,small_2_4,large_16_32,2,16
vm_00487,sub_041,dep_0148,1719464291,,Interactive,large_8_16,xxlarge_64_128,8,64
vm_00488,sub_004,dep_0125,1737976490,1741041488.0,Delay-Insensitive,xlarge_16_32,small_4_8,16,4
vm_00489,sub_011,dep_0070,1702499102,,Interactive,medium_4_8,xxlarge_64_128,4,64
vm_00490,sub_036,dep_0057,1705584948,,Interactive,small_2_4,medium_8_16,2,8
vm_00491,sub_015,dep_0096,1697239598,,Interactive,xlarge_16_32,xxlarge_64_128,16,64
vm_00492,sub_007,dep_0089,1707090403,,Interactive,small_2_4,large_16_32,2,16
vm_00493,sub_032,dep_0183,1740842855,,Interactive,xxlarge_32_64,xlarge_32_64,32,32
vm_00494,sub_036,dep_0060,1721159098,,Interactive,xxlarge_32_64,large_16_32,32,16
vm_00495,sub_036,dep_0017,1721809935,1740858721.0,Delay-Insensitive,large_8_16,large_16_32,8,16
vm_00496,sub_013,dep_0014,1735596065,,Interactive,small_2_4,small_4_8,2,4
vm_00497,sub_034,dep_0065,1679016825,,Interactive,small_2_4,medium_8_16,2,8
vm_00498,sub_024,dep_0163,1699387579,,Delay-Insensitive,small_2_4,small_4_8,2,4
vm_00499,sub_001,dep_0055,1699771824,1740959474.0,Interactive,small_2_4,medium_8_16,2,8
vm_00500,sub_005,dep_0086,1729927054,1740896337.0,Interactive,xxlarge_32_64,xlarge_32_64,32,32
vm_00501,sub_021,dep_0074,1723804908,,Interactive,xlarge_16_32,large_16_32,16,16
vm_00502,sub_020,dep_0051,1740791775,,Interactive,xlarge_16_32,small_4_8,16,4
vm_00503,sub_001,dep_0064,1725742221,,Delay-Insensitive,medium_4_8,small_4_8,4,4
vm_00504,sub_021,dep_0012,1705169851,,Delay-Insensitive,small_2_4,large_16_32,2,16
vm_00505,sub_000,dep_0159,1718432497,,Interactive,small_2_4,small_4_8,2,4
vm_00506,sub_039,dep_0101,1686976249,,Delay-Insensitive,xlarge_16_32,medium_8_16,16,8
vm_00507,sub_010,dep_0037,1733360428,,Interactive,large_8_16,medium_8_16,8,8
vm_00508,sub_033,dep_0164,1720514585,,Interactive,medium_4_8,xxlarge_64_128,4,64
vm_00509,sub_035,dep_0176,1688077469,,Interactive,xlarge_16_32,large_16_32,16,16
vm_00510,sub_009,dep_0099,1731173514,,Interactive,xlarge_16_32,large_16_32,16,16
vm_00511,sub_030,dep_0035,1727657614,,Interactive,xxlarge_32_64,large_16_32,32,16
vm_00512,sub_014,dep_0129,1719162150,,Interactive,medium_4_8,small_4_8,4,4
vm_00513,sub_038,dep_0072,1685699049,,Interactive,small_2_4,xxlarge_64_128,2,64
vm_00514,sub_001,dep_0057,1682831994,,Interactive,large_8_16,xlarge_32_64,8,32
vm_00515,sub_030,dep_0187,1704202526,,Delay-Insensitive,xlarge_16_32,large_16_32,16,16
vm_00516,sub_029,dep_0005,1729831603,,Interactive,xxlarge_32_64,xxlarge_64_128,32,64
vm_00517,sub_031,dep_0170,1733565395,,Interactive,xxlarge_32_64,small_4_8,32,4
vm_00518,sub_018,dep_0103,1683327903,,Delay-Insensitive,small_2_4,large_16_32,2,16
vm_00519,sub_006,dep_0107,1677859727,,Interactive,xlarge_16_32,small_4_8,16,4
vm_00520,sub_038,dep_0056,1700695693,1740803979.0,Interactive,small_2_4,large_16_32,2,16
vm_00521,sub_030,dep_0017,1713845164,,Interactive,xxlarge_32_64,small_4_8,32,4
vm_00522,sub_025,dep_0089,1727338728,,Delay-Insensitive,large_8_16,xxlarge_64_128,8,64
vm_00523,sub_026,dep_0063,1718310248,1740941352.0,Interactive,medium_4_8,xxlarge_64_128,4,64
vm_00524,sub_000,dep_0135,1716158612,,Interactive,medium_4_8,xxlarge_64_128,4,64
vm_00525,sub_001,dep_0007,1689040697,1740932155.0,Interactive,xxlarge_32_64,xxlarge_64_128,32,64
vm_00526,sub_000,dep_0051,1740792521,,Delay-Insensitive,medium_4_8,xxlarge_64_128,4,64
vm_00527,sub_003,dep_0123,1720764907,,Delay-Insensitive,large_8_16,medium_8_16,8,8
vm_00528,sub_020,dep_0093,1707756515,,Interactive,xlarge_16_32,xxlarge_64_128,16,64
vm_00529,sub_013,dep_0112,1740930056,,Interactive,large_8_16,xxlarge_64_128,8,64
vm_00530,sub_031,dep_0043,1705096018,,Interactive,small_2_4,xxlarge_64_128,2,64
vm_00531,sub_038,dep_0105,1708053508,1741035222.0,Interactive,xlarge_16_32,xlarge_32_64,16,32
vm_00532,sub_018,dep_0170,1694827595,,Interactive,xlarge_16_32,medium_8_16,16,8
vm_00533,sub_032,dep_0148,1679627427,,Interactive,medium_4_8,small_4_8,4,4
vm_00534,sub_005,dep_0197,1740835251,,Delay-Insensitive,large_8_16,large_16_32,8,16
vm_00535,sub_007,dep_0161,1686861314,,Delay-Insensitive,xxlarge_32_64,xlarge_32_64,32,32
vm_00536,sub_044,dep_0086,1731563212,,Interactive,xlarge_16_32,xxlarge_64_128,16,64
vm_00537,sub_001,dep_0094,1708879273,1740799828.0,Interactive,medium_4_8,xxlarge_64_128,4,64
vm_00538,sub_026,dep_0046,1695106644,,Interactive,medium_4_8,xlarge_32_64,4,32
vm_00539,sub_029,dep_0094,1684616652,,Delay-Insensitive,medium_4_8,large_16_32,4,16
vm_00540,sub_038,dep_0056,1710403719,,Interactive,small_2_4,small_4_8,2,4
vm_00541,sub_023,dep_0124,1689865182,,Interactive,medium_4_8,small_4_8,4,4
vm_00542,sub_008,dep_0064,1740940694,,Interactive,xlarge_16_32,large_16_32,16,16
vm_00543,sub_044,dep_0028,1687561251,,Delay-Insensitive,xxlarge_32_64,large_16_32,32,16
vm_00544,sub_036,dep_0145,1729703211,,Interactive,medium_4_8,medium_8_16,4,8
vm_00545,sub_017,dep_0183,1690293635,,Interactive,xlarge_16_32,xlarge_32_64,16,32
vm_00546,sub_013,dep_0012,1714697531,,Delay-Insensitive,small_2_4,large_16_32,2,16
vm_00547,sub_033,dep_0176,1740794871,,Delay-Insensitive,medium_4_8,medium_8_16,4,8
vm_00548,sub_022,dep_0088,1737941055,,Delay-Insensitive,xlarge_16_32,medium_8_16,16,8
vm_00549,sub_016,dep_0131,1723288341,,Interactive,xxlarge_32_64,medium_8_16,32,8
vm_00550,sub_031,dep_0070,1703443239,,Interactive,small_2_4,xxlarge_64_128,2,64
vm_00551,sub_006,dep_0167,1700588048,,Interactive,small_2_4,large_16_32,2,16
vm_00552,sub_028,dep_0040,1682877814,,Interactive,xlarge_16_32,xxlarge_64_128,16,64
vm_00553,sub_036,dep_0014,1713054668,1740934366.0,Delay-Insensitive,small_2_4,xlarge_32_64,2,32
vm_00554,sub_029,dep_0035,1721468125,,Delay-Insensitive,medium_4_8,xlarge_32_64,4,32
vm_00555,sub_011,dep_0152,1721725651,,Interactive,medium_4_8,medium_8_16,4,8
vm_00556,sub_007,dep_0177,1725908714,1740917318.0,Interactive,medium_4_8,large_16_32,4,16
vm_00557,sub_011,dep_0135,1740823950,,Delay-Insensitive,large_8_16,medium_8_16,8,8
vm_00558,sub_017,dep_0176,1679549543,,Interactive,medium_4_8,medium_8_16,4,8
vm_00559,sub_016,dep_0064,1717278161,,Interactive,medium_4_8,small_4_8,4,4
vm_00560,sub_007,dep_0145,1738113545,,Interactive,xxlarge_32_64,small_4_8,32,4
vm_00561,sub_015,dep_0076,1740847336,,Interactive,large_8_16,large_16_32,8,16
vm_00562,sub_033,dep_0056,1723818277,,Interactive,xlarge_16_32,small_4_8,16,4
vm_00563,sub_018,dep_0114,1740861508,,Interactive,medium_4_8,small_4_8,4,4
vm_00564,sub_030,dep_0176,1723622963,,Interactive,small_2_4,small_4_8,2,4
vm_00565,sub_040,dep_0166,1678184089,,Delay-Insensitive,xlarge_16_32,xxlarge_64_128,16,64
vm_00566,sub_028,dep_0135,1728183057,,Interactive,xxlarge_32_64,xxlarge_64_128,32,64
vm_00567,sub_025,dep_0141,1740925328,,Interactive,xxlarge_32_64,xlarge_32_64,32,32
vm_00568,sub_026,dep_0145,1698278226,,Interactive,medium_4_8,xxlarge_64_128,4,64
vm_00569,sub_020,dep_0037,1690065519,,Interactive,xxlarge_32_64,xxlarge_64_128,32,64
vm_00570,sub_011,dep_0152,1725888027,,Delay-Insensitive,small_2_4,small_4_8,2,4
vm_00571,sub_028,dep_0092,1707257797,,Interactive,medium_4_8,xlarge_32_64,4,32
vm_00572,sub_007,dep_0095,1740828076,,Interactive,medium_4_8,medium_8_16,4,8
vm_00573,sub_010,dep_0067,1734662299,,Interactive,medium_4_8,xxlarge_64_128,4,64
vm_00574,sub_030,dep_0093,1740856443,,Interactive,xlarge_16_32,xxlarge_64_128,16,64
vm_00575,sub_029,dep_0016,1733462096,,Interactive,xlarge_16_32,xlarge_32_64,16,32
vm_00576,sub_041,dep_0105,1696577090,,Delay-Insensitive,large_8_16,medium_8_16,8,8
vm_00577,sub_006,dep_0020,1724795342,1741001414.0,Interactive,small_2_4,small_4_8,2,4
vm_00578,sub_005,dep_0003,1691119959,,Interactive,large_8_16,large_16_32,8,16
vm_00579,sub_007,dep_0157,1735146738,,Interactive,large_8_16,small_4_8,8,4
vm_00580,sub_009,dep_0012,1703857311,,Delay-Insensitive,xlarge_16_32,xxlarge_64_128,16,64
vm_00581,sub_030,dep_0126,1729403596,,Interactive,xxlarge_32_64,large_16_32,32,16
vm_00582,sub_012,dep_0054,1736315229,,Interactive,xlarge_16_32,large_16_32,16,16
vm_00583,sub_027,dep_0113,1712610003,,Interactive,xlarge_16_32,xlarge_32_64,16,32
vm_00584,sub_019,dep_0056,1696730582,,Interactive,large_8_16,xlarge_32_64,8,32
vm_00585,sub_043,dep_0074,1735646548,,Interactive,large_8_16,xlarge_32_64,8,32
vm_00586,sub_042,dep_0073,1721060863,,Interactive,xlarge_16_32,small_4_8,16,4
vm_00587,sub_019,dep_0086,1729449766,,Interactive,medium_4_8,medium_8_16,4,8
vm_00588,sub_024,dep_0064,1697316164,,Interactive,small_2_4,xxlarge_64_128,2,64
vm_00589,sub_016,dep_0032,1729726236,,Interactive,small_2_4,xlarge_32_64,2,32
vm_00590,sub_006,dep_0003,1713258648,,Interactive,small_2_4,xlarge_32_64,2,32
vm_00591,sub_020,dep_0045,1685041576,,Interactive,large_8_16,xxlarge_64_128,8,64
vm_00592,sub_037,dep_0132,1682013513,,Delay-Insensitive,small_2_4,xxlarge_64_128,2,64
vm_00593,sub_013,dep_0174,1693285734,,Interactive,xxlarge_32_64,xxlarge_64_128,32,64
vm_00594,sub_004,dep_0074,1689188780,,Interactive,small_2_4,xlarge_32_64,2,32
vm_00595,sub_036,dep_0005,1696307282,,Interactive,large_8_16,xxlarge_64_128,8,64
vm_00596,sub_041,dep_0108,1714250402,,Delay-Insensitive,large_8_16,large_16_32,8,16
vm_00597,sub_015,dep_0013,1727616643,,Interactive,large_8_16,medium_8_16,8,8
vm_00598,sub_029,dep_0106,1688078579,,Interactive,medium_4_8,xlarge_32_64,4,32
vm_00599,sub_011,dep_0058,1733991453,,Interactive,xlarge_16_32,small_4_8,16,4
vm_00600,sub_014,dep_0121,1733777664,,Interactive,xlarge_16_32,medium_8_16,16,8
vm_00601,sub_039,dep_0022,1685761181,,Interactive,medium_4_8,medium_8_16,4,8
vm_00602,sub_009,dep_0197,1694957027,,Delay-Insensitive,large_8_16,xlarge_32_64,8,32
vm_00603,sub_005,dep_0198,1706227803,,Delay-Insensitive,small_2_4,medium_8_16,2,8
vm_00604,sub_003,dep_0028,1708078123,,Interactive,medium_4_8,large_16_32,4,16
vm_00605,sub_003,dep_0181,1703211390,,Delay-Insensitive,xxlarge_32_64,large_16_32,32,16
vm_00606,sub_002,dep_0116,1698773398,,Interactive,small_2_4,xxlarge_64_128,2,64
vm_00607,sub_021,dep_0094,1730081310,,Interactive,medium_4_8,small_4_8,4,4
vm_00608,sub_010,dep_0002,1733315651,,Delay-Insensitive,xxlarge_32_64,xlarge_32_64,32,32
vm_00609,sub_032,dep_0189,1699132468,,Interactive,xlarge_16_32,medium_8_16,16,8
vm_00610,sub_018,dep_0032,1727058461,,Interactive,xxlarge_32_64,large_16_32,32,16
vm_00611,sub_001,dep_0050,1740882275,,Interactive,xxlarge_32_64,small_4_8,32,4
vm_00612,sub_044,dep_0038,1732888819,,Interactive,large_8_16,xxlarge_64_128,8,64
vm_00613,sub_029,dep_0120,1740862460,,Interactive,xlarge_16_32,xlarge_32_64,16,32
vm_00614,sub_036,dep_0024,1716721167,,Delay-Insensitive,large_8_16,small_4_8,8,4
vm_00615,sub_036,dep_0103,1735672215,,Interactive,xxlarge_32_64,xxlarge_64_128,32,64
vm_00616,sub_015,dep_0053,1709130938,,Interactive,xlarge_16_32,xlarge_32_64,16,32
vm_00617,sub_024,dep_0130,1727357911,,Interactive,large_8_16,xxlarge_64_128,8,64
vm_00618,sub_021,dep_0193,1680532344,,Delay-Insensitive,xxlarge_32_64,medium_8_16,32,8
vm_00619,sub_035,dep_0147,1729984042,,Interactive,large_8_16,large_16_32,8,16
vm_00620,sub_044,dep_0034,1714435158,,Delay-Insensitive,xlarge_16_32,xlarge_32_64,16,32
vm_00621,sub_007,dep_0033,1734659886,,Interactive,large_8_16,xlarge_32_64,8,32
vm_00622,sub_013,dep_0107,1719467446,,Interactive,medium_4_8,small_4_8,4,4
vm_00623,sub_034,dep_0087,1693097032,,Interactive,xlarge_16_32,small_4_8,16,4
vm_00624,sub_023,dep_0181,1702446826,,Interactive,small_2_4,medium_8_16,2,8
vm_00625,sub_043,dep_0142,1719230794,1741022402.0,Interactive,large_8_16,large_16_32,8,16
vm_00626,sub_037,dep_0121,1700823322,,Interactive,large_8_16,large_16_32,8,16
vm_00627,sub_023,dep_0096,1702541858,,Interactive,large_8_16,xxlarge_64_128,8,64
vm_00628,sub_044,dep_0008,1712647269,,Delay-Insensitive,large_8_16,xxlarge_64_128,8,64
vm_00629,sub_002,dep_0085,1683241998,,Interactive,large_8_16,large_16_32,8,16
vm_00630,sub_038,dep_0034,1733428299,,Interactive,medium_4_8,small_4_8,4,4
vm_00631,sub_019,dep_0051,1736170114,,Interactive,xlarge_16_32,xlarge_32_64,16,32
vm_00632,sub_011,dep_0065,1678583548,,Interactive,xlarge_16_32,large_16_32,16,16
vm_00633,sub_020,dep_0046,1740788292,1740963264.0,Interactive,large_8_16,small_4_8,8,4
vm_00634,sub_001,dep_0049,1686182008,,Interactive,medium_4_8,large_16_32,4,16
vm_00635,sub_043,dep_0060,1684715781,,Interactive,medium_4_8,large_16_32,4,16
vm_00636,sub_042,dep_0130,1704595024,,Interactive,xxlarge_32_64,small_4_8,32,4
vm_00637,sub_021,dep_0193,1717200595,,Delay-Insensitive,xlarge_16_32,small_4_8,16,4
vm_00638,sub_032,dep_0198,1733985127,1740893988.0,Interactive,xxlarge_32_64,small_4_8,32,4
vm_00639,sub_030,dep_0035,1706797566,,Delay-Insensitive,large_8_16,xxlarge_64_128,8,64
vm_00640,sub_027,dep_0183,1732562582,,Interactive,small_2_4,xxlarge_64_128,2,64
vm_00641,sub_010,dep_0071,1711051390,,Interactive,xlarge_16_32,large_16_32,16,16
vm_00642,sub_008,dep_0195,1733199526,1740963193.0,Interactive,large_8_16,large_16_32,8,16
vm_00643,sub_006,dep_0113,1708000963,,Interactive,medium_4_8,small_4_8,4,4
vm_00644,sub_031,dep_0006,1704528440,,Interactive,xxlarge_32_64,xxlarge_64_128,32,64
vm_00645,sub_017,dep_0092,1708770548,,Interactive,xlarge_16_32,small_4_8,16,4
vm_00646,sub_023,dep_0143,1688110334,,Interactive,large_8_16,xxlarge_64_128,8,64
vm_00647,sub_036,dep_0056,1701735166,,Interactive,medium_4_8,small_4_8,4,4
vm_00648,sub_020,dep_0100,1687018142,1740932488.0,Interactive,small_2_4,small_4_8,2,4
vm_00649,sub_041,dep_0137,1684508243,,Interactive,xxlarge_32_64,xlarge_32_64,32,32
vm_00650,sub_034,dep_0094,1736540389,,Interactive,large_8_16,xxlarge_64_128,8,64
vm_00651,sub_042,dep_0171,1725397476,,Delay-Insensitive,large_8_16,small_4_8,8,4
vm_00652,sub_027,dep_0008,1730437181,,Interactive,xxlarge_32_64,small_4_8,32,4
vm_00653,sub_008,dep_0016,1740824592,,Interactive,xxlarge_32_64,xxlarge_64_128,32,64
vm_00654,sub_018,dep_0034,1713349094,,Interactive,xlarge_16_32,large_16_32,16,16
vm_00655,sub_014,dep_0070,1709661600,,Interactive,large_8_16,xxlarge_64_128,8,64
vm_00656,sub_042,dep_0005,1691492642,,Interactive,medium_4_8,large_16_32,4,16
vm_00657,sub_019,dep_0186,1688617414,,Delay-Insensitive,large_8_16,xlarge_32_64,8,32
vm_00658,sub_024,dep_0136,1683386893,,Delay-Insensitive,xlarge_16_32,medium_8_16,16,8
vm_00659,sub_010,dep_0184,1734638913,,Interactive,small_2_4,medium_8_16,2,8
vm_00660,sub_011,dep_0003,1736557822,1741004993.0,Interactive,medium_4_8,small_4_8,4,4
vm_00661,sub_005,dep_0016,1737113961,,Interactive,large_8_16,xxlarge_64_128,8,64
vm_00662,sub_019,dep_0166,1691865500,,Interactive,medium_4_8,xxlarge_64_128,4,64
vm_00663,sub_040,dep_0171,1708402967,,Interactive,xlarge_16_32,xlarge_32_64,16,32
vm_00664,sub_041,dep_0131,1693337767,,Interactive,xxlarge_32_64,xlarge_32_64,32,32
vm_00665,sub_026,dep_0143,1690989032,,Delay-Insensitive,large_8_16,small_4_8,8,4
vm_00666,sub_009,dep_0033,1707226904,,Interactive,large_8_16,large_16_32,8,16
vm_00667,sub_023,dep_0059,1680201509,,Interactive,xlarge_16_32,xxlarge_64_128,16,64
vm_00668,sub_037,dep_0144,1682839235,,Interactive,medium_4_8,large_16_32,4,16
vm_00669,sub_029,dep_0109,1723213651,,Interactive,small_2_4,xlarge_32_64,2,32
vm_00670,sub_035,dep_0149,1728699156,,Interactive,large_8_16,medium_8_16,8,8
vm_00671,sub_041,dep_0074,1704898963,,Interactive,xlarge_16_32,large_16_32,16,16
vm_00672,sub_028,dep_0051,1735033184,,Interactive,xxlarge_32_64,xlarge_32_64,32,32
vm_00673,sub_022,dep_0128,1697216507,,Interactive,xxlarge_32_64,small_4_8,32,4
vm_00674,sub_025,dep_0027,1702378512,,Interactive,small_2_4,medium_8_16,2,8
vm_00675,sub_037,dep_0149,1740925550,,Interactive,xxlarge_32_64,medium_8_16,32,8
vm_00676,sub_020,dep_0008,1723904375,,Interactive,large_8_16,medium_8_16,8,8
vm_00677,sub_020,dep_0098,1683483907,,Interactive,xlarge_16_32,xxlarge_64_128,16,64
vm_00678,sub_040,dep_0132,1740932739,,Interactive,large_8_16,small_4_8,8,4
vm_00679,sub_002,dep_0146,1719544125,,Interactive,xlarge_16_32,small_4_8,16,4
vm_00680,sub_026,dep_0033,1679568677,,Interactive,large_8_16,medium_8_16,8,8
vm_00681,sub_012,dep_0015,1740946720,,Interactive,xxlarge_32_64,medium_8_16,32,8
vm_00682,sub_019,dep_0194,1705758580,,Interactive,small_2_4,medium_8_16,2,8
vm_00683,sub_038,dep_0065,1714073170,,Interactive,xxlarge_32_64,xlarge_32_64,32,32
vm_00684,sub_009,dep_0199,1705921867,,Interactive,xlarge_16_32,xlarge_32_64,16,32
vm_00685,sub_022,dep_0018,1736749477,,Interactive,small_2_4,medium_8_16,2,8
vm_00686,sub_020,dep_0079,1700814095,,Interactive,xlarge_16_32,xlarge_32_64,16,32
vm_00687,sub_026,dep_0171,1692722933,,Interactive,medium_4_8,xlarge_32_64,4,32
vm_00688,sub_027,dep_0152,1720031867,,Interactive,xxlarge_32_64,medium_8_16,32,8
vm_00689,sub_038,dep_0006,1682115059,,Interactive,large_8_16,large_16_32,8,16
vm_00690,sub_028,dep_0063,1724020707,,Interactive,large_8_16,xxlarge_64_128,8,64
vm_00691,sub_029,dep_0140,1736959457,,Interactive,large_8_16,large_16_32,8,16
vm_00692,sub_006,dep_0071,1740792320,,Interactive,small_2_4,small_4_8,2,4
vm_00693,sub_021,dep_0136,1710270339,1740860750.0,Interactive,medium_4_8,medium_8_16,4,8
vm_00694,sub_034,dep_0079,1686087672,,Interactive,medium_4_8,medium_8_16,4,8
vm_00695,sub_004,dep_0032,1723521218,,Interactive,small_2_4,xxlarge_64_128,2,64
vm_00696,sub_025,dep_0017,1682447502,,Interactive,medium_4_8,small_4_8,4,4
vm_00697,sub_041,dep_0015,1686867718,,Interactive,xxlarge_32_64,large_16_32,32,16
vm_00698,sub_038,dep_0134,1680977700,,Interactive,xlarge_16_32,xlarge_32_64,16,32
vm_00699,sub_038,dep_0047,1682992873,,Interactive,xlarge_16_32,large_16_32,16,16
vm_00700,sub_044,dep_0043,1730185791,,Interactive,small_2_4,medium_8_16,2,8
vm_00701,sub_016,dep_0130,1740894869,,Interactive,small_2_4,large_16_32,2,16
vm_00702,sub_004,dep_0030,1694779569,,Interactive,xxlarge_32_64,xxlarge_64_128,32,64
vm_00703,sub_026,dep_0027,1709949930,,Interactive,xxlarge_32_64,xlarge_32_64,32,32
vm_00704,sub_042,dep_0184,1699020964,,Interactive,xlarge_16_32,large_16_32,16,16
vm_00705,sub_008,dep_0053,1686819750,,Interactive,xxlarge_32_64,medium_8_16,32,8
vm_00706,sub_038,dep_0068,1695625715,1740955294.0,Interactive,xlarge_16_32,medium_8_16,16,8
vm_00707,sub_000,dep_0086,1730696285,,Interactive,xxlarge_32_64,medium_8_16,32,8
vm_00708,sub_038,dep_0092,1682650598,,Interactive,small_2_4,xlarge_32_64,2,32
vm_00709,sub_018,dep_0081,1698079372,,Delay-Insensitive,large_8_16,small_4_8,8,4
vm_00710,sub_018,dep_0090,1728779965,,Interactive,xxlarge_32_64,large_16_32,32,16
vm_00711,sub_015,dep_0138,1681435483,,Interactive,small_2_4,large_16_32,2,16
vm_00712,sub_030,dep_0028,1736083493,,Interactive,medium_4_8,xxlarge_64_128,4,64
vm_00713,sub_015,dep_0152,1694840032,1741031914.0,Interactive,xlarge_16_32,small_4_8,16,4
vm_00714,sub_020,dep_0154,1721228791,,Interactive,medium_4_8,medium_8_16,4,8
vm_00715,sub_017,dep_0133,1694225288,,Interactive,xlarge_16_32,large_16_32,16,16
vm_00716,sub_043,dep_0152,1709282477,,Interactive,medium_4_8,large_16_32,4,16
vm_00717,sub_019,dep_0033,1720236346,,Interactive,medium_4_8,xxlarge_64_128,4,64
vm_00718,sub_040,dep_0012,1711846636,,Interactive,large_8_16,medium_8_16,8,8
vm_00719,sub_008,dep_0108,1707555359,,Interactive,small_2_4,small_4_8,2,4
vm_00720,sub_036,dep_0011,1695245728,,Interactive,xlarge_16_32,small_4_8,16,4
vm_00721,sub_039,dep_0181,1682787556,,Interactive,xlarge_16_32,large_16_32,16,16
vm_00722,sub_028,dep_0003,1720515354,,Interactive,small_2_4,small_4_8,2,4
vm_00723,sub_026,dep_0123,1733865600,,Delay-Insensitive,medium_4_8,large_16_32,4,16
vm_00724,sub_016,dep_0162,1736416817,,Delay-Insensitive,xxlarge_32_64,small_4_8,32,4
vm_00725,sub_014,dep_0100,1678353875,,Interactive,xxlarge_32_64,xlarge_32_64,32,32
vm_00726,sub_012,dep_0017,1697283294,,Interactive,xxlarge_32_64,large_16_32,32,16
vm_00727,sub_020,dep_0189,1699240827,1740791552.0,Interactive,large_8_16,small_4_8,8,4
vm_00728,sub_024,dep_0061,1733240686,,Interactive,small_2_4,large_16_32,2,16
vm_00729,sub_039,dep_0142,1740951374,,Delay-Insensitive,medium_4_8,large_16_32,4,16
vm_00730,sub_041,dep_0191,1708494572,,Interactive,xlarge_16_32,large_16_32,16,16
vm_00731,sub_037,dep_0113,1697118346,,Interactive,xxlarge_32_64,small_4_8,32,4
vm_00732,sub_003,dep_0081,1710215319,,Interactive,large_8_16,medium_8_16,8,8
vm_00733,sub_030,dep_0077,1725744319,,Interactive,large_8_16,large_16_32,8,16
vm_00734,sub_040,dep_0110,1723899329,,Interactive,xxlarge_32_64,medium_8_16,32,8
vm_00735,sub_018,dep_0167,1678881525,,Interactive,large_8_16,xlarge_32_64,8,32
vm_00736,sub_001,dep_0136,1683220513,,Interactive,small_2_4,xlarge_32_64,2,32
vm_00737,sub_000,dep_0164,1713850223,,Interactive,xlarge_16_32,xxlarge_64_128,16,64
vm_00738,sub_000,dep_0060,1721567332,,Delay-Insensitive,small_2_4,xlarge_32_64,2,32
vm_00739,sub_009,dep_0014,1736092775,,Interactive,large_8_16,small_4_8,8,4
vm_00740,sub_027,dep_0004,1680765039,,Interactive,xxlarge_32_64,small_4_8,32,4
vm_00741,sub_034,dep_0182,1681569208,,Interactive,small_2_4,xxlarge_64_128,2,64
vm_00742,sub_023,dep_0048,1711431132,,Interactive,small_2_4,medium_8_16,2,8
vm_00743,sub_009,dep_0064,1690220289,,Interactive,xlarge_16_32,large_16_32,16,16
vm_00744,sub_031,dep_0171,1702098479,,Interactive,medium_4_8,xxlarge_64_128,4,64
vm_00745,sub_044,dep_0198,1699449559,,Delay-Insensitive,small_2_4,xlarge_32_64,2,32
vm_00746,sub_044,dep_0101,1696343442,,Interactive,medium_4_8,xlarge_32_64,4,32
vm_00747,sub_008,dep_0028,1684342875,,Delay-Insensitive,xlarge_16_32,large_16_32,16,16
vm_00748,sub_035,dep_0024,1730835372,,Interactive,xlarge_16_32,large_16_32,16,16
vm_00749,sub_036,dep_0023,1734271827,,Interactive,xxlarge_32_64,xxlarge_64_128,32,64
vm_00750,sub_025,dep_0175,1714627887,,Delay-Insensitive,xlarge_16_32,xxlarge_64_128,16,64
vm_00751,sub_032,dep_0105,1718788616,,Interactive,xxlarge_32_64,medium_8_16,32,8
vm_00752,sub_035,dep_0072,1723020186,,Interactive,xlarge_16_32,medium_8_16,16,8
vm_00753,sub_002,dep_0125,1715090050,,Interactive,large_8_16,small_4_8,8,4
vm_00754,sub_029,dep_0138,1702198655,,Interactive,xxlarge_32_64,small_4_8,32,4
vm_00755,sub_010,dep_0086,1740895386,,Interactive,xlarge_16_32,medium_8_16,16,8
vm_00756,sub_002,dep_0097,1694973764,,Interactive,xxlarge_32_64,xlarge_32_64,32,32
vm_00757,sub_027,dep_0124,1736991425,1740869690.0,Interactive,medium_4_8,small_4_8,4,4
vm_00758,sub_026,dep_0011,1682634367,,Interactive,small_2_4,medium_8_16,2,8
vm_00759,sub_029,dep_0062,1740945140,,Interactive,large_8_16,medium_8_16,8,8
vm_00760,sub_008,dep_0050,1704693311,,Interactive,small_2_4,medium_8_16,2,8
vm_00761,sub_014,dep_0044,1695631203,,Interactive,small_2_4,medium_8_16,2,8
vm_00762,sub_009,dep_0052,1717710695,,Interactive,xxlarge_32_64,medium_8_16,32,8
vm_00763,sub_037,dep_0140,1711608956,,Interactive,xlarge_16_32,xlarge_32_64,16,32
vm_00764,sub_032,dep_0012,1679677690,,Interactive,xlarge_16_32,large_16_32,16,16
vm_00765,sub_016,dep_0167,1701855830,,Interactive,medium_4_8,large_16_32,4,16
vm_00766,sub_019,dep_0146,1690490477,,Delay-Insensitive,medium_4_8,xlarge_32_64,4,32
vm_00767,sub_013,dep_0122,1686687903,,Interactive,large_8_16,xxlarge_64_128,8,64
vm_00768,sub_034,dep_0043,1740951639,,Interactive,xlarge_16_32,small_4_8,16,4
vm_00769,sub_036,dep_0166,1740829671,,Interactive,small_2_4,large_16_32,2,16
vm_00770,sub_025,dep_0107,1708625365,,Interactive,xxlarge_32_64,medium_8_16,32,8
vm_00771,sub_007,dep_0144,1704953348,1740931988.0,Interactive,xxlarge_32_64,xlarge_32_64,32,32
vm_00772,sub_001,dep_0071,1682437399,,Interactive,small_2_4,medium_8_16,2,8
vm_00773,sub_020,dep_0119,1724361045,,Interactive,medium_4_8,medium_8_16,4,8
vm_00774,sub_037,dep_0034,1729152731,,Interactive,xxlarge_32_64,large_16_32,32,16
vm_00775,sub_018,dep_0197,1740801170,,Interactive,medium_4_8,small_4_8,4,4
vm_00776,sub_020,dep_0072,1713263491,,Delay-Insensitive,large_8_16,xxlarge_64_128,8,64
vm_00777,sub_037,dep_0046,1701534085,,Delay-Insensitive,small_2_4,xlarge_32_64,2,32
vm_00778,sub_038,dep_0032,1701036092,,Interactive,large_8_16,xxlarge_64_128,8,64
vm_00779,sub_027,dep_0067,1712622545,,Interactive,xlarge_16_32,xxlarge_64_128,16,64
vm_00780,sub_022,dep_0139,1701818444,1740892713.0,Interactive,xxlarge_32_64,small_4_8,32,4
vm_00781,sub_019,dep_0024,1704671249,1740954292.0,Interactive,xlarge_16_32,medium_8_16,16,8
vm_00782,sub_014,dep_0095,1720072556,,Delay-Insensitive,medium_4_8,small_4_8,4,4
vm_00783,sub_010,dep_0142,1686385062,,Delay-Insensitive,large_8_16,small_4_8,8,4
vm_00784,sub_003,dep_0179,1681983552,,Interactive,xlarge_16_32,xlarge_32_64,16,32
vm_00785,sub_003,dep_0130,1729376748,,Interactive,xlarge_16_32,medium_8_16,16,8
vm_00786,sub_003,dep_0060,1718554193,,Interactive,medium_4_8,large_16_32,4,16
vm_00787,sub_029,dep_0100,1701155483,,Delay-Insensitive,large_8_16,small_4_8,8,4
vm_00788,sub_031,dep_0167,1718127173,,Interactive,medium_4_8,xxlarge_64_128,4,64
vm_00789,sub_000,dep_0194,1701700523,,Interactive,xxlarge_32_64,small_4_8,32,4
vm_00790,sub_038,dep_0065,1738001199,1740819455.0,Interactive,large_8_16,large_16_32,8,16
vm_00791,sub_033,dep_0024,1703571031,,Interactive,small_2_4,medium_8_16,2,8
vm_00792,sub_015,dep_0041,1721962679,,Interactive,small_2_4,xxlarge_64_128,2,64
vm_00793,sub_028,dep_0003,1727899672,,Interactive,large_8_16,xxlarge_64_128,8,64
vm_00794,sub_020,dep_0028,1683787444,,Interactive,small_2_4,small_4_8,2,4
vm_00795,sub_013,dep_0014,1711055918,1740874276.0,Delay-Insensitive,xxlarge_32_64,large_16_32,32,16
vm_00796,sub_035,dep_0088,1732221902,,Interactive,small_2_4,xxlarge_64_128,2,64
vm_00797,sub_036,dep_0041,1679228002,,Interactive,medium_4_8,small_4_8,4,4
vm_00798,sub_019,dep_0127,1700278957,1740969721.0,Interactive,large_8_16,large_16_32,8,16
vm_00799,sub_038,dep_0130,1719691768,,Interactive,large_8_16,small_4_8,8,4
vm_00800,sub_017,dep_0051,1732598003,1740911435.0,Interactive,large_8_16,small_4_8,8,4
vm_00801,sub_019,dep_0103,1716896012,,Delay-Insensitive,large_8_16,xxlarge_64_128,8,64
vm_00802,sub_011,dep_0009,1740813960,,Interactive,small_2_4,large_16_32,2,16
vm_00803,sub_043,dep_0119,1709531917,,Interactive,small_2_4,xxlarge_64_128,2,64
vm_00804,sub_033,dep_0035,1692443959,,Delay-Insensitive,xxlarge_32_64,xxlarge_64_128,32,64
vm_00805,sub_017,dep_0156,1740818283,,Interactive,medium_4_8,medium_8_16,4,8
vm_00806,sub_028,dep_0089,1719619900,,Delay-Insensitive,small_2_4,xxlarge_64_128,2,64
vm_00807,sub_044,dep_0063,1721142774,,Delay-Insensitive,xxlarge_32_64,xlarge_32_64,32,32
vm_00808,sub_007,dep_0002,1701099234,,Interactive,medium_4_8,small_4_8,4,4
vm_00809,sub_012,dep_0198,1680279653,,Interactive,large_8_16,medium_8_16,8,8
vm_00810,sub_041,dep_0007,1717327908,1740807586.0,Interactive,medium_4_8,xlarge_32_64,4,32
vm_00811,sub_006,dep_0106,1699839800,1740876973.0,Interactive,large_8_16,xlarge_32_64,8,32
vm_00812,sub_011,dep_0148,1711718970,,Interactive,small_2_4,xlarge_32_64,2,32
vm_00813,sub_031,dep_0053,1718132284,,Interactive,large_8_16,medium_8_16,8,8
vm_00814,sub_038,dep_0059,1735634511,,Interactive,xxlarge_32_64,xlarge_32_64,32,32
vm_00815,sub_009,dep_0082,1692029030,,Interactive,xlarge_16_32,xlarge_32_64,16,32
vm_00816,sub_014,dep_0083,1740943473,,Interactive,xlarge_16_32,xlarge_32_64,16,32
vm_00817,sub_006,dep_0096,1686897736,,Interactive,large_8_16,xlarge_32_64,8,32
vm_00818,sub_026,dep_0029,1690775197,,Delay-Insensitive,xxlarge_32_64,medium_8_16,32,8
vm_00819,sub_030,dep_0147,1706685098,,Delay-Insensitive,large_8_16,large_16_32,8,16
vm_00820,sub_042,dep_0037,1724943024,,Interactive,xlarge_16_32,medium_8_16,16,8
vm_00821,sub_020,dep_0042,1713825985,,Interactive,xlarge_16_32,small_4_8,16,4
vm_00822,sub_013,dep_0062,1710149941,,Interactive,large_8_16,small_4_8,8,4
vm_00823,sub_009,dep_0147,1722547978,,Interactive,small_2_4,small_4_8,2,4
vm_00824,sub_022,dep_0163,1716745631,,Interactive,small_2_4,large_16_32,2,16
vm_00825,sub_032,dep_0066,1695817942,,Interactive,xlarge_16_32,medium_8_16,16,8
vm_00826,sub_034,dep_0157,1716821147,,Delay-Insensitive,small_2_4,small_4_8,2,4
vm_00827,sub_036,dep_0029,1740838413,,Interactive,small_2_4,xlarge_32_64,2,32
vm_00828,sub_011,dep_0018,1698397406,,Interactive,xlarge_16_32,xxlarge_64_128,16,64
vm_00829,sub_005,dep_0031,1733723937,,Delay-Insensitive,small_2_4,xxlarge_64_128,2,64
vm_00830,sub_033,dep_0107,1721832964,,Interactive,xxlarge_32_64,large_16_32,32,16
vm_00831,sub_007,dep_0123,1684087499,,Interactive,small_2_4,large_16_32,2,16
vm_00832,sub_028,dep_0022,1726587715,,Interactive,large_8_16,large_16_32,8,16
vm_00833,sub_035,dep_0186,1729521347,,Interactive,medium_4_8,small_4_8,4,4
vm_00834,sub_041,dep_0136,1740798074,,Interactive,large_8_16,xlarge_32_64,8,32
vm_00835,sub_003,dep_0000,1698347057,1741046105.0,Interactive,small_2_4,large_16_32,2,16
vm_00836,sub_039,dep_0125,1740921024,,Interactive,small_2_4,xxlarge_64_128,2,64
vm_00837,sub_020,dep_0172,1698082565,,Interactive,large_8_16,xxlarge_64_128,8,64
vm_00838,sub_011,dep_0127,1704756880,,Interactive,medium_4_8,medium_8_16,4,8
vm_00839,sub_021,dep_0080,1685281305,,Interactive,large_8_16,medium_8_16,8,8
vm_00840,sub_021,dep_0071,1732905754,,Delay-Insensitive,large_8_16,small_4_8,8,4
vm_00841,sub_028,dep_0088,1726538110,,Delay-Insensitive,small_2_4,large_16_32,2,16
vm_00842,sub_041,dep_0027,1686628459,,Interactive,large_8_16,xlarge_32_64,8,32
vm_00843,sub_037,dep_0069,1717442237,,Delay-Insensitive,small_2_4,xlarge_32_64,2,32
vm_00844,sub_004,dep_0192,1709185392,1740882945.0,Delay-Insensitive,large_8_16,medium_8_16,8,8
vm_00845,sub_013,dep_0141,1703245705,,Interactive,large_8_16,large_16_32,8,16
vm_00846,sub_027,dep_0035,1720785343,,Interactive,xlarge_16_32,xxlarge_64_128,16,64
vm_00847,sub_030,dep_0051,1717337329,,Interactive,xxlarge_32_64,medium_8_16,32,8
vm_00848,sub_027,dep_0132,1740817385,,Interactive,xxlarge_32_64,medium_8_16,32,8
vm_00849,sub_000,dep_0069,1689017072,,Interactive,large_8_16,xxlarge_64_128,8,64
vm_00850,sub_032,dep_0150,1678789880,,Interactive,xxlarge_32_64,small_4_8,32,4
vm_00851,sub_032,dep_0041,1693501438,,Interactive,large_8_16,medium_8_16,8,8
vm_00852,sub_012,dep_0116,1701077789,,Interactive,large_8_16,xxlarge_64_128,8,64
vm_00853,sub_018,dep_0100,1740793088,,Interactive,medium_4_8,xlarge_32_64,4,32
vm_00854,sub_019,dep_0111,1740942250,,Interactive,large_8_16,medium_8_16,8,8
vm_00855,sub_002,dep_0156,1701622251,,Interactive,large_8_16,large_16_32,8,16
vm_00856,sub_043,dep_0121,1724475828,,Interactive,medium_4_8,xxlarge_64_128,4,64
vm_00857,sub_039,dep_0121,1728275909,1740946494.0,Interactive,medium_4_8,medium_8_16,4,8
vm_00858,sub_018,dep_0194,1723784575,,Interactive,small_2_4,small_4_8,2,4
vm_00859,sub_022,dep_0009,1697752541,,Interactive,large_8_16,large_16_32,8,16
vm_00860,sub_016,dep_0164,1735022974,,Interactive,small_2_4,xlarge_32_64,2,32
vm_00861,sub_005,dep_0088,1711910333,,Interactive,medium_4_8,xxlarge_64_128,4,64
vm_00862,sub_041,dep_0031,1695459423,,Interactive,medium_4_8,medium_8_16,4,8
vm_00863,sub_002,dep_0041,1737264011,,Interactive,small_2_4,large_16_32,2,16
vm_00864,sub_037,dep_0116,1696292572,,Interactive,large_8_16,xxlarge_64_128,8,64
vm_00865,sub_044,dep_0115,1740876345,,Interactive,xxlarge_32_64,medium_8_16,32,8
vm_00866,sub_007,dep_0170,1685984267,,Interactive,xxlarge_32_64,xxlarge_64_128,32,64
vm_00867,sub_011,dep_0109,1726384837,,Interactive,large_8_16,xlarge_32_64,8,32
vm_00868,sub_013,dep_0116,1737839570,,Interactive,large_8_16,xxlarge_64_128,8,64
vm_00869,sub_034,dep_0133,1688379367,1741035887.0,Delay-Insensitive,xxlarge_32_64,medium_8_16,32,8
vm_00870,sub_024,dep_0154,1687434120,,Interactive,large_8_16,large_16_32,8,16
vm_00871,sub_008,dep_0044,1713905466,,Interactive,xxlarge_32_64,xlarge_32_64,32,32
vm_00872,sub_039,dep_0199,1692025551,1740961444.0,Interactive,xxlarge_32_64,xlarge_32_64,32,32
vm_00873,sub_006,dep_0055,1740842934,,Delay-Insensitive,xxlarge_32_64,xxlarge_64_128,32,64
vm_00874,sub_042,dep_0192,1708625742,,Delay-Insensitive,xlarge_16_32,xxlarge_64_128,16,64
vm_00875,sub_013,dep_0179,1694675305,,Delay-Insensitive,xlarge_16_32,medium_8_16,16,8
vm_00876,sub_043,dep_0046,1740858066,,Interactive,small_2_4,small_4_8,2,4
vm_00877,sub_010,dep_0028,1692660667,,Interactive,small_2_4,medium_8_16,2,8
vm_00878,sub_040,dep_0068,1723261002,,Interactive,small_2_4,small_4_8,2,4
vm_00879,sub_037,dep_0149,1716518727,,Interactive,xxlarge_32_64,xxlarge_64_128,32,64
vm_00880,sub_031,dep_0141,1718725922,1740845116.0,Delay-Insensitive,xxlarge_32_64,medium_8_16,32,8
vm_00881,sub_044,dep_0026,1740936148,,Interactive,xxlarge_32_64,small_4_8,32,4
vm_00882,sub_044,dep_0092,1685019621,,Interactive,xxlarge_32_64,xxlarge_64_128,32,64
vm_00883,sub_034,dep_0132,1683899576,,Delay-Insensitive,medium_4_8,small_4_8,4,4
vm_00884,sub_030,dep_0152,1714236245,,Delay-Insensitive,large_8_16,large_16_32,8,16
vm_00885,sub_015,dep_0150,1691494401,1741002425.0,Interactive,medium_4_8,xlarge_32_64,4,32
vm_00886,sub_023,dep_0049,1708471259,,Interactive,xlarge_16_32,xlarge_32_64,16,32
vm_00887,sub_021,dep_0144,1713395345,,Interactive,medium_4_8,medium_8_16,4,8
vm_00888,sub_011,dep_0103,1694138236,,Interactive,large_8_16,small_4_8,8,4
vm_00889,sub_010,dep_0019,1718063419,,Interactive,xlarge_16_32,xxlarge_64_128,16,64
vm_00890,sub_016,dep_0122,1721708211,,Delay-Insensitive,xxlarge_32_64,large_16_32,32,16
vm_00891,sub_031,dep_0020,1740940853,,Interactive,medium_4_8,small_4_8,4,4
vm_00892,sub_028,dep_0164,1680067300,1740852327.0,Delay-Insensitive,xxlarge_32_64,xxlarge_64_128,32,64
vm_00893,sub_012,dep_0129,1709757998,1740943144.0,Interactive,large_8_16,large_16_32,8,16
vm_00894,sub_032,dep_0043,1709847984,,Interactive,large_8_16,medium_8_16,8,8
vm_00895,sub_005,dep_0095,1730971896,,Interactive,small_2_4,large_16_32,2,16
vm_00896,sub_014,dep_0098,1725814713,,Interactive,small_2_4,xlarge_32_64,2,32
vm_00897,sub_033,dep_0168,1735653187,,Delay-Insensitive,xlarge_16_32,medium_8_16,16,8
vm_00898,sub_031,dep_0155,1705798982,1741006833.0,Interactive,xxlarge_32_64,large_16_32,32,16
vm_00899,sub_031,dep_0027,1725739974,1741003177.0,Interactive,large_8_16,large_16_32,8,16
vm_00900,sub_028,dep_0153,1729938504,,Delay-Insensitive,medium_4_8,xxlarge_64_128,4,64
vm_00901,sub_025,dep_0118,1706200639,,Delay-Insensitive,small_2_4,large_16_32,2,16
vm_00902,sub_006,dep_0149,1705956055,1740907922.0,Delay-Insensitive,xlarge_16_32,xxlarge_64_128,16,64
vm_00903,sub_036,dep_0049,1694072388,,Interactive,large_8_16,small_4_8,8,4
vm_00904,sub_010,dep_0110,1719480651,,Delay-Insensitive,small_2_4,xxlarge_64_128,2,64
vm_00905,sub_031,dep_0159,1724392260,,Interactive,xlarge_16_32,xlarge_32_64,16,32
vm_00906,sub_023,dep_0073,1722216889,,Delay-Insensitive,small_2_4,large_16_32,2,16
vm_00907,sub_002,dep_0042,1687851235,,Interactive,medium_4_8,large_16_32,4,16
vm_00908,sub_007,dep_0196,1697791174,1740807867.0,Interactive,xlarge_16_32,large_16_32,16,16
vm_00909,sub_015,dep_0124,1723640478,,Interactive,large_8_16,medium_8_16,8,8
vm_00910,sub_044,dep_0136,1709426061,,Delay-Insensitive,medium_4_8,small_4_8,4,4
vm_00911,sub_006,dep_0107,1728501921,,Interactive,medium_4_8,xxlarge_64_128,4,64
vm_00912,sub_001,dep_0106,1703683513,,Delay-Insensitive,xlarge_16_32,xlarge_32_64,16,32
vm_00913,sub_044,dep_0114,1740906056,,Interactive,xxlarge_32_64,large_16_32,32,16
vm_00914,sub_036,dep_0014,1716581343,,Interactive,xxlarge_32_64,xxlarge_64_128,32,64
vm_00915,sub_044,dep_0170,1734508440,,Interactive,small_2_4,large_16_32,2,16
vm_00916,sub_000,dep_0108,1682538842,,Delay-Insensitive,medium_4_8,xlarge_32_64,4,32
vm_00917,sub_020,dep_0195,1688402491,,Interactive,small_2_4,large_16_32,2,16
vm_00918,sub_039,dep_0145,1731818215,,Delay-Insensitive,xlarge_16_32,xxlarge_64_128,16,64
vm_00919,sub_012,dep_0004,1715900958,,Delay-Insensitive,small_2_4,large_16_32,2,16
vm_00920,sub_009,dep_0080,1693450516,,Delay-Insensitive,large_8_16,xxlarge_64_128,8,64
vm_00921,sub_037,dep_0078,1677916778,,Interactive,large_8_16,xxlarge_64_128,8,64
vm_00922,sub_024,dep_0154,1729103019,,Interactive,large_8_16,large_16_32,8,16
vm_00923,sub_004,dep_0177,1730080671,,Interactive,medium_4_8,xxlarge_64_128,4,64
vm_00924,sub_014,dep_0061,1688033622,,Interactive,medium_4_8,small_4_8,4,4
vm_00925,sub_000,dep_0005,1740810782,1740897062.0,Interactive,large_8_16,large_16_32,8,16
vm_00926,sub_038,dep_0013,1700344198,1740815016.0,Delay-Insensitive,small_2_4,xlarge_32_64,2,32
vm_00927,sub_023,dep_0098,1733157868,,Interactive,small_2_4,xlarge_32_64,2,32
vm_00928,sub_005,dep_0026,1735106300,,Interactive,small_2_4,xlarge_32_64,2,32
vm_00929,sub_017,dep_0027,1734259306,,Delay-Insensitive,xlarge_16_32,large_16_32,16,16
vm_00930,sub_019,dep_0047,1694446863,,Interactive,large_8_16,xxlarge_64_128,8,64
vm_00931,sub_021,dep_0052,1701887758,,Interactive,xxlarge_32_64,xxlarge_64_128,32,64
vm_00932,sub_005,dep_0092,1697858205,,Delay-Insensitive,small_2_4,xlarge_32_64,2,32
vm_00933,sub_014,dep_0101,1696651594,1740851405.0,Interactive,small_2_4,small_4_8,2,4
vm_00934,sub_014,dep_0145,1731140456,,Interactive,medium_4_8,small_4_8,4,4
vm_00935,sub_008,dep_0032,1740900166,,Interactive,xxlarge_32_64,medium_8_16,32,8
vm_00936,sub_030,dep_0130,1732396406,,Interactive,large_8_16,xlarge_32_64,8,32
vm_00937,sub_036,dep_0039,1691836249,,Interactive,xlarge_16_32,xxlarge_64_128,16,64
vm_00938,sub_000,dep_0060,1732326804,1740856697.0,Interactive,medium_4_8,medium_8_16,4,8
vm_00939,sub_038,dep_0130,1717565349,,Interactive,xxlarge_32_64,xxlarge_64_128,32,64
vm_00940,sub_044,dep_0112,1698143690,,Interactive,xxlarge_32_64,medium_8_16,32,8
vm_00941,sub_043,dep_0074,1678282214,,Interactive,medium_4_8,medium_8_16,4,8
vm_00942,sub_029,dep_0017,1700870012,,Interactive,xxlarge_32_64,large_16_32,32,16
vm_00943,sub_009,dep_0027,1700523741,,Interactive,xlarge_16_32,xlarge_32_64,16,32
vm_00944,sub_035,dep_0195,1709572304,,Interactive,xlarge_16_32,small_4_8,16,4
vm_00945,sub_012,dep_0029,1708056576,,Delay-Insensitive,large_8_16,large_16_32,8,16
vm_00946,sub_022,dep_0149,1729357688,1741006496.0,Interactive,small_2_4,medium_8_16,2,8
vm_00947,sub_024,dep_0075,1697980823,,Interactive,xxlarge_32_64,medium_8_16,32,8
vm_00948,sub_025,dep_0101,1725132782,,Interactive,small_2_4,xxlarge_64_128,2,64
vm_00949,sub_019,dep_0191,1709806974,,Interactive,small_2_4,medium_8_16,2,8
vm_00950,sub_037,dep_0133,1716901233,,Delay-Insensitive,large_8_16,large_16_32,8,16
vm_00951,sub_001,dep_0028,1712409671,,Delay-Insensitive,xxlarge_32_64,xlarge_32_64,32,32
vm_00952,sub_007,dep_0166,1679921428,,Interactive,small_2_4,xlarge_32_64,2,32
vm_00953,sub_041,dep_0165,1740887488,,Interactive,medium_4_8,medium_8_16,4,8
vm_00954,sub_031,dep_0144,1684675501,1740903962.0,Interactive,small_2_4,small_4_8,2,4
vm_00955,sub_020,dep_0013,1689746116,1740998299.0,Delay-Insensitive,large_8_16,small_4_8,8,4
vm_00956,sub_029,dep_0131,1736054841,,Interactive,medium_4_8,small_4_8,4,4
vm_00957,sub_044,dep_0167,1692417767,1740888170.0,Interactive,medium_4_8,xlarge_32_64,4,32
vm_00958,sub_040,dep_0180,1715719334,,Interactive,medium_4_8,xxlarge_64_128,4,64
vm_00959,sub_042,dep_0128,1730231391,,Delay-Insensitive,xxlarge_32_64,xlarge_32_64,32,32
vm_00960,sub_023,dep_0067,1687158079,,Interactive,xxlarge_32_64,medium_8_16,32,8
vm_00961,sub_038,dep_0031,1686870935,,Interactive,xlarge_16_32,large_16_32,16,16
vm_00962,sub_022,dep_0070,1737584545,,Delay-Insensitive,xxlarge_32_64,small_4_8,32,4
vm_00963,sub_012,dep_0021,1724230307,,Interactive,xlarge_16_32,xxlarge_64_128,16,64
vm_00964,sub_018,dep_0090,1722384135,,Interactive,xxlarge_32_64,xxlarge_64_128,32,64
vm_00965,sub_011,dep_0085,1709800474,,Delay-Insensitive,large_8_16,large_16_32,8,16
vm_00966,sub_040,dep_0066,1677976612,,Interactive,large_8_16,xlarge_32_64,8,32
vm_00967,sub_033,dep_0137,1680454647,,Interactive,large_8_16,xxlarge_64_128,8,64
vm_00968,sub_012,dep_0069,1690919509,,Interactive,small_2_4,xlarge_32_64,2,32
vm_00969,sub_041,dep_0104,1709645233,,Delay-Insensitive,medium_4_8,xxlarge_64_128,4,64
vm_00970,sub_009,dep_0024,1724003486,,Interactive,xxlarge_32_64,medium_8_16,32,8
vm_00971,sub_028,dep_0040,1679328087,,Delay-Insensitive,xlarge_16_32,medium_8_16,16,8
vm_00972,sub_031,dep_0073,1707165134,,Interactive,medium_4_8,medium_8_16,4,8
vm_00973,sub_041,dep_0195,1685129575,,Interactive,xlarge_16_32,small_4_8,16,4
vm_00974,sub_006,dep_0013,1726231485,,Interactive,large_8_16,xlarge_32_64,8,32
vm_00975,sub_014,dep_0041,1704515880,,Delay-Insensitive,xlarge_16_32,small_4_8,16,4
vm_00976,sub_043,dep_0091,1699749094,,Interactive,small_2_4,small_4_8,2,4
vm_00977,sub_023,dep_0106,1692317843,,Interactive,xlarge_16_32,medium_8_16,16,8
vm_00978,sub_031,dep_0124,1701042848,,Interactive,medium_4_8,medium_8_16,4,8
vm_00979,sub_010,dep_0078,1733347897,,Interactive,large_8_16,medium_8_16,8,8
vm_00980,sub_004,dep_0104,1719045195,,Interactive,xxlarge_32_64,large_16_32,32,16
vm_00981,sub_033,dep_0098,1719192537,,Interactive,large_8_16,xxlarge_64_128,8,64
vm_00982,sub_006,dep_0101,1737085088,,Delay-Insensitive,xxlarge_32_64,xxlarge_64_128,32,64
vm_00983,sub_019,dep_0054,1720334640,,Interactive,large_8_16,small_4_8,8,4
vm_00984,sub_022,dep_0184,1689283497,,Interactive,xlarge_16_32,large_16_32,16,16
vm_00985,sub_016,dep_0049,1722070887,,Interactive,medium_4_8,xlarge_32_64,4,32
vm_00986,sub_027,dep_0136,1734423944,,Interactive,xlarge_16_32,xxlarge_64_128,16,64
vm_00987,sub_019,dep_0069,1690396979,,Interactive,large_8_16,xxlarge_64_128,8,64
vm_00988,sub_043,dep_0181,1737933631,,Interactive,xxlarge_32_64,xxlarge_64_128,32,64
vm_00989,sub_014,dep_0169,1678253066,,Interactive,medium_4_8,medium_8_16,4,8
vm_00990,sub_021,dep_0046,1722903890,,Interactive,small_2_4,small_4_8,2,4
vm_00991,sub_008,dep_0008,1703161563,,Delay-Insensitive,large_8_16,medium_8_16,8,8
vm_00992,sub_035,dep_0156,1692209679,,Delay-Insensitive,xlarge_16_32,large_16_32,16,16
vm_00993,sub_034,dep_0042,1709803159,,Interactive,small_2_4,small_4_8,2,4
vm_00994,sub_009,dep_0028,1683560776,,Interactive,medium_4_8,large_16_32,4,16
vm_00995,sub_019,dep_0198,1707173703,,Interactive,xxlarge_32_64,small_4_8,32,4
vm_00996,sub_005,dep_0006,1710067893,,Interactive,large_8_16,large_16_32,8,16
vm_00997,sub_030,dep_0051,1740829826,,Interactive,large_8_16,small_4_8,8,4
vm_00998,sub_012,dep_0071,1681020160,,Delay-Insensitive,small_2_4,large_16_32,2,16
vm_00999,sub_031,dep_0028,1728522780,,Delay-Insensitive,medium_4_8,xxlarge_64_128,4,64
vm_01000,sub_005,dep_0119,1731586944,,Delay-Insensitive,small_2_4,large_16_32,2,16
vm_01001,sub_013,dep_0139,1707851422,,Interactive,large_8_16,xlarge_32_64,8,32
vm_01002,sub_028,dep_0187,1724399872,,Interactive,medium_4_8,xlarge_32_64,4,32
vm_01003,sub_010,dep_0035,1688557100,,Delay-Insensitive,xlarge_16_32,medium_8_16,16,8
vm_01004,sub_038,dep_0134,1740934130,,Interactive,large_8_16,small_4_8,8,4
vm_01005,sub_035,dep_0048,1740926018,,Interactive,medium_4_8,medium_8_16,4,8
vm_01006,sub_005,dep_0075,1687018862,,Interactive,small_2_4,medium_8_16,2,8
vm_01007,sub_000,dep_0099,1685819877,1740866140.0,Interactive,small_2_4,xlarge_32_64,2,32
vm_01008,sub_013,dep_0082,1740806487,,Interactive,xlarge_16_32,small_4_8,16,4
vm_01009,sub_000,dep_0085,1717659458,1740858049.0,Delay-Insensitive,small_2_4,medium_8_16,2,8
vm_01010,sub_009,dep_0132,1715788174,,Interactive,xxlarge_32_64,xlarge_32_64,32,32
vm_01011,sub_022,dep_0024,1703152280,,Interactive,xlarge_16_32,xlarge_32_64,16,32
vm_01012,sub_036,dep_0149,1695331450,,Interactive,small_2_4,medium_8_16,2,8
vm_01013,sub_007,dep_0062,1733840897,,Interactive,medium_4_8,small_4_8,4,4
vm_01014,sub_023,dep_0026,1720593476,,Interactive,xlarge_16_32,xlarge_32_64,16,32
vm_01015,sub_014,dep_0027,1712537975,,Delay-Insensitive,large_8_16,medium_8_16,8,8
vm_01016,sub_021,dep_0177,1680587133,,Delay-Insensitive,xlarge_16_32,xlarge_32_64,16,32
vm_01017,sub_001,dep_0027,1707349422,,Interactive,xxlarge_32_64,xlarge_32_64,32,32
vm_01018,sub_029,dep_0098,1702690468,,Interactive,xlarge_16_32,small_4_8,16,4
vm_01019,sub_015,dep_0111,1740848165,,Delay-Insensitive,large_8_16,medium_8_16,8,8
vm_01020,sub_036,dep_0005,1740939668,,Interactive,xlarge_16_32,small_4_8,16,4
vm_01021,sub_013,dep_0124,1694541357,,Interactive,medium_4_8,large_16_32,4,16
vm_01022,sub_007,dep_0116,1711756336,,Delay-Insensitive,medium_4_8,large_16_32,4,16
vm_01023,sub_001,dep_0125,1686403230,,Interactive,xlarge_16_32,xlarge_32_64,16,32
vm_01024,sub_020,dep_0004,1716384485,,Delay-Insensitive,large_8_16,xxlarge_64_128,8,64
vm_01025,sub_012,dep_0028,1712554198,1740852105.0,Interactive,medium_4_8,medium_8_16,4,8
vm_01026,sub_020,dep_0019,1705373428,,Interactive,xlarge_16_32,large_16_32,16,16
vm_01027,sub_014,dep_0026,1714385390,,Delay-Insensitive,xxlarge_32_64,large_16_32,32,16
vm_01028,sub_003,dep_0105,1732457945,,Interactive,medium_4_8,xxlarge_64_128,4,64
vm_01029,sub_034,dep_0096,1736472846,,Interactive,small_2_4,small_4_8,2,4
vm_01030,sub_043,dep_0008,1684660093,,Interactive,large_8_16,medium_8_16,8,8
vm_01031,sub_028,dep_0071,1689469470,,Interactive,xxlarge_32_64,xlarge_32_64,32,32
vm_01032,sub_041,dep_0195,1717117577,,Delay-Insensitive,large_8_16,small_4_8,8,4
vm_01033,sub_015,dep_0055,1725983776,,Interactive,xxlarge_32_64,medium_8_16,32,8
vm_01034,sub_004,dep_0090,1734515182,,Interactive,medium_4_8,medium_8_16,4,8
vm_01035,sub_014,dep_0132,1690562080,,Interactive,medium_4_8,xxlarge_64_128,4,64
vm_01036,sub_042,dep_0031,1691462726,,Interactive,large_8_16,large_16_32,8,16
vm_01037,sub_039,dep_0152,1736918926,,Interactive,medium_4_8,large_16_32,4,16
vm_01038,sub_003,dep_0067,1690532550,,Delay-Insensitive,large_8_16,xxlarge_64_128,8,64
vm_01039,sub_008,dep_0005,1702778934,,Interactive,medium_4_8,small_4_8,4,4
vm_01040,sub_016,dep_0111,1708566787,,Interactive,xxlarge_32_64,medium_8_16,32,8
vm_01041,sub_022,dep_0024,1692794700,,Interactive,xlarge_16_32,xlarge_32_64,16,32
vm_01042,sub_015,dep_0196,1728377686,,Delay-Insensitive,medium_4_8,xxlarge_64_128,4,64
vm_01043,sub_015,dep_0157,1729712511,,Delay-Insensitive,large_8_16,xxlarge_64_128,8,64
vm_01044,sub_037,dep_0074,1740822074,,Interactive,small_2_4,large_16_32,2,16
vm_01045,sub_010,dep_0119,1690068902,,Interactive,medium_4_8,small_4_8,4,4
vm_01046,sub_020,dep_0105,1683415015,,Interactive,medium_4_8,xxlarge_64_128,4,64
vm_01047,sub_025,dep_0075,1697519218,,Interactive,xlarge_16_32,small_4_8,16,4
vm_01048,sub_014,dep_0144,1724500400,1741020107.0,Interactive,large_8_16,small_4_8,8,4
vm_01049,sub_032,dep_0187,1698751438,,Interactive,xlarge_16_32,xxlarge_64_128,16,64
vm_01050,sub_028,dep_0094,1711564287,,Delay-Insensitive,xlarge_16_32,medium_8_16,16,8
vm_01051,sub_026,dep_0002,1728855913,,Interactive,medium_4_8,medium_8_16,4,8
vm_01052,sub_031,dep_0014,1694838260,,Interactive,large_8_16,medium_8_16,8,8
vm_01053,sub_019,dep_0149,1740926900,,Delay-Insensitive,large_8_16,xxlarge_64_128,8,64
vm_01054,sub_039,dep_0009,1689092203,,Interactive,large_8_16,xlarge_32_64,8,32
vm_01055,sub_020,dep_0101,1692764128,,Interactive,xlarge_16_32,xlarge_32_64,16,32
vm_01056,sub_013,dep_0140,1740805879,,Interactive,medium_4_8,medium_8_16,4,8
vm_01057,sub_000,dep_0181,1696048500,,Interactive,medium_4_8,medium_8_16,4,8
vm_01058,sub_022,dep_0058,1681411497,,Interactive,xxlarge_32_64,medium_8_16,32,8
vm_01059,sub_037,dep_0178,1694435811,,Interactive,large_8_16,xxlarge_64_128,8,64
vm_01060,sub_032,dep_0053,1712280507,,Interactive,medium_4_8,small_4_8,4,4
vm_01061,sub_035,dep_0115,1683211377,,Interactive,medium_4_8,medium_8_16,4,8
vm_01062,sub_007,dep_0162,1686663092,,Interactive,xxlarge_32_64,large_16_32,32,16
vm_01063,sub_037,dep_0005,1740830185,,Interactive,large_8_16,xlarge_32_64,8,32
vm_01064,sub_043,dep_0114,1700321274,,Delay-Insensitive,xlarge_16_32,xlarge_32_64,16,32
vm_01065,sub_000,dep_0114,1700141309,1740807654.0,Interactive,medium_4_8,xxlarge_64_128,4,64
vm_01066,sub_006,dep_0167,1683342549,,Interactive,small_2_4,xlarge_32_64,2,32
vm_01067,sub_033,dep_0103,1714009518,,Interactive,xxlarge_32_64,xxlarge_64_128,32,64
vm_01068,sub_000,dep_0114,1710709355,1740852922.0,Interactive,large_8_16,xlarge_32_64,8,32
vm_01069,sub_037,dep_0193,1737862490,,Interactive,large_8_16,large_16_32,8,16
vm_01070,sub_044,dep_0161,1707302572,,Interactive,large_8_16,small_4_8,8,4
vm_01071,sub_029,dep_0122,1706613944,,Interactive,medium_4_8,medium_8_16,4,8
vm_01072,sub_005,dep_0100,1710622159,,Delay-Insensitive,xlarge_16_32,medium_8_16,16,8
vm_01073,sub_000,dep_0039,1740940477,,Interactive,xlarge_16_32,medium_8_16,16,8
vm_01074,sub_017,dep_0083,1740813828,,Interactive,small_2_4,xxlarge_64_128,2,64
vm_01075,sub_001,dep_0025,1724815731,,Interactive,large_8_16,medium_8_16,8,8
vm_01076,sub_018,dep_0173,1719639376,,Interactive,xxlarge_32_64,small_4_8,32,4
vm_01077,sub_023,dep_0189,1715408243,,Interactive,small_2_4,medium_8_16,2,8
vm_01078,sub_013,dep_0049,1701180403,,Interactive,small_2_4,xlarge_32_64,2,32
vm_01079,sub_034,dep_0161,1678110396,,Interactive,xlarge_16_32,large_16_32,16,16
vm_01080,sub_034,dep_0042,1693991244,,Delay-Insensitive,xxlarge_32_64,medium_8_16,32,8
vm_01081,sub_022,dep_0153,1709174206,,Interactive,medium_4_8,medium_8_16,4,8
vm_01082,sub_037,dep_0067,1733455970,1740848093.0,Interactive,xlarge_16_32,large_16_32,16,16
vm_01083,sub_002,dep_0196,1716492342,,Interactive,xxlarge_32_64,small_4_8,32,4
vm_01084,sub_002,dep_0106,1680260209,,Interactive,large_8_16,xxlarge_64_128,8,64
vm_01085,sub_010,dep_0152,1684580842,,Delay-Insensitive,large_8_16,medium_8_16,8,8
vm_01086,sub_039,dep_0063,1685671856,,Interactive,medium_4_8,large_16_32,4,16
vm_01087,sub_029,dep_0196,1712087856,,Interactive,large_8_16,medium_8_16,8,8
vm_01088,sub_036,dep_0031,1729971772,,Interactive,large_8_16,large_16_32,8,16
vm_01089,sub_038,dep_0029,1690279999,,Interactive,medium_4_8,xlarge_32_64,4,32
vm_01090,sub_001,dep_0199,1701853299,,Interactive,medium_4_8,medium_8_16,4,8
vm_01091,sub_042,dep_0025,1685952109,,Interactive,small_2_4,xlarge_32_64,2,32
vm_01092,sub_002,dep_0083,1703677892,,Interactive,small_2_4,small_4_8,2,4
vm_01093,sub_022,dep_0032,1727423474,,Interactive,large_8_16,large_16_32,8,16
vm_01094,sub_044,dep_0184,1737848596,,Interactive,xlarge_16_32,small_4_8,16,4
vm_01095,sub_001,dep_0080,1715588338,1740879689.0,Interactive,xxlarge_32_64,large_16_32,32,16
vm_01096,sub_023,dep_0138,1717015088,,Interactive,medium_4_8,small_4_8,4,4
vm_01097,sub_011,dep_0140,1680377272,,Interactive,large_8_16,medium_8_16,8,8
vm_01098,sub_044,dep_0199,1705595467,,Interactive,medium_4_8,medium_8_16,4,8
vm_01099,sub_044,dep_0157,1727692791,,Interactive,large_8_16,xxlarge_64_128,8,64
vm_01100,sub_031,dep_0185,1683123324,,Interactive,large_8_16,xxlarge_64_128,8,64
vm_01101,sub_023,dep_0131,1726211641,,Interactive,medium_4_8,large_16_32,4,16
vm_01102,sub_044,dep_0019,1690873006,,Interactive,medium_4_8,medium_8_16,4,8
vm_01103,sub_023,dep_0125,1701553459,,Interactive,medium_4_8,xlarge_32_64,4,32
vm_01104,sub_031,dep_0005,1710195967,,Interactive,xxlarge_32_64,large_16_32,32,16
vm_01105,sub_027,dep_0106,1726283382,,Delay-Insensitive,large_8_16,small_4_8,8,4
vm_01106,sub_002,dep_0078,1701215878,,Interactive,medium_4_8,xlarge_32_64,4,32
vm_01107,sub_009,dep_0004,1684731347,,Interactive,xxlarge_32_64,xlarge_32_64,32,32
vm_01108,sub_041,dep_0053,1716153619,,Interactive,xxlarge_32_64,medium_8_16,32,8
vm_01109,sub_003,dep_0078,1723714605,,Delay-Insensitive,xxlarge_32_64,xxlarge_64_128,32,64
vm_01110,sub_003,dep_0154,1735169695,,Interactive,large_8_16,xlarge_32_64,8,32
vm_01111,sub_038,dep_0037,1689967706,,Delay-Insensitive,small_2_4,medium_8_16,2,8
vm_01112,sub_029,dep_0128,1705732836,,Interactive,small_2_4,xxlarge_64_128,2,64
vm_01113,sub_005,dep_0175,1699301742,,Interactive,xlarge_16_32,medium_8_16,16,8
vm_01114,sub_035,dep_0034,1689111229,,Interactive,xxlarge_32_64,large_16_32,32,16
vm_01115,sub_026,dep_0034,1713851570,,Interactive,medium_4_8,small_4_8,4,4
vm_01116,sub_021,dep_0078,1725880035,1740799507.0,Delay-Insensitive,small_2_4,large_16_32,2,16
vm_01117,sub_019,dep_0126,1740853709,,Delay-Insensitive,large_8_16,medium_8_16,8,8
vm_01118,sub_041,dep_0180,1716351439,,Interactive,large_8_16,large_16_32,8,16
vm_01119,sub_024,dep_0126,1740809386,,Interactive,small_2_4,small_4_8,2,4
vm_01120,sub_025,dep_0052,1705727819,,Interactive,xxlarge_32_64,xlarge_32_64,32,32
vm_01121,sub_025,dep_0178,1740907679,,Interactive,xlarge_16_32,small_4_8,16,4
vm_01122,sub_032,dep_0154,1721494866,,Interactive,medium_4_8,small_4_8,4,4
vm_01123,sub_007,dep_0087,1680401506,,Delay-Insensitive,large_8_16,small_4_8,8,4
vm_01124,sub_013,dep_0109,1687371354,,Delay-Insensitive,xxlarge_32_64,small_4_8,32,4
vm_01125,sub_015,dep_0123,1713591357,,Interactive,xxlarge_32_64,xxlarge_64_128,32,64
vm_01126,sub_034,dep_0025,1730994374,,Delay-Insensitive,medium_4_8,large_16_32,4,16
vm_01127,sub_009,dep_0177,1730134419,,Interactive,xxlarge_32_64,medium_8_16,32,8
vm_01128,sub_042,dep_0107,1740842394,,Delay-Insensitive,xxlarge_32_64,xlarge_32_64,32,32
vm_01129,sub_000,dep_0149,1689263000,,Interactive,xlarge_16_32,large_16_32,16,16
vm_01130,sub_026,dep_0124,1691928776,1740828777.0,Interactive,large_8_16,xxlarge_64_128,8,64
vm_01131,sub_004,dep_0105,1685115848,1740826801.0,Delay-Insensitive,xlarge_16_32,small_4_8,16,4
vm_01132,sub_024,dep_0032,1692910728,,Interactive,small_2_4,small_4_8,2,4
vm_01133,sub_032,dep_0175,1693806374,,Interactive,xxlarge_32_64,xxlarge_64_128,32,64
vm_01134,sub_017,dep_0176,1716558326,,Interactive,small_2_4,large_16_32,2,16
vm_01135,sub_029,dep_0073,1693597185,,Delay-Insensitive,xlarge_16_32,small_4_8,16,4
vm_01136,sub_004,dep_0120,1723684347,,Interactive,medium_4_8,large_16_32,4,16
vm_01137,sub_005,dep_0108,1686748573,,Delay-Insensitive,large_8_16,xlarge_32_64,8,32
vm_01138,sub_009,dep_0001,1740943794,1740963990.0,Interactive,large_8_16,large_16_32,8,16
vm_01139,sub_036,dep_0092,1727470061,,Delay-Insensitive,small_2_4,medium_8_16,2,8
vm_01140,sub_019,dep_0105,1716700967,,Interactive,small_2_4,large_16_32,2,16
vm_01141,sub_017,dep_0052,1691697131,,Delay-Insensitive,large_8_16,small_4_8,8,4
vm_01142,sub_044,dep_0017,1740864186,,Interactive,small_2_4,small_4_8,2,4
vm_01143,sub_021,dep_0004,1718101052,,Delay-Insensitive,small_2_4,xxlarge_64_128,2,64
vm_01144,sub_023,dep_0072,1678686274,,Interactive,large_8_16,small_4_8,8,4
vm_01145,sub_013,dep_0011,1702896612,,Delay-Insensitive,xxlarge_32_64,small_4_8,32,4
vm_01146,sub_030,dep_0124,1709966948,,Interactive,xlarge_16_32,large_16_32,16,16
vm_01147,sub_005,dep_0046,1710247070,,Interactive,small_2_4,small_4_8,2,4
vm_01148,sub_009,dep_0078,1695872782,1740815947.0,Delay-Insensitive,xlarge_16_32,medium_8_16,16,8
vm_01149,sub_037,dep_0040,1717856994,,Interactive,xlarge_16_32,xxlarge_64_128,16,64
vm_01150,sub_040,dep_0061,1740899244,,Delay-Insensitive,medium_4_8,medium_8_16,4,8
vm_01151,sub_039,dep_0133,1719053636,,Interactive,medium_4_8,small_4_8,4,4
vm_01152,sub_027,dep_0170,1682581901,,Interactive,medium_4_8,xxlarge_64_128,4,64
vm_01153,sub_019,dep_0196,1734981053,,Delay-Insensitive,small_2_4,medium_8_16,2,8
vm_01154,sub_005,dep_0189,1740943788,,Interactive,xxlarge_32_64,small_4_8,32,4
vm_01155,sub_032,dep_0003,1740879857,1741021186.0,Interactive,small_2_4,small_4_8,2,4
vm_01156,sub_035,dep_0192,1683753869,,Interactive,xlarge_16_32,xxlarge_64_128,16,64
vm_01157,sub_028,dep_0181,1700819400,,Interactive,medium_4_8,xlarge_32_64,4,32
vm_01158,sub_013,dep_0102,1740902010,,Delay-Insensitive,medium_4_8,xlarge_32_64,4,32
vm_01159,sub_019,dep_0179,1678651142,,Interactive,large_8_16,small_4_8,8,4
vm_01160,sub_040,dep_0011,1690841927,,Delay-Insensitive,small_2_4,small_4_8,2,4
vm_01161,sub_022,dep_0136,1713807165,,Interactive,xlarge_16_32,medium_8_16,16,8
vm_01162,sub_004,dep_0197,1710685881,,Interactive,large_8_16,medium_8_16,8,8
vm_01163,sub_022,dep_0101,1683648542,,Interactive,large_8_16,large_16_32,8,16
vm_01164,sub_000,dep_0157,1695314225,,Interactive,xlarge_16_32,large_16_32,16,16
vm_01165,sub_027,dep_0140,1740792543,,Interactive,xxlarge_32_64,small_4_8,32,4
vm_01166,sub_014,dep_0138,1679039872,,Interactive,large_8_16,small_4_8,8,4
vm_01167,sub_009,dep_0158,1735739208,,Interactive,xxlarge_32_64,xxlarge_64_128,32,64
vm_01168,sub_044,dep_0139,1728091200,,Interactive,large_8_16,large_16_32,8,16
vm_01169,sub_028,dep_0102,1691528373,,Interactive,xxlarge_32_64,xlarge_32_64,32,32
vm_01170,sub_021,dep_0053,1717117464,,Delay-Insensitive,xlarge_16_32,xxlarge_64_128,16,64
vm_01171,sub_025,dep_0090,1740955318,,Delay-Insensitive,medium_4_8,large_16_32,4,16
vm_01172,sub_030,dep_0081,1717903321,,Delay-Insensitive,xlarge_16_32,xxlarge_64_128,16,64
vm_01173,sub_013,dep_0116,1713497939,,Interactive,medium_4_8,large_16_32,4,16
vm_01174,sub_007,dep_0198,1680153251,,Interactive,medium_4_8,small_4_8,4,4
vm_01175,sub_025,dep_0074,1707382172,,Interactive,large_8_16,xlarge_32_64,8,32
vm_01176,sub_010,dep_0152,1722306398,,Interactive,medium_4_8,xlarge_32_64,4,32
vm_01177,sub_025,dep_0172,1691679324,,Interactive,small_2_4,xlarge_32_64,2,32
vm_01178,sub_005,dep_0184,1683657502,,Interactive,xlarge_16_32,xxlarge_64_128,16,64
vm_01179,sub_003,dep_0164,1711695167,,Interactive,xlarge_16_32,xxlarge_64_128,16,64
vm_01180,sub_019,dep_0156,1736019620,,Interactive,small_2_4,large_16_32,2,16
vm_01181,sub_038,dep_0128,1690610826,,Delay-Insensitive,large_8_16,medium_8_16,8,8
vm_01182,sub_040,dep_0184,1726404345,,Interactive,large_8_16,xxlarge_64_128,8,64
vm_01183,sub_037,dep_0070,1736502573,,Delay-Insensitive,large_8_16,large_16_32,8,16
vm_01184,sub_000,dep_0024,1720460729,,Delay-Insensitive,xlarge_16_32,medium_8_16,16,8
vm_01185,sub_042,dep_0061,1735037240,1740962810.0,Delay-Insensitive,medium_4_8,large_16_32,4,16
vm_01186,sub_003,dep_0152,1685357469,,Interactive,xlarge_16_32,large_16_32,16,16
vm_01187,sub_043,dep_0183,1686347116,,Interactive,xxlarge_32_64,medium_8_16,32,8
vm_01188,sub_036,dep_0082,1695080227,,Interactive,xxlarge_32_64,medium_8_16,32,8
vm_01189,sub_017,dep_0193,1735392760,,Interactive,small_2_4,medium_8_16,2,8
vm_01190,sub_023,dep_0156,1708959227,,Delay-Insensitive,small_2_4,xlarge_32_64,2,32
vm_01191,sub_026,dep_0120,1686108110,,Interactive,xxlarge_32_64,small_4_8,32,4
vm_01192,sub_030,dep_0091,1704683883,,Interactive,medium_4_8,small_4_8,4,4
vm_01193,sub_044,dep_0184,1703751566,,Interactive,xxlarge_32_64,medium_8_16,32,8
vm_01194,sub_016,dep_0018,1740819293,,Interactive,xlarge_16_32,large_16_32,16,16
vm_01195,sub_032,dep_0062,1722729997,,Interactive,large_8_16,medium_8_16,8,8
vm_01196,sub_012,dep_0023,1733969800,1740787976.0,Delay-Insensitive,medium_4_8,xlarge_32_64,4,32
vm_01197,sub_008,dep_0116,1695666547,,Interactive,large_8_16,small_4_8,8,4
vm_01198,sub_010,dep_0009,1720548884,,Interactive,xlarge_16_32,xlarge_32_64,16,32
vm_01199,sub_033,dep_0092,1730498660,,Interactive,xlarge_16_32,xlarge_32_64,16,32
vm_01200,sub_044,dep_0052,1686297889,1740795864.0,Interactive,xxlarge_32_64,large_16_32,32,16
vm_01201,sub_034,dep_0106,1735216954,,Interactive,xxlarge_32_64,small_4_8,32,4
vm_01202,sub_016,dep_0158,1718272350,1740957242.0,Interactive,xxlarge_32_64,small_4_8,32,4
vm_01203,sub_019,dep_0020,1698333014,,Interactive,medium_4_8,large_16_32,4,16
vm_01204,sub_003,dep_0172,1727144458,,Interactive,xlarge_16_32,xlarge_32_64,16,32
vm_01205,sub_015,dep_0037,1681031590,,Interactive,medium_4_8,xlarge_32_64,4,32
vm_01206,sub_044,dep_0139,1681105319,,Interactive,small_2_4,large_16_32,2,16
vm_01207,sub_041,dep_0062,1740956610,1740998826.0,Delay-Insensitive,large_8_16,xlarge_32_64,8,32
vm_01208,sub_003,dep_0038,1688984555,,Interactive,large_8_16,xxlarge_64_128,8,64
vm_01209,sub_013,dep_0156,1690156337,,Interactive,medium_4_8,small_4_8,4,4
vm_01210,sub_001,dep_0042,1719708725,,Interactive,small_2_4,small_4_8,2,4
vm_01211,sub_023,dep_0026,1725500431,,Interactive,xlarge_16_32,medium_8_16,16,8
vm_01212,sub_031,dep_0122,1740836787,,Delay-Insensitive,medium_4_8,xxlarge_64_128,4,64
vm_01213,sub_016,dep_0083,1715436872,,Delay-Insensitive,xlarge_16_32,xxlarge_64_128,16,64
vm_01214,sub_021,dep_0032,1722504358,,Delay-Insensitive,small_2_4,medium_8_16,2,8
vm_01215,sub_001,dep_0041,1714299113,,Delay-Insensitive,large_8_16,xxlarge_64_128,8,64
vm_01216,sub_022,dep_0191,1740921971,,Interactive,small_2_4,medium_8_16,2,8
vm_01217,sub_041,dep_0120,1740865465,,Delay-Insensitive,xlarge_16_32,medium_8_16,16,8
vm_01218,sub_008,dep_0112,1680912085,,Interactive,xlarge_16_32,xlarge_32_64,16,32
vm_01219,sub_015,dep_0098,1730976149,,Delay-Insensitive,medium_4_8,xxlarge_64_128,4,64
vm_01220,sub_018,dep_0005,1740883850,,Interactive,large_8_16,xxlarge_64_128,8,64
vm_01221,sub_037,dep_0062,1713736717,,Interactive,large_8_16,large_16_32,8,16
vm_01222,sub_023,dep_0152,1716336410,,Interactive,xxlarge_32_64,small_4_8,32,4
vm_01223,sub_011,dep_0020,1703140166,,Interactive,large_8_16,xlarge_32_64,8,32
vm_01224,sub_038,dep_0118,1714788480,,Interactive,large_8_16,xlarge_32_64,8,32
vm_01225,sub_000,dep_0155,1710597540,,Interactive,small_2_4,large_16_32,2,16
vm_01226,sub_026,dep_0168,1687566757,,Interactive,large_8_16,medium_8_16,8,8
vm_01227,sub_044,dep_0098,1724048608,,Interactive,xlarge_16_32,medium_8_16,16,8
vm_01228,sub_000,dep_0117,1683226498,,Interactive,xlarge_16_32,xxlarge_64_128,16,64
vm_01229,sub_029,dep_0037,1740804117,,Interactive,xxlarge_32_64,xlarge_32_64,32,32
vm_01230,sub_038,dep_0025,1728724271,,Interactive,large_8_16,medium_8_16,8,8
vm_01231,sub_020,dep_0019,1715795400,,Delay-Insensitive,small_2_4,large_16_32,2,16
vm_01232,sub_031,dep_0123,1740956276,,Interactive,large_8_16,large_16_32,8,16
vm_01233,sub_042,dep_0115,1684292670,,Interactive,xlarge_16_32,small_4_8,16,4
vm_01234,sub_019,dep_0008,1734258088,,Interactive,large_8_16,xlarge_32_64,8,32
vm_01235,sub_041,dep_0146,1724583044,,Delay-Insensitive,xxlarge_32_64,large_16_32,32,16
vm_01236,sub_042,dep_0167,1695908687,,Interactive,small_2_4,medium_8_16,2,8
vm_01237,sub_042,dep_0185,1683318899,,Interactive,large_8_16,medium_8_16,8,8
vm_01238,sub_016,dep_0075,1718033445,,Delay-Insensitive,small_2_4,xlarge_32_64,2,32
vm_01239,sub_016,dep_0155,1740794244,,Interactive,xxlarge_32_64,small_4_8,32,4
vm_01240,sub_008,dep_0164,1740899475,,Interactive,xlarge_16_32,xxlarge_64_128,16,64
vm_01241,sub_034,dep_0032,1711756840,,Interactive,medium_4_8,large_16_32,4,16
vm_01242,sub_041,dep_0051,1717752063,,Interactive,medium_4_8,xlarge_32_64,4,32
vm_01243,sub_023,dep_0103,1724882848,,Interactive,xxlarge_32_64,small_4_8,32,4
vm_01244,sub_011,dep_0068,1685495766,,Interactive,xxlarge_32_64,medium_8_16,32,8
vm_01245,sub_017,dep_0157,1682630032,,Interactive,small_2_4,medium_8_16,2,8
vm_01246,sub_010,dep_0118,1740855086,,Delay-Insensitive,xlarge_16_32,small_4_8,16,4
vm_01247,sub_025,dep_0056,1723680146,,Interactive,xxlarge_32_64,xxlarge_64_128,32,64
vm_01248,sub_005,dep_0185,1707376557,,Interactive,medium_4_8,xxlarge_64_128,4,64
vm_01249,sub_030,dep_0009,1726743566,,Interactive,large_8_16,xlarge_32_64,8,32
vm_01250,sub_020,dep_0089,1706797094,,Delay-Insensitive,small_2_4,small_4_8,2,4
vm_01251,sub_026,dep_0198,1695734082,,Interactive,small_2_4,xxlarge_64_128,2,64
vm_01252,sub_006,dep_0194,1740897342,,Interactive,medium_4_8,xxlarge_64_128,4,64
vm_01253,sub_038,dep_0024,1694124782,,Interactive,medium_4_8,medium_8_16,4,8
vm_01254,sub_009,dep_0053,1690802029,,Delay-Insensitive,large_8_16,xxlarge_64_128,8,64
vm_01255,sub_029,dep_0108,1740862503,,Interactive,small_2_4,small_4_8,2,4
vm_01256,sub_014,dep_0104,1684142047,,Delay-Insensitive,medium_4_8,xxlarge_64_128,4,64
vm_01257,sub_044,dep_0005,1740817815,,Interactive,xxlarge_32_64,small_4_8,32,4
vm_01258,sub_017,dep_0025,1733773396,1740921637.0,Interactive,xxlarge_32_64,xlarge_32_64,32,32
vm_01259,sub_027,dep_0049,1696596123,,Interactive,small_2_4,small_4_8,2,4
vm_01260,sub_037,dep_0185,1692825085,,Interactive,large_8_16,medium_8_16,8,8
vm_01261,sub_038,dep_0097,1726425284,,Delay-Insensitive,xlarge_16_32,xxlarge_64_128,16,64
vm_01262,sub_016,dep_0170,1698184724,,Interactive,xlarge_16_32,xlarge_32_64,16,32
vm_01263,sub_004,dep_0100,1709618395,,Delay-Insensitive,xlarge_16_32,large_16_32,16,16
vm_01264,sub_015,dep_0196,1740798893,,Interactive,small_2_4,large_16_32,2,16
vm_01265,sub_038,dep_0134,1737674773,,Delay-Insensitive,xlarge_16_32,xlarge_32_64,16,32
vm_01266,sub_017,dep_0115,1729264689,,Interactive,small_2_4,medium_8_16,2,8
vm_01267,sub_004,dep_0194,1696358038,,Interactive,large_8_16,large_16_32,8,16
vm_01268,sub_009,dep_0071,1678478931,,Delay-Insensitive,medium_4_8,small_4_8,4,4
vm_01269,sub_041,dep_0012,1712273622,,Delay-Insensitive,xxlarge_32_64,xlarge_32_64,32,32
vm_01270,sub_025,dep_0154,1737434436,,Delay-Insensitive,xlarge_16_32,medium_8_16,16,8
vm_01271,sub_012,dep_0136,1733339846,,Interactive,large_8_16,xxlarge_64_128,8,64
vm_01272,sub_007,dep_0066,1709251084,,Delay-Insensitive,small_2_4,large_16_32,2,16
vm_01273,sub_008,dep_0004,1707310593,,Interactive,xlarge_16_32,medium_8_16,16,8
vm_01274,sub_008,dep_0128,1693446328,,Interactive,large_8_16,xxlarge_64_128,8,64
vm_01275,sub_031,dep_0180,1684032869,,Interactive,xlarge_16_32,large_16_32,16,16
vm_01276,sub_005,dep_0109,1740936822,,Interactive,medium_4_8,large_16_32,4,16
vm_01277,sub_011,dep_0127,1705006626,,Interactive,medium_4_8,large_16_32,4,16
vm_01278,sub_019,dep_0025,1714699288,,Interactive,small_2_4,xxlarge_64_128,2,64
vm_01279,sub_014,dep_0116,1727799185,,Interactive,large_8_16,large_16_32,8,16
vm_01280,sub_020,dep_0083,1716137386,,Interactive,small_2_4,xlarge_32_64,2,32
vm_01281,sub_019,dep_0100,1740917966,,Interactive,small_2_4,xlarge_32_64,2,32
vm_01282,sub_037,dep_0059,1740955941,,Interactive,large_8_16,xxlarge_64_128,8,64
vm_01283,sub_028,dep_0058,1696720917,,Delay-Insensitive,xlarge_16_32,xxlarge_64_128,16,64
vm_01284,sub_010,dep_0056,1727327760,1740873750.0,Interactive,xlarge_16_32,xxlarge_64_128,16,64
vm_01285,sub_024,dep_0112,1719544252,,Delay-Insensitive,xlarge_16_32,xxlarge_64_128,16,64
vm_01286,sub_020,dep_0129,1737717556,,Delay-Insensitive,medium_4_8,small_4_8,4,4
vm_01287,sub_042,dep_0143,1713472425,,Interactive,medium_4_8,large_16_32,4,16
vm_01288,sub_019,dep_0124,1713231787,1740820226.0,Interactive,xlarge_16_32,large_16_32,16,16
vm_01289,sub_012,dep_0194,1681228931,,Interactive,xlarge_16_32,xxlarge_64_128,16,64
vm_01290,sub_029,dep_0006,1740881019,,Interactive,medium_4_8,xxlarge_64_128,4,64
vm_01291,sub_000,dep_0077,1687169098,,Interactive,xxlarge_32_64,medium_8_16,32,8
vm_01292,sub_036,dep_0158,1724337319,,Interactive,xlarge_16_32,medium_8_16,16,8
vm_01293,sub_036,dep_0162,1690199360,,Interactive,small_2_4,large_16_32,2,16
vm_01294,sub_034,dep_0102,1715415968,,Interactive,large_8_16,xxlarge_64_128,8,64
vm_01295,sub_040,dep_0080,1695329024,,Interactive,xxlarge_32_64,small_4_8,32,4
vm_01296,sub_041,dep_0072,1729523320,,Delay-Insensitive,xlarge_16_32,large_16_32,16,16
vm_01297,sub_015,dep_0055,1728401290,,Interactive,small_2_4,xlarge_32_64,2,32
vm_01298,sub_012,dep_0155,1718226089,,Interactive,medium_4_8,xxlarge_64_128,4,64
vm_01299,sub_044,dep_0110,1740884352,,Delay-Insensitive,large_8_16,small_4_8,8,4
vm_01300,sub_018,dep_0010,1740872055,,Interactive,medium_4_8,medium_8_16,4,8
vm_01301,sub_019,dep_0007,1692907063,,Delay-Insensitive,xxlarge_32_64,xxlarge_64_128,32,64
vm_01302,sub_005,dep_0148,1689038096,,Interactive,small_2_4,xlarge_32_64,2,32
vm_01303,sub_038,dep_0068,1737743789,,Interactive,small_2_4,large_16_32,2,16
vm_01304,sub_029,dep_0071,1693510775,,Interactive,xxlarge_32_64,large_16_32,32,16
vm_01305,sub_039,dep_0147,1690308653,,Delay-Insensitive,xlarge_16_32,medium_8_16,16,8
vm_01306,sub_039,dep_0110,1680464488,,Interactive,xxlarge_32_64,medium_8_16,32,8
vm_01307,sub_015,dep_0125,1710662543,,Interactive,large_8_16,xxlarge_64_128,8,64
vm_01308,sub_028,dep_0052,1740822629,1740923169.0,Delay-Insensitive,large_8_16,large_16_32,8,16
vm_01309,sub_023,dep_0169,1719594732,1740925712.0,Interactive,large_8_16,large_16_32,8,16
vm_01310,sub_028,dep_0116,1679959771,,Interactive,medium_4_8,large_16_32,4,16
vm_01311,sub_037,dep_0129,1733538980,,Delay-Insensitive,small_2_4,medium_8_16,2,8
vm_01312,sub_013,dep_0092,1726023631,,Interactive,xxlarge_32_64,large_16_32,32,16
vm_01313,sub_011,dep_0030,1693124938,,Interactive,xlarge_16_32,small_4_8,16,4
vm_01314,sub_028,dep_0076,1680396656,,Interactive,xxlarge_32_64,small_4_8,32,4
vm_01315,sub_028,dep_0135,1681580086,,Interactive,xlarge_16_32,small_4_8,16,4
vm_01316,sub_018,dep_0047,1740831348,,Interactive,xxlarge_32_64,medium_8_16,32,8
vm_01317,sub_029,dep_0052,1699663146,,Interactive,large_8_16,xxlarge_64_128,8,64
vm_01318,sub_008,dep_0063,1707056407,1741043707.0,Interactive,small_2_4,small_4_8,2,4
vm_01319,sub_020,dep_0060,1713052684,,Interactive,xlarge_16_32,xlarge_32_64,16,32
vm_01320,sub_006,dep_0037,1730957343,,Delay-Insensitive,medium_4_8,large_16_32,4,16
vm_01321,sub_012,dep_0068,1715248005,,Interactive,xxlarge_32_64,large_16_32,32,16
vm_01322,sub_010,dep_0177,1710563243,,Interactive,xxlarge_32_64,large_16_32,32,16
vm_01323,sub_005,dep_0007,1715923771,,Interactive,xlarge_16_32,xxlarge_64_128,16,64
vm_01324,sub_027,dep_0155,1696238920,,Interactive,xlarge_16_32,xlarge_32_64,16,32
vm_01325,sub_004,dep_0165,1691558656,1740853697.0,Delay-Insensitive,xlarge_16_32,small_4_8,16,4
vm_01326,sub_035,dep_0043,1731843243,,Interactive,small_2_4,small_4_8,2,4
vm_01327,sub_022,dep_0042,1731368124,,Interactive,small_2_4,medium_8_16,2,8
vm_01328,sub_007,dep_0070,1704030320,1740797273.0,Interactive,small_2_4,large_16_32,2,16
vm_01329,sub_016,dep_0039,1714863576,1740788222.0,Interactive,medium_4_8,xlarge_32_64,4,32
vm_01330,sub_022,dep_0058,1720610409,,Interactive,xxlarge_32_64,small_4_8,32,4
vm_01331,sub_042,dep_0072,1678305439,,Interactive,xlarge_16_32,xxlarge_64_128,16,64
vm_01332,sub_034,dep_0150,1680138091,,Interactive,large_8_16,medium_8_16,8,8
vm_01333,sub_030,dep_0034,1699516025,,Interactive,large_8_16,xlarge_32_64,8,32
vm_01334,sub_038,dep_0158,1691045592,,Interactive,xlarge_16_32,large_16_32,16,16
vm_01335,sub_039,dep_0047,1690474901,,Interactive,large_8_16,xxlarge_64_128,8,64
vm_01336,sub_036,dep_0053,1683027550,1740941563.0,Interactive,small_2_4,medium_8_16,2,8
vm_01337,sub_044,dep_0124,1682617192,,Interactive,xlarge_16_32,large_16_32,16,16
vm_01338,sub_002,dep_0035,1697115073,,Interactive,small_2_4,large_16_32,2,16
vm_01339,sub_026,dep_0114,1720241556,,Interactive,medium_4_8,xxlarge_64_128,4,64
vm_01340,sub_019,dep_0065,1724217490,,Interactive,xxlarge_32_64,small_4_8,32,4
vm_01341,sub_033,dep_0075,1704597437,,Delay-Insensitive,medium_4_8,xxlarge_64_128,4,64
vm_01342,sub_042,dep_0056,1729990837,,Interactive,large_8_16,medium_8_16,8,8
vm_01343,sub_001,dep_0052,1690688061,,Interactive,medium_4_8,xlarge_32_64,4,32
vm_01344,sub_026,dep_0189,1678185950,,Delay-Insensitive,xxlarge_32_64,medium_8_16,32,8
vm_01345,sub_040,dep_0017,1693895969,,Interactive,large_8_16,xlarge_32_64,8,32
vm_01346,sub_023,dep_0191,1684988701,,Interactive,large_8_16,xxlarge_64_128,8,64
vm_01347,sub_004,dep_0169,1705015662,,Interactive,small_2_4,small_4_8,2,4
vm_01348,sub_000,dep_0035,1693972345,,Interactive,medium_4_8,medium_8_16,4,8
vm_01349,sub_026,dep_0044,1737081365,,Interactive,xxlarge_32_64,large_16_32,32,16
vm_01350,sub_032,dep_0119,1714549951,,Delay-Insensitive,large_8_16,medium_8_16,8,8
vm_01351,sub_011,dep_0112,1740953829,,Interactive,medium_4_8,xxlarge_64_128,4,64
vm_01352,sub_017,dep_0018,1702151503,,Interactive,medium_4_8,large_16_32,4,16
vm_01353,sub_001,dep_0154,1728157164,1741013936.0,Interactive,large_8_16,xlarge_32_64,8,32
vm_01354,sub_007,dep_0029,1701712672,,Interactive,xxlarge_32_64,xxlarge_64_128,32,64
vm_01355,sub_031,dep_0009,1736702832,,Delay-Insensitive,xlarge_16_32,small_4_8,16,4
vm_01356,sub_031,dep_0043,1733283695,,Interactive,large_8_16,small_4_8,8,4
vm_01357,sub_039,dep_0035,1723747076,,Interactive,medium_4_8,large_16_32,4,16
vm_01358,sub_042,dep_0182,1717849055,,Interactive,small_2_4,xlarge_32_64,2,32
vm_01359,sub_012,dep_0124,1724005061,,Delay-Insensitive,large_8_16,xlarge_32_64,8,32
vm_01360,sub_009,dep_0180,1681130346,,Interactive,xxlarge_32_64,medium_8_16,32,8
vm_01361,sub_027,dep_0093,1737772086,,Interactive,xlarge_16_32,medium_8_16,16,8
vm_01362,sub_027,dep_0002,1685406336,,Interactive,xxlarge_32_64,medium_8_16,32,8
vm_01363,sub_019,dep_0060,1680225148,1740940800.0,Delay-Insensitive,small_2_4,large_16_32,2,16
vm_01364,sub_022,dep_0139,1734024936,,Interactive,xxlarge_32_64,medium_8_16,32,8
vm_01365,sub_013,dep_0095,1724265498,,Interactive,medium_4_8,large_16_32,4,16
vm_01366,sub_025,dep_0000,1715687538,,Delay-Insensitive,medium_4_8,xlarge_32_64,4,32
vm_01367,sub_025,dep_0030,1709045840,,Interactive,xxlarge_32_64,medium_8_16,32,8
vm_01368,sub_038,dep_0078,1682981327,,Interactive,small_2_4,xlarge_32_64,2,32
vm_01369,sub_001,dep_0144,1733183018,,Delay-Insensitive,small_2_4,medium_8_16,2,8
vm_01370,sub_022,dep_0119,1703748572,,Interactive,xlarge_16_32,xxlarge_64_128,16,64
vm_01371,sub_017,dep_0182,1731234057,,Interactive,xxlarge_32_64,xxlarge_64_128,32,64
vm_01372,sub_013,dep_0092,1740861192,,Interactive,small_2_4,small_4_8,2,4
vm_01373,sub_029,dep_0001,1735936845,1740913939.0,Delay-Insensitive,xlarge_16_32,xxlarge_64_128,16,64
vm_01374,sub_001,dep_0169,1698496565,,Interactive,xxlarge_32_64,large_16_32,32,16
vm_01375,sub_004,dep_0078,1679274585,,Delay-Insensitive,xlarge_16_32,medium_8_16,16,8
vm_01376,sub_040,dep_0165,1740892315,,Interactive,large_8_16,medium_8_16,8,8
vm_01377,sub_015,dep_0103,1688179317,1740880557.0,Interactive,xlarge_16_32,small_4_8,16,4
vm_01378,sub_014,dep_0112,1710227197,,Interactive,xxlarge_32_64,medium_8_16,32,8
vm_01379,sub_016,dep_0003,1695404840,,Interactive,xxlarge_32_64,small_4_8,32,4
vm_01380,sub_021,dep_0017,1740857820,,Interactive,medium_4_8,small_4_8,4,4
vm_01381,sub_041,dep_0040,1716008144,,Interactive,large_8_16,xlarge_32_64,8,32
vm_01382,sub_008,dep_0157,1740935291,,Interactive,xxlarge_32_64,xxlarge_64_128,32,64
vm_01383,sub_030,dep_0129,1695008021,,Interactive,medium_4_8,medium_8_16,4,8
vm_01384,sub_015,dep_0163,1697257847,,Interactive,medium_4_8,small_4_8,4,4
vm_01385,sub_016,dep_0179,1703300422,,Interactive,xxlarge_32_64,medium_8_16,32,8
vm_01386,sub_033,dep_0084,1722089369,,Interactive,medium_4_8,large_16_32,4,16
vm_01387,sub_010,dep_0163,1733153206,,Interactive,medium_4_8,small_4_8,4,4
vm_01388,sub_007,dep_0096,1679522598,,Interactive,large_8_16,medium_8_16,8,8
vm_01389,sub_020,dep_0181,1706178911,,Interactive,xxlarge_32_64,xlarge_32_64,32,32
vm_01390,sub_018,dep_0169,1708096311,,Delay-Insensitive,medium_4_8,xlarge_32_64,4,32
vm_01391,sub_027,dep_0157,1701870552,,Interactive,xxlarge_32_64,xlarge_32_64,32,32
vm_01392,sub_017,dep_0056,1680226462,,Interactive,xxlarge_32_64,large_16_32,32,16
vm_01393,sub_018,dep_0139,1730857477,1740939430.0,Interactive,small_2_4,xlarge_32_64,2,32
vm_01394,sub_019,dep_0140,1701585969,,Interactive,xlarge_16_32,medium_8_16,16,8
vm_01395,sub_002,dep_0073,1694764526,,Interactive,medium_4_8,xxlarge_64_128,4,64
vm_01396,sub_043,dep_0009,1726539944,,Interactive,medium_4_8,medium_8_16,4,8
vm_01397,sub_039,dep_0173,1724275553,,Interactive,xxlarge_32_64,medium_8_16,32,8
vm_01398,sub_027,dep_0181,1681529275,,Interactive,medium_4_8,large_16_32,4,16
vm_01399,sub_018,dep_0180,1697244270,,Interactive,small_2_4,medium_8_16,2,8
vm_01400,sub_001,dep_0124,1717848287,,Delay-Insensitive,small_2_4,large_16_32,2,16
vm_01401,sub_034,dep_0121,1740917427,,Interactive,small_2_4,medium_8_16,2,8
vm_01402,sub_023,dep_0141,1681476942,,Interactive,xlarge_16_32,large_16_32,16,16
vm_01403,sub_021,dep_0032,1723360443,,Interactive,large_8_16,medium_8_16,8,8
vm_01404,sub_037,dep_0185,1691241585,,Delay-Insensitive,medium_4_8,medium_8_16,4,8
vm_01405,sub_019,dep_0021,1681012898,,Interactive,large_8_16,small_4_8,8,4
vm_01406,sub_035,dep_0027,1740789940,,Interactive,xxlarge_32_64,xxlarge_64_128,32,64
vm_01407,sub_040,dep_0199,1696625062,,Interactive,xxlarge_32_64,small_4_8,32,4
vm_01408,sub_035,dep_0153,1699422733,,Interactive,medium_4_8,medium_8_16,4,8
vm_01409,sub_029,dep_0192,1716382716,,Interactive,xxlarge_32_64,medium_8_16,32,8
vm_01410,sub_016,dep_0095,1679945347,,Interactive,large_8_16,small_4_8,8,4
vm_01411,sub_026,dep_0140,1688080524,,Interactive,large_8_16,small_4_8,8,4
vm_01412,sub_040,dep_0120,1725909876,,Delay-Insensitive,small_2_4,medium_8_16,2,8
vm_01413,sub_007,dep_0142,1695520392,,Delay-Insensitive,large_8_16,xlarge_32_64,8,32
vm_01414,sub_002,dep_0185,1723055808,,Interactive,large_8_16,xxlarge_64_128,8,64
vm_01415,sub_014,dep_0196,1735473275,1740891918.0,Interactive,xxlarge_32_64,small_4_8,32,4
vm_01416,sub_008,dep_0020,1709382390,,Delay-Insensitive,xxlarge_32_64,large_16_32,32,16
vm_01417,sub_018,dep_0160,1681565742,,Delay-Insensitive,xxlarge_32_64,large_16_32,32,16
vm_01418,sub_005,dep_0130,1714468383,,Interactive,xlarge_16_32,large_16_32,16,16
vm_01419,sub_035,dep_0093,1687184408,1740934940.0,Interactive,xxlarge_32_64,medium_8_16,32,8
vm_01420,sub_010,dep_0021,1692205483,,Delay-Insensitive,large_8_16,medium_8_16,8,8
vm_01421,sub_042,dep_0155,1740949844,,Interactive,medium_4_8,medium_8_16,4,8
vm_01422,sub_030,dep_0149,1718210762,,Interactive,small_2_4,medium_8_16,2,8
vm_01423,sub_019,dep_0009,1735087723,,Interactive,large_8_16,large_16_32,8,16
vm_01424,sub_018,dep_0000,1712793554,,Interactive,medium_4_8,xlarge_32_64,4,32
vm_01425,sub_032,dep_0126,1737939616,,Interactive,large_8_16,xxlarge_64_128,8,64
vm_01426,sub_001,dep_0085,1693777002,,Interactive,medium_4_8,xxlarge_64_128,4,64
vm_01427,sub_002,dep_0129,1696701951,,Interactive,large_8_16,medium_8_16,8,8
vm_01428,sub_028,dep_0006,1736560633,,Interactive,xlarge_16_32,medium_8_16,16,8
vm_01429,sub_009,dep_0177,1688807411,,Interactive,xlarge_16_32,large_16_32,16,16
vm_01430,sub_009,dep_0004,1686164287,,Interactive,small_2_4,xxlarge_64_128,2,64
vm_01431,sub_021,dep_0185,1710101462,,Interactive,small_2_4,xxlarge_64_128,2,64
vm_01432,sub_015,dep_0125,1723439644,1740849335.0,Interactive,xxlarge_32_64,xxlarge_64_128,32,64
vm_01433,sub_030,dep_0174,1725935531,,Delay-Insensitive,small_2_4,medium_8_16,2,8
vm_01434,sub_029,dep_0092,1697990596,,Delay-Insensitive,xxlarge_32_64,small_4_8,32,4
vm_01435,sub_031,dep_0132,1714835283,,Interactive,xlarge_16_32,large_16_32,16,16
vm_01436,sub_036,dep_0080,1680018566,,Interactive,medium_4_8,xlarge_32_64,4,32
vm_01437,sub_001,dep_0081,1709223511,,Interactive,large_8_16,xxlarge_64_128,8,64
vm_01438,sub_016,dep_0166,1729842322,,Interactive,medium_4_8,large_16_32,4,16
vm_01439,sub_034,dep_0180,1681640225,,Interactive,xlarge_16_32,large_16_32,16,16
vm_01440,sub_023,dep_0141,1727457185,,Interactive,medium_4_8,large_16_32,4,16
vm_01441,sub_023,dep_0075,1697088118,,Interactive,medium_4_8,medium_8_16,4,8
vm_01442,sub_002,dep_0027,1689749085,,Delay-Insensitive,medium_4_8,xlarge_32_64,4,32
vm_01443,sub_004,dep_0054,1740853858,1741014580.0,Interactive,xlarge_16_32,large_16_32,16,16
vm_01444,sub_027,dep_0118,1687984566,,Interactive,medium_4_8,medium_8_16,4,8
vm_01445,sub_012,dep_0195,1737023759,,Interactive,medium_4_8,small_4_8,4,4
vm_01446,sub_043,dep_0189,1681003966,,Interactive,xlarge_16_32,medium_8_16,16,8
vm_01447,sub_006,dep_0191,1722944126,,Interactive,xxlarge_32_64,xxlarge_64_128,32,64
vm_01448,sub_006,dep_0032,1740860123,1740940227.0,Delay-Insensitive,large_8_16,xxlarge_64_128,8,64
vm_01449,sub_031,dep_0116,1711288443,,Interactive,xlarge_16_32,xxlarge_64_128,16,64
vm_01450,sub_020,dep_0144,1700362641,,Interactive,xlarge_16_32,xxlarge_64_128,16,64
vm_01451,sub_036,dep_0105,1737120515,,Interactive,medium_4_8,large_16_32,4,16
vm_01452,sub_037,dep_0125,1719739551,,Delay-Insensitive,xxlarge_32_64,medium_8_16,32,8
vm_01453,sub_023,dep_0163,1731914128,1740919122.0,Interactive,xxlarge_32_64,small_4_8,32,4
vm_01454,sub_022,dep_0166,1740839270,,Interactive,small_2_4,xlarge_32_64,2,32
vm_01455,sub_039,dep_0190,1695406824,,Delay-Insensitive,medium_4_8,medium_8_16,4,8
vm_01456,sub_030,dep_0087,1720513468,,Interactive,small_2_4,large_16_32,2,16
vm_01457,sub_006,dep_0013,1731237274,1740955242.0,Interactive,large_8_16,medium_8_16,8,8
vm_01458,sub_009,dep_0028,1706652206,,Interactive,small_2_4,small_4_8,2,4
vm_01459,sub_011,dep_0064,1711209923,,Interactive,xxlarge_32_64,xlarge_32_64,32,32
vm_01460,sub_033,dep_0010,1698614203,,Interactive,small_2_4,small_4_8,2,4
vm_01461,sub_003,dep_0044,1701330960,,Interactive,small_2_4,xlarge_32_64,2,32
vm_01462,sub_008,dep_0105,1689225252,,Interactive,small_2_4,xxlarge_64_128,2,64
vm_01463,sub_041,dep_0189,1731875485,,Interactive,xlarge_16_32,xlarge_32_64,16,32
vm_01464,sub_008,dep_0105,1717274118,,Interactive,large_8_16,xxlarge_64_128,8,64
vm_01465,sub_042,dep_0031,1703738641,,Interactive,xxlarge_32_64,medium_8_16,32,8
vm_01466,sub_019,dep_0046,1681161310,,Delay-Insensitive,large_8_16,xlarge_32_64,8,32
vm_01467,sub_026,dep_0006,1729660621,,Interactive,small_2_4,small_4_8,2,4
vm_01468,sub_042,dep_0044,1693247911,,Interactive,small_2_4,xxlarge_64_128,2,64
vm_01469,sub_043,dep_0145,1692891156,,Interactive,large_8_16,xlarge_32_64,8,32
vm_01470,sub_035,dep_0059,1703647871,,Interactive,medium_4_8,xxlarge_64_128,4,64
vm_01471,sub_038,dep_0101,1684028164,,Interactive,xxlarge_32_64,xxlarge_64_128,32,64
vm_01472,sub_013,dep_0032,1710514377,,Interactive,large_8_16,small_4_8,8,4
vm_01473,sub_002,dep_0108,1710476194,,Interactive,large_8_16,xxlarge_64_128,8,64
vm_01474,sub_033,dep_0053,1722230161,1741009338.0,Interactive,medium_4_8,large_16_32,4,16
vm_01475,sub_022,dep_0185,1685531490,,Delay-Insensitive,xxlarge_32_64,xxlarge_64_128,32,64
vm_01476,sub_031,dep_0023,1723187785,,Interactive,large_8_16,small_4_8,8,4
vm_01477,sub_040,dep_0001,1680263471,,Interactive,large_8_16,xxlarge_64_128,8,64
vm_01478,sub_020,dep_0083,1734715027,,Delay-Insensitive,large_8_16,small_4_8,8,4
vm_01479,sub_003,dep_0030,1715043967,,Interactive,xlarge_16_32,medium_8_16,16,8
vm_01480,sub_012,dep_0064,1740788220,,Interactive,xlarge_16_32,small_4_8,16,4
vm_01481,sub_022,dep_0080,1690431088,,Interactive,small_2_4,xlarge_32_64,2,32
vm_01482,sub_027,dep_0169,1723693756,1740855788.0,Delay-Insensitive,xlarge_16_32,small_4_8,16,4
vm_01483,sub_016,dep_0181,1735281838,,Interactive,xxlarge_32_64,xxlarge_64_128,32,64
vm_01484,sub_008,dep_0075,1740892120,,Interactive,xxlarge_32_64,medium_8_16,32,8
vm_01485,sub_001,dep_0067,1699286937,,Delay-Insensitive,small_2_4,small_4_8,2,4
vm_01486,sub_033,dep_0160,1714986119,,Interactive,xlarge_16_32,large_16_32,16,16
vm_01487,sub_005,dep_0183,1700782231,,Delay-Insensitive,xxlarge_32_64,xxlarge_64_128,32,64
vm_01488,sub_002,dep_0104,1701666735,,Interactive,xxlarge_32_64,xxlarge_64_128,32,64
vm_01489,sub_033,dep_0187,1736938735,,Interactive,large_8_16,xxlarge_64_128,8,64
vm_01490,sub_016,dep_0113,1698764633,1741012901.0,Interactive,large_8_16,xxlarge_64_128,8,64
vm_01491,sub_010,dep_0131,1691161430,,Interactive,xlarge_16_32,large_16_32,16,16
vm_01492,sub_029,dep_0023,1715782209,,Interactive,large_8_16,small_4_8,8,4
vm_01493,sub_027,dep_0047,1715481125,,Interactive,large_8_16,large_16_32,8,16
vm_01494,sub_007,dep_0057,1725360931,1740944847.0,Interactive,xxlarge_32_64,small_4_8,32,4
vm_01495,sub_030,dep_0051,1727490760,,Interactive,medium_4_8,small_4_8,4,4
vm_01496,sub_035,dep_0062,1734768995,,Delay-Insensitive,medium_4_8,medium_8_16,4,8
vm_01497,sub_035,dep_0001,1740846264,1740846564.0,Interactive,xlarge_16_32,small_4_8,16,4
vm_01498,sub_024,dep_0036,1740908272,,Interactive,xlarge_16_32,xxlarge_64_128,16,64
vm_01499,sub_012,dep_0158,1708186470,,Interactive,medium_4_8,large_16_32,4,16
